claim,language,label,source,evidence,topic
Narendra Modi is the Prime Minister of India,en,0,official_record,Narendra Modi has served as India's Prime Minister since May 2014,politics
Vladimir Putin is the President of Russia,en,0,official_record,Vladimir Putin has served as President of Russia across multiple terms since 2000,politics
Xi Jinping is the President of China,en,0,official_record,Xi Jinping has been General Secretary of the CCP and President of China since 2013,politics
Joe Biden served as the 46th President of the United States,en,0,official_record,Joe Biden was inaugurated as the 46th US President on January 20 2021,politics
Emmanuel Macron is the President of France,en,0,official_record,Emmanuel Macron has been President of France since May 2017,politics
Olaf Scholz is the Chancellor of Germany,en,0,official_record,Olaf Scholz succeeded Angela Merkel as German Chancellor in December 2021,politics
Cyril Ramaphosa is the President of South Africa,en,0,official_record,Cyril Ramaphosa has been President of South Africa since February 2018,politics
Luiz Inácio Lula da Silva is the President of Brazil,en,0,official_record,Lula da Silva returned to the presidency of Brazil in January 2023,politics
Abdel Fattah el-Sisi is the President of Egypt,en,0,official_record,Abdel Fattah el-Sisi has been President of Egypt since 2014,politics
India is a federal parliamentary democratic republic,en,0,official_record,India's government is based on the Westminster model of parliamentary democracy,politics
The Indian Parliament consists of the Lok Sabha and the Rajya Sabha,en,0,official_record,The Lok Sabha is the lower house and the Rajya Sabha is the upper house of India's Parliament,politics
India became independent from British rule on August 15 1947,en,0,official_record,India's independence was achieved through the efforts of leaders like Gandhi and Nehru,politics
The Indian Constitution came into effect on January 26 1950,en,0,official_record,January 26 is celebrated as Republic Day in India,politics
Dr B R Ambedkar was the chairman of the drafting committee of the Indian Constitution,en,0,official_record,Ambedkar is known as the father of the Indian Constitution,politics
Jawaharlal Nehru was the first Prime Minister of India,en,0,official_record,Nehru served as India's first PM from 1947 until his death in 1964,politics
Rajendra Prasad was the first President of India,en,0,official_record,Rajendra Prasad served as India's first President from 1950 to 1962,politics
Indira Gandhi was the first female Prime Minister of India,en,0,official_record,Indira Gandhi served as PM from 1966 to 1977 and again from 1980 to 1984,politics
Mahatma Gandhi led India's nonviolent independence movement,en,0,official_record,Gandhi pioneered the philosophy of nonviolent civil disobedience called satyagraha,politics
The Indian National Congress was founded in 1885,en,0,official_record,The INC was one of the primary forces behind India's independence movement,politics
The Bharatiya Janata Party was founded in 1980,en,0,official_record,The BJP is currently the ruling party of India under Narendra Modi,politics
India has 28 states and 8 union territories,en,0,official_record,India's federal structure divides the country into states and union territories,politics
India's currency is the Indian Rupee,en,0,official_record,The Indian Rupee has the currency code INR,politics
The Reserve Bank of India is the country's central bank,en,0,official_record,The RBI was established in 1935 and manages India's monetary policy,politics
Droupadi Murmu became India's first tribal President in 2022,en,0,official_record,Droupadi Murmu was elected India's 15th President in July 2022,politics
India is the world's largest democracy,en,0,official_record,India has the largest number of eligible voters of any democratic country,politics
The Lok Sabha has 543 elected members,en,0,official_record,The Lok Sabha is directly elected by citizens and can have up to 543 elected members,politics
The Rajya Sabha has a maximum of 250 seats,en,0,official_record,The Rajya Sabha has 250 seats including 12 nominated members,politics
India's first general elections were held in 1951 to 1952,en,0,official_record,India's first general elections were the largest democratic exercise in the world at the time,politics
The Election Commission of India oversees free and fair elections,en,0,official_record,The ECI is an autonomous constitutional authority established in 1950,politics
The Constitution of India is the longest written constitution in the world,en,0,official_record,India's Constitution originally had 395 articles and 8 schedules,politics
Fundamental Rights in the Indian Constitution are guaranteed to all citizens,en,0,official_record,Part III of the Indian Constitution contains the Fundamental Rights,politics
"The Indian National Flag has three colours: saffron, white, and green",en,0,official_record,India's tricolour also features the Ashoka Chakra in blue at its centre,politics
The national emblem of India is the Lion Capital of Ashoka,en,0,official_record,The Lion Capital is adapted from the Sarnath pillar erected by Emperor Ashoka,politics
Jana Gana Mana is the national anthem of India,en,0,official_record,The national anthem was composed by Rabindranath Tagore and adopted in 1950,politics
Vande Mataram is the national song of India,en,0,official_record,Vande Mataram was composed by Bankim Chandra Chattopadhyay,politics
The tiger is the national animal of India,en,0,official_record,The Bengal tiger was declared the national animal of India in 1973,politics
The peacock is the national bird of India,en,0,official_record,The Indian peacock was declared the national bird in 1963,politics
The lotus is the national flower of India,en,0,official_record,The lotus symbolises purity and beauty in Indian culture,politics
The mango is the national fruit of India,en,0,official_record,India is the world's largest producer of mangoes,politics
The banyan tree is the national tree of India,en,0,official_record,The banyan tree is associated with immortality and found across India,politics
Sardar Vallabhbhai Patel integrated the princely states into India,en,0,official_record,Patel is known as the Iron Man of India for unifying over 500 princely states,politics
The Jallianwala Bagh massacre occurred in Amritsar in 1919,en,0,official_record,British troops fired on a peaceful gathering killing hundreds on April 13 1919,politics
The Quit India Movement was launched in 1942,en,0,official_record,Mahatma Gandhi launched the movement demanding an end to British rule,politics
India adopted Hindi and English as its official languages,en,0,official_record,The Indian Constitution recognizes Hindi and English as official languages of the Union,politics
The Indian Administrative Service is the elite civil service of India,en,0,official_record,IAS officers form the backbone of India's administrative machinery,politics
India is a nuclear-armed state,en,0,official_record,India conducted its first nuclear test in 1974 and its second series in 1998,politics
India's space program is managed by ISRO,en,0,official_record,The Indian Space Research Organisation was established in 1969,politics
India's Chandrayaan-3 made a successful lunar landing in 2023,en,0,official_record,Chandrayaan-3 landed near the Moon's south pole on August 23 2023,politics
India's Mars Orbiter Mission Mangalyaan was launched in 2013,en,0,official_record,India became the first country to reach Mars orbit on its first attempt,politics
The Panchayati Raj system is India's local self-government structure,en,0,official_record,Panchayati Raj was established by the 73rd Constitutional Amendment in 1992,politics
Manmohan Singh served as Prime Minister of India from 2004 to 2014,en,0,official_record,Singh was India's first Sikh Prime Minister,politics
P V Narasimha Rao introduced economic liberalisation in India in 1991,en,0,official_record,Rao's government opened India to foreign investment and liberalised the economy,politics
Atal Bihari Vajpayee was a former Prime Minister of India,en,0,official_record,Vajpayee served three terms as PM and oversaw the Pokhran-II nuclear tests,politics
GST in India stands for Goods and Services Tax,en,0,official_record,GST was introduced in India on July 1 2017 as a unified indirect tax,politics
NITI Aayog replaced the Planning Commission of India in 2015,en,0,official_record,NITI Aayog stands for National Institution for Transforming India,politics
India held the G20 Presidency in 2023,en,0,official_record,India's G20 theme was Vasudhaiva Kutumbakam meaning One Earth One Family One Future,politics
The Rupee symbol was adopted in 2010,en,0,official_record,The Indian Rupee symbol was designed by Udaya Kumar and officially adopted on July 15 2010,politics
India launched its first satellite Aryabhata in 1975,en,0,official_record,Aryabhata was launched with Soviet assistance on April 19 1975,politics
Article 370 granted special status to Jammu and Kashmir,en,0,official_record,Article 370 was revoked by the Indian government in August 2019,politics
Subhas Chandra Bose founded the Indian National Army,en,0,official_record,The INA fought for India's independence during World War II,politics
Bhagat Singh was executed by the British in 1931,en,0,official_record,Bhagat Singh was a revolutionary freedom fighter executed at age 23,politics
India's Supreme Court was established in 1950,en,0,official_record,The Supreme Court is the final court of appeal and guardian of the Constitution,politics
The Simla Agreement of 1972 established the Line of Control between India and Pakistan,en,0,official_record,The Simla Agreement was signed after the 1971 Indo-Pakistan war,politics
The India-Pakistan partition in 1947 caused one of history's largest mass migrations,en,0,official_record,An estimated 14 to 18 million people were displaced during the 1947 partition,politics
The United Nations was founded in 1945,en,0,official_record,The UN was established on October 24 1945 after World War II,politics
The UN Security Council has five permanent members,en,0,official_record,"The P5 are the US, UK, France, Russia, and China, each holding veto power",politics
The UN General Assembly has 193 member states,en,0,official_record,The UNGA is the main deliberative body of the United Nations,politics
NATO is a military alliance of North American and European countries,en,0,official_record,NATO was founded in 1949 and has 32 member states as of 2024,politics
The European Union has 27 member states,en,0,official_record,The EU was established by the Maastricht Treaty in 1993,politics
The G20 is a forum of the world's major economies,en,0,official_record,G20 members represent about 85 percent of global GDP,politics
The World Trade Organization regulates international trade,en,0,official_record,The WTO was established in 1995 replacing the General Agreement on Tariffs and Trade,politics
The International Monetary Fund provides financial assistance to countries,en,0,official_record,The IMF was established in 1944 and has 190 member countries,politics
The World Bank provides loans to developing countries,en,0,official_record,The World Bank focuses on reducing poverty and promoting sustainable development,politics
ASEAN is an organization of Southeast Asian nations,en,0,official_record,ASEAN was founded in 1967 and has 10 member states,politics
The African Union is a continental organization of African states,en,0,official_record,The AU was established in 2002 succeeding the Organization of African Unity,politics
The United Nations headquarters is in New York City,en,0,official_record,"The UN Headquarters has been in Manhattan, New York since 1952",politics
"NATO headquarters is located in Brussels, Belgium",en,0,official_record,NATO moved to its current Brussels building in 2018,politics
The International Criminal Court is based in The Hague,en,0,official_record,The ICC was established in 2002 to prosecute war crimes and crimes against humanity,politics
"The BRICS group includes Brazil, Russia, India, China, and South Africa",en,0,official_record,BRICS nations represent major emerging market economies,politics
The Universal Declaration of Human Rights was adopted by the UN in 1948,en,0,official_record,The UDHR was proclaimed on December 10 1948,politics
The Geneva Conventions set standards for humanitarian treatment during war,en,0,official_record,The Geneva Conventions form the basis of international humanitarian law,politics
The Red Cross is an international humanitarian organisation,en,0,official_record,The ICRC was founded in 1863 and operates in conflict zones worldwide,politics
The Paris Agreement is an international treaty on climate change,en,0,official_record,The Paris Agreement was adopted in 2015 to limit warming to well below 2°C,politics
Brexit refers to the UK's withdrawal from the European Union,en,0,official_record,The UK officially left the EU on January 31 2020,politics
The Schengen Area allows passport-free travel across 27 European countries,en,0,official_record,The Schengen Agreement was signed in 1985 and implemented in 1995,politics
The European Union uses the euro as its common currency,en,0,official_record,The eurozone consists of 20 EU member states that use the euro,politics
George Washington was the first President of the United States,en,0,official_record,Washington served two terms as US President from 1789 to 1797,history
Abraham Lincoln was the 16th President of the United States,en,0,official_record,Lincoln led the US through the Civil War and signed the Emancipation Proclamation,history
The US Declaration of Independence was signed in 1776,en,0,official_record,The Declaration was adopted by the Continental Congress on July 4 1776,history
The US Constitution was ratified in 1788,en,0,official_record,The US Constitution came into force in 1789 and is the oldest written national constitution in use,history
The French Revolution began in 1789,en,0,official_record,The French Revolution overthrew the monarchy and established the First French Republic,history
Napoleon Bonaparte became Emperor of France in 1804,en,0,official_record,Napoleon crowned himself Emperor at Notre-Dame Cathedral in Paris,history
World War I began in 1914 and ended in 1918,en,0,official_record,WWI was triggered by the assassination of Archduke Franz Ferdinand in Sarajevo,history
World War II lasted from 1939 to 1945,en,0,official_record,WWII involved most of the world's nations and resulted in over 70 million deaths,history
The Cold War was a geopolitical tension between the US and USSR,en,0,official_record,The Cold War lasted from roughly 1947 to 1991,history
The Soviet Union dissolved in 1991,en,0,official_record,The USSR formally ceased to exist on December 25 1991,history
The Berlin Wall fell in 1989,en,0,official_record,The Berlin Wall fell on November 9 1989 symbolising the end of the Cold War,history
Nelson Mandela served as South Africa's first democratically elected President,en,0,official_record,Mandela was President of South Africa from 1994 to 1999,history
Apartheid was a system of racial segregation in South Africa,en,0,official_record,Apartheid was officially dismantled in 1991 and democratic elections held in 1994,history
Pakistan was created in 1947 as a separate nation,en,0,official_record,Pakistan was formed from British India in August 1947 as a homeland for Muslims,history
Bangladesh gained independence from Pakistan in 1971,en,0,official_record,Bangladesh declared independence on March 26 1971 after a liberation war,history
Ghana was the first sub-Saharan African country to gain independence in 1957,en,0,official_record,Ghana gained independence from Britain on March 6 1957 under Kwame Nkrumah,history
South Sudan became the world's newest country in 2011,en,0,official_record,South Sudan gained independence from Sudan on July 9 2011,history
India's first satellite Aryabhata was launched in 1975,en,0,official_record,Aryabhata was India's first satellite launched with Soviet assistance,history
The capital of India is New Delhi,en,0,encyclopaedia,New Delhi is the capital territory and seat of government of India,geography
The capital of the United States is Washington D.C.,en,0,encyclopaedia,Washington D.C. has been the federal capital of the US since 1800,geography
The capital of the United Kingdom is London,en,0,encyclopaedia,London has been the capital of England and the UK for centuries,geography
The capital of France is Paris,en,0,encyclopaedia,Paris is the official capital and largest city of France,geography
The capital of Germany is Berlin,en,0,encyclopaedia,Berlin became the capital of reunified Germany in 1990,geography
The capital of Japan is Tokyo,en,0,encyclopaedia,Tokyo is the capital and most populous city of Japan,geography
The capital of China is Beijing,en,0,encyclopaedia,Beijing has been the capital of China since 1949,geography
The capital of Russia is Moscow,en,0,encyclopaedia,Moscow is the capital and largest city of Russia,geography
The capital of Brazil is Brasília,en,0,encyclopaedia,Brasília replaced Rio de Janeiro as Brazil's capital in 1960,geography
The capital of Australia is Canberra,en,0,encyclopaedia,Canberra was purpose-built as Australia's capital and inaugurated in 1927,geography
The capital of Canada is Ottawa,en,0,encyclopaedia,Ottawa has been Canada's capital since 1857,geography
The capital of Pakistan is Islamabad,en,0,encyclopaedia,Islamabad replaced Karachi as Pakistan's capital in 1958,geography
The capital of Bangladesh is Dhaka,en,0,encyclopaedia,Dhaka is the capital and largest city of Bangladesh,geography
The capital of South Africa is Pretoria,en,0,encyclopaedia,Pretoria is the executive capital of South Africa,geography
The capital of Egypt is Cairo,en,0,encyclopaedia,Cairo is the capital and largest city of Egypt,geography
The capital of Saudi Arabia is Riyadh,en,0,encyclopaedia,Riyadh is the capital and largest city of Saudi Arabia,geography
The capital of Turkey is Ankara,en,0,encyclopaedia,Ankara replaced Istanbul as Turkey's capital in 1923,geography
The capital of Nigeria is Abuja,en,0,encyclopaedia,Abuja replaced Lagos as Nigeria's capital in 1991,geography
The capital of Kenya is Nairobi,en,0,encyclopaedia,Nairobi is the capital and largest city of Kenya,geography
The capital of Indonesia is Jakarta,en,0,encyclopaedia,Jakarta was the capital of Indonesia before the planned move to Nusantara,geography
The capital of South Korea is Seoul,en,0,encyclopaedia,Seoul is the capital and largest city of South Korea,geography
The capital of Italy is Rome,en,0,encyclopaedia,Rome has been the capital of Italy since 1871,geography
The capital of Spain is Madrid,en,0,encyclopaedia,Madrid is the capital and largest city of Spain,geography
The capital of Mexico is Mexico City,en,0,encyclopaedia,Mexico City is the capital and most populous city of Mexico,geography
The capital of Argentina is Buenos Aires,en,0,encyclopaedia,Buenos Aires is the capital and largest city of Argentina,geography
The capital of Sweden is Stockholm,en,0,encyclopaedia,Stockholm is the capital and most populous city of Sweden,geography
The capital of Norway is Oslo,en,0,encyclopaedia,Oslo is the capital and most populous city of Norway,geography
The capital of Netherlands is Amsterdam,en,0,encyclopaedia,Amsterdam is the official capital of the Netherlands,geography
The capital of Poland is Warsaw,en,0,encyclopaedia,Warsaw is the capital and largest city of Poland,geography
The capital of Greece is Athens,en,0,encyclopaedia,Athens is the capital and largest city of Greece,geography
The capital of Iran is Tehran,en,0,encyclopaedia,Tehran is the capital and largest city of Iran,geography
The capital of Afghanistan is Kabul,en,0,encyclopaedia,Kabul is the capital and largest city of Afghanistan,geography
The capital of Thailand is Bangkok,en,0,encyclopaedia,Bangkok is the capital and most populous city of Thailand,geography
The capital of Malaysia is Kuala Lumpur,en,0,encyclopaedia,Kuala Lumpur is the federal capital of Malaysia,geography
The capital of Philippines is Manila,en,0,encyclopaedia,Manila is the capital city of the Philippines,geography
The capital of New Zealand is Wellington,en,0,encyclopaedia,Wellington is the capital city of New Zealand,geography
The capital of Colombia is Bogotá,en,0,encyclopaedia,Bogotá is the capital and largest city of Colombia,geography
The capital of Peru is Lima,en,0,encyclopaedia,Lima is the capital and largest city of Peru,geography
The capital of Morocco is Rabat,en,0,encyclopaedia,Rabat is the capital of Morocco,geography
The capital of Sri Lanka is Colombo,en,0,encyclopaedia,Colombo is the commercial capital and largest city of Sri Lanka,geography
The capital of Nepal is Kathmandu,en,0,encyclopaedia,Kathmandu is the capital and largest city of Nepal,geography
The capital of Myanmar is Naypyidaw,en,0,encyclopaedia,Naypyidaw replaced Yangon as Myanmar's capital in 2006,geography
The capital of Vietnam is Hanoi,en,0,encyclopaedia,Hanoi is the capital of Vietnam,geography
The capital of Ukraine is Kyiv,en,0,encyclopaedia,Kyiv is the capital and most populous city of Ukraine,geography
The capital of Israel is Jerusalem,en,0,encyclopaedia,Jerusalem is proclaimed as the capital of Israel,geography
The capital of Portugal is Lisbon,en,0,encyclopaedia,Lisbon is the capital and largest city of Portugal,geography
The capital of Austria is Vienna,en,0,encyclopaedia,Vienna is the capital and largest city of Austria,geography
The capital of Belgium is Brussels,en,0,encyclopaedia,Brussels is the capital of Belgium,geography
The capital of Switzerland is Bern,en,0,encyclopaedia,Bern is the de facto capital of Switzerland,geography
The capital of Denmark is Copenhagen,en,0,encyclopaedia,Copenhagen is the capital of Denmark,geography
The capital of Chile is Santiago,en,0,encyclopaedia,Santiago is the capital and largest city of Chile,geography
The capital of Cuba is Havana,en,0,encyclopaedia,Havana is the capital and largest city of Cuba,geography
The capital of Venezuela is Caracas,en,0,encyclopaedia,Caracas is the capital and largest city of Venezuela,geography
The capital of Ethiopia is Addis Ababa,en,0,encyclopaedia,Addis Ababa is the capital city of Ethiopia,geography
The capital of Ghana is Accra,en,0,encyclopaedia,Accra is the capital and largest city of Ghana,geography
The capital of Tanzania is Dodoma,en,0,encyclopaedia,Dodoma is the official capital of Tanzania,geography
The capital of Uganda is Kampala,en,0,encyclopaedia,Kampala is the capital and largest city of Uganda,geography
The capital of Rwanda is Kigali,en,0,encyclopaedia,Kigali is the capital and largest city of Rwanda,geography
The capital of Singapore is Singapore City,en,0,encyclopaedia,Singapore is a city-state where the capital and the country are the same,geography
The capital of Cambodia is Phnom Penh,en,0,encyclopaedia,Phnom Penh is the capital and largest city of Cambodia,geography
The capital of Ireland is Dublin,en,0,encyclopaedia,Dublin is the capital and largest city of Ireland,geography
The capital of Hungary is Budapest,en,0,encyclopaedia,Budapest is the capital and most populous city of Hungary,geography
The capital of Romania is Bucharest,en,0,encyclopaedia,Bucharest is the capital and largest city of Romania,geography
The capital of Czech Republic is Prague,en,0,encyclopaedia,Prague is the capital and largest city of the Czech Republic,geography
The capital of Finland is Helsinki,en,0,encyclopaedia,Helsinki is the capital and most populous city of Finland,geography
Water has the chemical formula H2O,en,0,science,Water consists of two hydrogen atoms covalently bonded to one oxygen atom,science
The speed of light in a vacuum is approximately 299792 kilometres per second,en,0,science,Light travels at 299792458 metres per second in a vacuum,science
The periodic table has 118 confirmed elements,en,0,science,Element 118 oganesson was officially confirmed in 2015,science
Hydrogen is the lightest and most abundant element in the universe,en,0,science,Hydrogen makes up about 75 percent of all normal matter by mass in the universe,science
Oxygen is the most abundant element in Earth's crust,en,0,science,Oxygen makes up about 46 percent of Earth's crust by mass,science
Gold has the chemical symbol Au from the Latin word aurum,en,0,science,Au is the chemical symbol for gold derived from the Latin aurum,science
Iron has the chemical symbol Fe from the Latin word ferrum,en,0,science,Fe is the chemical symbol for iron derived from the Latin ferrum,science
Silver has the chemical symbol Ag from the Latin word argentum,en,0,science,Ag is the chemical symbol for silver derived from the Latin argentum,science
Sodium has the chemical symbol Na from the Latin word natrium,en,0,science,Na is the chemical symbol for sodium derived from the Latin natrium,science
Potassium has the chemical symbol K from the Latin word kalium,en,0,science,K is the chemical symbol for potassium derived from the Latin kalium,science
Copper has the chemical symbol Cu from the Latin word cuprum,en,0,science,Cu is the chemical symbol for copper derived from the Latin cuprum,science
Lead has the chemical symbol Pb from the Latin word plumbum,en,0,science,Pb is the chemical symbol for lead derived from the Latin plumbum,science
The atomic number of hydrogen is 1,en,0,science,Hydrogen has 1 proton in its nucleus and is the simplest element,science
The atomic number of carbon is 6,en,0,science,Carbon has 6 protons in its nucleus and is the basis of all known life,science
The atomic number of oxygen is 8,en,0,science,Oxygen has 8 protons in its nucleus,science
The atomic number of gold is 79,en,0,science,Gold has 79 protons in its nucleus,science
The atomic number of uranium is 92,en,0,science,Uranium has 92 protons and is the heaviest naturally occurring element,science
Sodium chloride is the chemical name for common table salt,en,0,science,Table salt has the chemical formula NaCl,science
Carbon dioxide has the chemical formula CO2,en,0,science,CO2 consists of one carbon atom bonded to two oxygen atoms,science
Diamonds are made of carbon atoms arranged in a crystal lattice,en,0,science,Diamond is the hardest naturally occurring substance and is an allotrope of carbon,science
The pH scale measures acidity and alkalinity from 0 to 14,en,0,science,"A pH of 7 is neutral, below 7 is acidic, and above 7 is alkaline",science
Pure water has a pH of 7 making it neutral,en,0,science,Distilled water has a pH of 7 at 25 degrees Celsius,science
Ionic bonds form when atoms transfer electrons,en,0,science,Ionic bonds occur between atoms with large differences in electronegativity,science
Covalent bonds form when atoms share electrons,en,0,science,Covalent bonds are common in organic molecules,science
The periodic table was created by Dmitri Mendeleev in 1869,en,0,science,Mendeleev arranged elements by atomic mass and predicted undiscovered elements,science
Absolute zero is minus 273.15 degrees Celsius or 0 Kelvin,en,0,science,At absolute zero all molecular motion theoretically ceases,science
Water boils at 100 degrees Celsius at standard atmospheric pressure,en,0,science,Water boils at 100°C or 212°F at 1 atmosphere of pressure,science
Water freezes at 0 degrees Celsius at standard atmospheric pressure,en,0,science,Water freezes at 0°C or 32°F at standard atmospheric pressure,science
Ozone in the stratosphere protects Earth from ultraviolet radiation,en,0,science,The ozone layer absorbs most of the Sun's harmful UV radiation,science
CFCs are responsible for ozone layer depletion,en,0,science,Chlorofluorocarbons were banned by the 1987 Montreal Protocol,science
Sublimation is the transition from solid directly to gas,en,0,science,Dry ice sublimates at room temperature turning directly to CO2 gas,science
Evaporation occurs when liquid water becomes water vapour,en,0,science,Evaporation is driven by thermal energy at the surface of liquid water,science
Condensation occurs when water vapour becomes liquid water,en,0,science,Condensation releases latent heat and forms clouds and dew,science
The Earth orbits the Sun once every 365.25 days,en,0,science,Earth's orbital period averages 365.25 days leading to leap years every four years,science
The gravitational acceleration on Earth's surface is approximately 9.8 m per second squared,en,0,science,Standard gravity is defined as 9.80665 m/s² at Earth's surface,science
Sound travels faster in solids than in gases,en,0,science,Sound moves at about 5000 m/s in steel but only 343 m/s in air,science
Light travels faster than sound,en,0,science,Light travels at 300000 km/s while sound travels at 343 m/s in air,science
Sound cannot travel through a vacuum,en,0,science,Sound is a mechanical wave and requires a medium such as air or water to propagate,science
The speed of sound in air at 20 degrees Celsius is approximately 343 metres per second,en,0,science,Sound speed in air depends on temperature and humidity,science
The Law of Conservation of Energy states energy cannot be created or destroyed,en,0,science,Energy can only be converted from one form to another,science
The Law of Conservation of Mass states matter is not created or destroyed in chemical reactions,en,0,science,Total mass of reactants equals total mass of products in any chemical reaction,science
Newton's first law states an object stays at rest or in motion unless acted on by a force,en,0,science,This is also known as the law of inertia,science
Newton's second law states force equals mass times acceleration,en,0,science,F = ma is one of the most fundamental equations in classical mechanics,science
Newton's third law states every action has an equal and opposite reaction,en,0,science,This principle explains how rockets propel themselves in space,science
Electric current is measured in amperes,en,0,science,The ampere is the SI base unit of electric current,science
Voltage is measured in volts,en,0,science,Voltage is the electric potential difference between two points in a circuit,science
Resistance is measured in ohms,en,0,science,"Ohm's Law states V = IR where V is voltage, I is current, and R is resistance",science
Energy is measured in joules,en,0,science,"The joule is the SI unit of energy, work, and heat",science
Force is measured in newtons,en,0,science,One newton is the force needed to accelerate 1 kg at 1 m/s²,science
Power is measured in watts,en,0,science,One watt equals one joule of energy transferred per second,science
Mass is measured in kilograms,en,0,science,The kilogram is the base unit of mass in the SI system,science
The electromagnetic spectrum ranges from radio waves to gamma rays,en,0,science,Visible light is only a small portion of the full electromagnetic spectrum,science
The wavelength of visible light ranges from about 380 to 700 nanometres,en,0,science,Violet has the shortest visible wavelength and red has the longest,science
X-rays pass through soft tissue but are absorbed by dense matter like bone,en,0,science,This property makes X-rays useful for medical imaging,science
Nuclear fission splits atomic nuclei to release energy,en,0,science,Nuclear fission is used in nuclear power plants and atomic bombs,science
Nuclear fusion combines atomic nuclei to release energy,en,0,science,Fusion powers the Sun and is sought as a clean energy source,science
Albert Einstein developed the theory of relativity,en,0,science,Einstein published special relativity in 1905 and general relativity in 1915,science
Plasma is the fourth state of matter,en,0,science,Plasma is ionised gas and is the most common state of visible matter in the universe,science
Copper is an excellent conductor of electricity,en,0,science,Copper's high conductivity makes it widely used in electrical wiring,science
Rubber is a good insulator of electricity,en,0,science,Rubber's molecular structure prevents the flow of electric current,science
Magnets have a north pole and a south pole,en,0,science,Opposite magnetic poles attract while like poles repel,science
Earth has a magnetic field generated by its molten iron core,en,0,science,Earth's magnetic field forms the magnetosphere that shields us from solar wind,science
The Doppler effect describes the change in frequency of a wave relative to a moving observer,en,0,science,The Doppler effect causes a siren to sound higher as it approaches and lower as it moves away,science
Archimedes' principle states an object in fluid experiences an upward buoyant force,en,0,science,Buoyant force equals the weight of the fluid displaced by the object,science
Pascal's principle states pressure in a fluid is transmitted equally in all directions,en,0,science,Pascal's principle is the basis for hydraulic systems,science
Radioactive decay is the spontaneous disintegration of an atomic nucleus,en,0,science,"Radioactive decay releases alpha, beta, or gamma radiation",science
Half-life is the time taken for half of a radioactive substance to decay,en,0,science,Carbon-14 has a half-life of about 5730 years used in radiocarbon dating,science
"The four fundamental forces are gravity, electromagnetism, strong nuclear, and weak nuclear",en,0,science,These four forces govern all interactions between particles in the universe,science
Gravity is the weakest of the four fundamental forces,en,0,science,"Despite being weakest, gravity has infinite range and dominates at cosmic scales",science
A rainbow forms when sunlight is refracted and dispersed by water droplets,en,0,science,Rainbows appear in the direction opposite the Sun at an angle of about 42 degrees,science
Lightning is an electrical discharge in the atmosphere,en,0,science,Lightning occurs when electric charges build up in storm clouds,science
DNA stands for deoxyribonucleic acid,en,0,science,DNA carries genetic information in living organisms,science
"Photosynthesis converts sunlight, water, and CO2 into glucose and oxygen",en,0,science,The equation for photosynthesis is 6CO2 + 6H2O yields C6H12O6 + 6O2,science
The mitochondria is the powerhouse of the cell,en,0,science,Mitochondria generate most of the cell's ATP through cellular respiration,science
The human body has 206 bones in adulthood,en,0,science,Newborns have about 270 bones that fuse over time to become 206,science
The human heart beats about 70 times per minute at rest,en,0,science,A normal resting adult heart rate ranges from 60 to 100 beats per minute,science
The largest organ in the human body is the skin,en,0,science,Human skin covers about 1.5 to 2 square metres and weighs around 3 to 4 kg,science
The brain uses about 20 percent of the body's oxygen supply,en,0,science,The brain consumes 20 percent of total body energy despite being only 2 percent of body weight,science
Red blood cells carry oxygen throughout the body,en,0,science,Red blood cells contain haemoglobin which binds to oxygen molecules,science
White blood cells are part of the immune system,en,0,science,White blood cells defend the body against infections and foreign substances,science
The human genome contains approximately 3 billion base pairs,en,0,science,The human haploid genome has about 3.2 billion nucleotide base pairs,science
Humans have 23 pairs of chromosomes totalling 46,en,0,science,Human somatic cells contain 46 chromosomes arranged in 23 pairs,science
Mitosis produces two genetically identical daughter cells,en,0,science,Mitosis is the process of cell division for growth and repair,science
Meiosis produces four genetically unique sex cells,en,0,science,Meiosis results in gametes with half the chromosomes of the parent cell,science
RNA carries genetic information from DNA to ribosomes,en,0,science,Messenger RNA is transcribed from DNA and translated into proteins at ribosomes,science
Proteins are made of amino acids,en,0,science,There are 20 standard amino acids used to build all proteins,science
Enzymes are biological catalysts that speed up chemical reactions,en,0,science,Enzymes lower the activation energy of biochemical reactions,science
Osmosis is the movement of water across a semi-permeable membrane,en,0,science,Water moves from areas of low solute concentration to high solute concentration,science
Diffusion is the movement of molecules from high to low concentration,en,0,science,Diffusion is a passive process requiring no energy input,science
The Krebs cycle is a key part of cellular respiration,en,0,science,The Krebs cycle occurs in the mitochondria producing ATP and CO2,science
Stem cells can develop into many different cell types,en,0,science,Embryonic stem cells are pluripotent and can differentiate into any cell type,science
CRISPR is a precise gene editing technology,en,0,science,CRISPR-Cas9 won the 2020 Nobel Prize in Chemistry for its gene editing capability,science
The liver is the largest internal organ in the human body,en,0,science,The liver performs over 500 functions including detoxification and protein synthesis,science
Insulin is produced by the pancreas,en,0,science,Insulin regulates blood glucose levels and is essential for energy metabolism,science
Vaccines train the immune system to recognise pathogens,en,0,science,Vaccines contain antigens that stimulate an immune response without causing disease,science
Antibiotics treat bacterial but not viral infections,en,0,science,Antibiotics inhibit or kill bacteria but have no effect on viruses,science
Viruses are not considered living organisms,en,0,science,Viruses lack cellular structure and must use host cells to replicate,science
Bacteria are single-celled prokaryotic organisms,en,0,science,Bacteria lack a membrane-bound nucleus and are found in nearly every habitat,science
Alexander Fleming discovered penicillin in 1928,en,0,science,Fleming observed a Penicillium mould killing bacteria on his petri dish,science
Marie Curie discovered polonium and radium,en,0,science,Curie was the first person to win Nobel Prizes in two sciences: Physics and Chemistry,science
Charles Darwin proposed the theory of evolution by natural selection,en,0,science,Darwin published On the Origin of Species in 1859,science
Isaac Newton formulated the laws of motion and universal gravitation,en,0,science,Newton published his Principia Mathematica in 1687,science
Blood type is determined by antigens on red blood cells,en,0,science,"The ABO blood group system classifies blood into types A, B, AB, and O",science
"The human nervous system consists of the brain, spinal cord, and nerves",en,0,science,The nervous system transmits electrical signals throughout the body,science
Earth's atmosphere is primarily composed of nitrogen,en,0,science,Nitrogen makes up about 78 percent of Earth's atmosphere,science
Oxygen makes up about 21 percent of Earth's atmosphere,en,0,science,Earth's atmosphere is roughly 78% nitrogen and 21% oxygen,science
The Earth has a molten iron outer core,en,0,science,Earth's outer core is liquid iron and nickel surrounding a solid inner core,science
Tectonic plates move at about 2 to 10 centimetres per year,en,0,science,Tectonic plate movement causes earthquakes and volcanic eruptions,science
Earthquakes are caused by tectonic plate movement,en,0,science,Most earthquakes occur along fault lines where tectonic plates meet,science
Volcanoes form where magma reaches Earth's surface,en,0,science,"Volcanic eruptions release lava, ash, and gases from Earth's interior",science
Tsunamis are caused by underwater earthquakes or volcanic eruptions,en,0,science,Tsunamis are large ocean waves triggered by seafloor displacement,science
Hurricanes form over warm ocean waters,en,0,science,Hurricanes need ocean surface temperatures of at least 26°C to form and sustain,science
Tornadoes are rapidly rotating columns of air,en,0,science,Tornadoes form from powerful thunderstorms called supercells,science
The greenhouse effect is caused by gases trapping heat in Earth's atmosphere,en,0,science,"CO2, methane, and water vapour are the main greenhouse gases",science
Climate change is primarily caused by human greenhouse gas emissions,en,0,science,Burning fossil fuels has raised atmospheric CO2 from 280 to over 420 ppm since industrialisation,science
Global average temperatures have risen about 1.1 degrees Celsius since pre-industrial times,en,0,science,The IPCC reports approximately 1.1°C of warming attributable to human activities,science
The ozone layer is found in the stratosphere,en,0,science,The ozone layer sits about 15 to 35 km above Earth's surface,science
Fossil fuels are formed from the remains of ancient organisms,en,0,science,"Coal, oil, and natural gas are fossil fuels formed over millions of years",science
"Renewable energy sources include solar, wind, and hydroelectric power",en,0,science,Renewable energy comes from naturally replenishing sources,science
Deforestation releases stored carbon contributing to climate change,en,0,science,Forests store large amounts of carbon released when trees are cut or burned,science
The Amazon rainforest is sometimes called the lungs of the planet,en,0,science,The Amazon produces vast amounts of oxygen and absorbs CO2,science
Acid rain is caused by SO2 and NOx emissions reacting with atmospheric water,en,0,science,"Acid rain can damage forests, lakes, and stone buildings",science
"The water cycle involves evaporation, condensation, and precipitation",en,0,science,The hydrological cycle continuously moves water through Earth's systems,science
"Soil is composed of minerals, organic matter, water, and air",en,0,science,Healthy topsoil takes hundreds of years to form and supports plant growth,science
Biodiversity refers to the variety of life on Earth,en,0,science,"Biodiversity includes diversity of species, genes, and ecosystems",science
Tropical rainforests have the highest biodiversity on Earth,en,0,science,Rainforests cover about 6% of land but hold more than half of all species,science
Coral reefs support about 25 percent of all marine species,en,0,science,Coral reefs are among the most biodiverse marine ecosystems on Earth,science
Polar ice caps store about 70 percent of Earth's fresh water,en,0,science,The Antarctic ice sheet contains about 26.5 million cubic kilometres of ice,science
The food chain describes the flow of energy through an ecosystem,en,0,science,Only about 10 percent of energy is transferred from one trophic level to the next,science
Decomposers break down dead organic matter recycling nutrients,en,0,science,Fungi and bacteria are the primary decomposers in most ecosystems,science
The Moon orbits Earth approximately every 27.3 days,en,0,science,The Moon completes one sidereal orbit of Earth every 27.3 days,science
The Sun is the closest star to Earth,en,0,science,The Sun is approximately 150 million km from Earth,science
The Sun is a medium-sized star classified as a yellow dwarf,en,0,science,The Sun is a G-type main-sequence star with a surface temperature of about 5500°C,science
Light from the Sun takes about 8 minutes to reach Earth,en,0,science,"At 150 million km distance, sunlight takes approximately 8.3 minutes to reach Earth",science
The universe is estimated to be about 13.8 billion years old,en,0,science,This age is determined from measurements of the cosmic microwave background radiation,science
The Big Bang theory describes the origin of the universe,en,0,science,The Big Bang occurred approximately 13.8 billion years ago,science
The Milky Way is a barred spiral galaxy,en,0,science,The Milky Way has a central bar and spiral arms containing hundreds of billions of stars,science
A black hole's gravity prevents even light from escaping,en,0,science,The escape velocity of a black hole exceeds the speed of light,science
The first human Moon landing was in 1969,en,0,science,Apollo 11 landed on the Moon on July 20 1969 with Neil Armstrong and Buzz Aldrin,science
The International Space Station orbits Earth at about 400 km altitude,en,0,science,The ISS travels at about 28000 km/h completing around 16 orbits per day,science
The Hubble Space Telescope was launched in 1990,en,0,science,The Hubble orbits Earth at about 547 km providing clear images of distant objects,science
Mars is called the Red Planet because of iron oxide on its surface,en,0,science,Mars appears red because its soil is rich in iron oxide or rust,science
Jupiter is the largest planet in the solar system,en,0,science,Jupiter is more massive than all other planets in the solar system combined,science
Saturn is famous for its prominent ring system,en,0,science,Saturn's rings are composed of ice and rock spanning hundreds of thousands of kilometres,science
The solar system formed about 4.6 billion years ago,en,0,science,The solar system condensed from a collapsing cloud of gas and dust called a nebula,science
The nearest star system to Earth is Alpha Centauri,en,0,science,Alpha Centauri is about 4.37 light-years from Earth,science
A light-year is the distance light travels in one year,en,0,science,One light-year is approximately 9.46 trillion kilometres,science
A lunar eclipse occurs when Earth's shadow falls on the Moon,en,0,science,Lunar eclipses happen only at full moon when Earth is between the Sun and Moon,science
A solar eclipse occurs when the Moon's shadow falls on Earth,en,0,science,Solar eclipses happen when the Moon passes directly between the Sun and Earth,science
Tides are caused mainly by the Moon's gravitational pull,en,0,science,The Moon's gravity creates tidal bulges on opposite sides of Earth,science
The aurora borealis is caused by charged solar particles hitting Earth's atmosphere,en,0,science,Aurora displays occur near the poles where Earth's magnetic field funnels solar particles,science
An asteroid is a small rocky body orbiting the Sun,en,0,science,Most asteroids are found in the asteroid belt between Mars and Jupiter,science
A comet is a small icy body that releases gas when near the Sun,en,0,science,Comets develop a coma and tail of gas and dust as they approach the Sun,science
Electrons have a negative electric charge,en,0,science,Electrons carry a charge of approximately -1.6×10⁻¹⁹ coulombs,science
Protons have a positive electric charge,en,0,science,Protons in the atomic nucleus carry a charge equal and opposite to electrons,science
Neutrons have no electric charge,en,0,science,Neutrons are neutral particles found in the atomic nucleus,science
Quarks are the fundamental constituents of protons and neutrons,en,0,science,Protons and neutrons are each made up of three quarks,science
Photons are particles of light with no mass,en,0,science,Photons carry the electromagnetic force and travel at the speed of light,science
The Richter scale measures the magnitude of earthquakes,en,0,science,The Richter scale was developed by Charles Richter in 1935,science
The human eye can distinguish approximately 10 million colours,en,0,science,The human eye has about 6 million cone cells responsible for colour vision,science
The Nile is the longest river in the world,en,0,encyclopaedia,The Nile stretches approximately 6650 km through northeastern Africa,geography
The Amazon is the largest river by water discharge,en,0,encyclopaedia,The Amazon discharges about 20 percent of all fresh water entering the world's oceans,geography
Mount Everest is the highest mountain in the world,en,0,encyclopaedia,Mount Everest stands at 8848.86 metres above sea level in the Himalayas,geography
The Pacific Ocean is the largest ocean in the world,en,0,encyclopaedia,The Pacific Ocean covers more than 165 million square kilometres,geography
The Sahara is the largest hot desert in the world,en,0,encyclopaedia,The Sahara spans about 9.2 million square kilometres across North Africa,geography
Russia is the largest country in the world by area,en,0,encyclopaedia,Russia covers approximately 17 million square kilometres,geography
Canada is the second largest country in the world by area,en,0,encyclopaedia,Canada covers approximately 10 million square kilometres,geography
Vatican City is the smallest country in the world,en,0,encyclopaedia,Vatican City covers only 0.44 square kilometres,geography
The Caspian Sea is the largest lake in the world,en,0,encyclopaedia,The Caspian Sea covers about 371000 square kilometres,geography
Lake Baikal is the world's deepest lake,en,0,encyclopaedia,Lake Baikal reaches a depth of 1642 metres in Siberia,geography
The Dead Sea is the lowest point on Earth's land surface,en,0,encyclopaedia,The Dead Sea's surface is about 430 metres below sea level,geography
The Mariana Trench is the deepest point in the ocean,en,0,encyclopaedia,The Mariana Trench reaches a depth of about 11000 metres in the Pacific Ocean,geography
Asia is the largest continent by area,en,0,encyclopaedia,Asia covers approximately 44.58 million square kilometres,geography
Africa is the second largest continent by area,en,0,encyclopaedia,Africa covers approximately 30.37 million square kilometres,geography
Australia is the world's largest island continent,en,0,encyclopaedia,Australia is considered both a country and the world's smallest continent,geography
Greenland is the world's largest island,en,0,encyclopaedia,Greenland covers about 2.166 million square kilometres,geography
The Andes is the longest mountain range in the world,en,0,encyclopaedia,The Andes extends about 7000 km along South America's western coast,geography
The Himalayas contain the world's highest peaks,en,0,encyclopaedia,The Himalayas span five countries and contain all fourteen 8000-metre peaks,geography
The Great Barrier Reef is the world's largest coral reef system,en,0,encyclopaedia,The Great Barrier Reef stretches over 2300 kilometres off northeastern Australia,geography
The Amazon rainforest is the world's largest tropical rainforest,en,0,encyclopaedia,The Amazon rainforest covers approximately 5.5 million square kilometres,geography
The Suez Canal connects the Mediterranean Sea to the Red Sea,en,0,encyclopaedia,The Suez Canal was opened in 1869 and is 193 km long,geography
The Panama Canal connects the Atlantic and Pacific Oceans,en,0,encyclopaedia,The Panama Canal was opened in 1914 through the Isthmus of Panama,geography
Mount Kilimanjaro is the highest peak in Africa,en,0,encyclopaedia,Kilimanjaro stands at 5895 metres in Tanzania,geography
The Volga is the longest river in Europe,en,0,encyclopaedia,The Volga stretches 3531 km across western Russia,geography
The Yangtze is the longest river in Asia,en,0,encyclopaedia,The Yangtze River stretches 6300 km through China,geography
The Congo River is the deepest river in the world,en,0,encyclopaedia,The Congo River reaches depths of over 230 metres,geography
Lake Victoria is the largest lake in Africa,en,0,encyclopaedia,Lake Victoria covers 68870 square kilometres and borders three countries,geography
Indonesia is the world's largest archipelago nation,en,0,encyclopaedia,Indonesia consists of over 17000 islands,geography
Japan is an archipelago of over 6800 islands,en,0,encyclopaedia,"Japan's four main islands are Honshu, Hokkaido, Kyushu, and Shikoku",geography
The Strait of Gibraltar connects the Atlantic Ocean to the Mediterranean Sea,en,0,encyclopaedia,The Strait of Gibraltar is about 14 km wide at its narrowest point,geography
The Bosphorus Strait divides Istanbul between Europe and Asia,en,0,encyclopaedia,The Bosphorus connects the Black Sea to the Sea of Marmara,geography
Hawaii is a US state located in the Pacific Ocean,en,0,encyclopaedia,Hawaii became the 50th US state in 1959,geography
The Alps are the highest mountain range in Europe,en,0,encyclopaedia,The Alps stretch across eight European countries,geography
The Atacama Desert is the driest non-polar desert on Earth,en,0,encyclopaedia,The Atacama in South America receives less than 1 mm of rain per year on average,geography
Nigeria is the most populous country in Africa,en,0,encyclopaedia,Nigeria has a population of over 220 million people,geography
China is the most populous country in the world,en,0,encyclopaedia,China has a population of over 1.4 billion people,geography
India is the second most populous country in the world,en,0,encyclopaedia,India's population surpassed 1.4 billion and rivals China,geography
The Ganges is the most sacred river in Hinduism,en,0,encyclopaedia,The Ganges flows through northern India for about 2525 km,geography
The Mississippi River is the largest river system in North America,en,0,encyclopaedia,The Mississippi-Missouri system is about 5970 km long,geography
Iceland is one of the most volcanically active regions on Earth,en,0,encyclopaedia,Iceland sits on the Mid-Atlantic Ridge making it highly volcanic,geography
The Egyptian pyramids were built as tombs for pharaohs,en,0,encyclopaedia,The Great Pyramid of Giza was built for Pharaoh Khufu around 2560 BCE,history
The Great Wall of China was built to protect against invasions,en,0,encyclopaedia,Construction of the Great Wall began as early as the 7th century BCE,history
The Roman Empire was one of the largest empires in history,en,0,encyclopaedia,At its peak the Roman Empire covered about 5 million square kilometres,history
Julius Caesar was a Roman general and statesman,en,0,encyclopaedia,"Caesar was assassinated on the Ides of March, March 15, 44 BCE",history
"The ancient Olympics were held in Olympia, Greece",en,0,encyclopaedia,The ancient Olympic Games began in 776 BCE and were held every four years,history
The Silk Road was an ancient trade route connecting China to Europe,en,0,encyclopaedia,"The Silk Road facilitated trade in silk, spices, and ideas for over 1500 years",history
The Black Death killed about a third of Europe's population in the 14th century,en,0,encyclopaedia,The plague pandemic of 1347 to 1351 killed an estimated 75 to 200 million people,history
The printing press was invented by Johannes Gutenberg around 1440,en,0,encyclopaedia,Gutenberg's printing press revolutionised the spread of knowledge in Europe,history
The Renaissance was a cultural and intellectual movement in Europe,en,0,encyclopaedia,The Renaissance began in Italy in the 14th century and spread across Europe,history
Leonardo da Vinci was a Renaissance artist and polymath,en,0,encyclopaedia,Da Vinci painted the Mona Lisa and The Last Supper,history
Michelangelo painted the ceiling of the Sistine Chapel,en,0,encyclopaedia,Michelangelo painted the Sistine Chapel ceiling between 1508 and 1512,history
Christopher Columbus arrived in the Americas in 1492,en,0,encyclopaedia,Columbus landed in the Bahamas on October 12 1492 on his first voyage,history
The Mughal Empire ruled much of the Indian subcontinent,en,0,encyclopaedia,The Mughal Empire was founded by Babur in 1526 and lasted until 1857,history
The Taj Mahal was built by Mughal Emperor Shah Jahan,en,0,encyclopaedia,Shah Jahan built the Taj Mahal in Agra as a mausoleum for his wife Mumtaz Mahal,history
The Magna Carta was signed in 1215 in England,en,0,encyclopaedia,The Magna Carta was a charter limiting the power of the English king,history
The Byzantine Empire was the continuation of the Roman Empire in the East,en,0,encyclopaedia,The Byzantine Empire lasted from 330 CE until the fall of Constantinople in 1453,history
Genghis Khan founded the Mongol Empire in the 13th century,en,0,encyclopaedia,The Mongol Empire became the largest contiguous land empire in history,history
The Aztec Empire was a Mesoamerican civilisation in Mexico,en,0,encyclopaedia,The Aztec Empire was conquered by Spanish conquistador Hernán Cortés in 1521,history
The Inca Empire was the largest empire in pre-Columbian America,en,0,encyclopaedia,The Inca Empire stretched along the western coast of South America,history
The Crusades were a series of religious wars in the medieval period,en,0,encyclopaedia,The Crusades were launched by European Christians to reclaim the Holy Land,history
The Industrial Revolution began in Britain in the 18th century,en,0,encyclopaedia,The Industrial Revolution transformed manufacturing through steam power and machinery,history
The American Civil War was fought from 1861 to 1865,en,0,encyclopaedia,The Civil War was fought over slavery and states' rights in the United States,history
The Eiffel Tower was built in 1889 in Paris,en,0,encyclopaedia,The Eiffel Tower was constructed as the entrance arch for the 1889 World's Fair,history
The Titanic sank in the North Atlantic Ocean in 1912,en,0,encyclopaedia,The RMS Titanic sank on April 15 1912 after hitting an iceberg on its maiden voyage,history
World War I was triggered by the assassination of Archduke Franz Ferdinand,en,0,encyclopaedia,Franz Ferdinand was assassinated in Sarajevo on June 28 1914,history
The Russian Revolution occurred in 1917,en,0,encyclopaedia,The 1917 Russian Revolution overthrew the tsar and led to the founding of the Soviet Union,history
The Great Depression began with the Wall Street Crash of 1929,en,0,encyclopaedia,The stock market crash of October 1929 triggered the worst economic depression of the 20th century,history
Adolf Hitler and the Nazi Party rose to power in Germany in 1933,en,0,encyclopaedia,Hitler was appointed Chancellor of Germany on January 30 1933,history
The Holocaust was the genocide of six million Jews by Nazi Germany,en,0,encyclopaedia,The Holocaust was carried out systematically by the Nazi regime between 1941 and 1945,history
The atomic bombs were dropped on Hiroshima and Nagasaki in 1945,en,0,encyclopaedia,The US dropped atomic bombs on Hiroshima on August 6 and Nagasaki on August 9 1945,history
The United Nations was founded in 1945 after World War II,en,0,encyclopaedia,The UN was established on October 24 1945 to maintain international peace,history
The Korean War was fought from 1950 to 1953,en,0,encyclopaedia,The Korean War ended in an armistice with Korea remaining divided at the 38th parallel,history
The Vietnam War ended in 1975 with the fall of Saigon,en,0,encyclopaedia,North Vietnamese forces captured Saigon on April 30 1975,history
The Moon landing in 1969 was the first time humans set foot on the Moon,en,0,encyclopaedia,Neil Armstrong became the first human to walk on the Moon on July 20 1969,history
The Internet was developed from ARPANET in the late 20th century,en,0,encyclopaedia,"ARPANET, the precursor to the Internet, was launched in 1969",history
The fall of the Berlin Wall in 1989 marked the end of the Cold War,en,0,encyclopaedia,The Berlin Wall fell on November 9 1989 ending the division of Germany,history
The September 11 attacks occurred in the United States in 2001,en,0,encyclopaedia,Al-Qaeda carried out coordinated terrorist attacks on September 11 2001 killing nearly 3000 people,history
The COVID-19 pandemic began in late 2019,en,0,encyclopaedia,"COVID-19 was caused by the SARS-CoV-2 virus first identified in Wuhan, China",history
The first iPhone was released by Apple in 2007,en,0,encyclopaedia,Steve Jobs unveiled the first iPhone on January 9 2007,history
Nelson Mandela was released from prison in 1990 after 27 years,en,0,encyclopaedia,Mandela was imprisoned in 1964 and released on February 11 1990,history
The FIFA World Cup is held every four years,en,0,encyclopaedia,The FIFA World Cup is the most watched sporting event in the world,sports
Brazil has won the FIFA World Cup the most times,en,0,encyclopaedia,"Brazil has won the FIFA World Cup five times in 1958, 1962, 1970, 1994, and 2002",sports
The Olympic Games are held every four years,en,0,encyclopaedia,The modern Olympics were revived in Athens in 1896,sports
Cricket is the most popular sport in India,en,0,encyclopaedia,India has a massive cricket following and a strong national team,sports
Sachin Tendulkar is the highest run-scorer in international cricket,en,0,encyclopaedia,Tendulkar scored 15921 runs in Test cricket and 18426 runs in ODIs,sports
India won the Cricket World Cup in 1983 and 2011,en,0,encyclopaedia,India won under Kapil Dev in 1983 and under MS Dhoni in 2011,sports
The Ashes is a cricket series played between England and Australia,en,0,encyclopaedia,The Ashes has been contested since 1882 and is one of cricket's oldest rivalries,sports
Usain Bolt holds the world record for the 100 metres sprint,en,0,encyclopaedia,Bolt set the 100m world record of 9.58 seconds at the 2009 Berlin World Championships,sports
"Roger Federer, Rafael Nadal, and Novak Djokovic dominated tennis for two decades",en,0,encyclopaedia,"Federer, Nadal, and Djokovic have collectively won the majority of Grand Slam titles in the 21st century",sports
Rafael Nadal has won the most French Open titles,en,0,encyclopaedia,Nadal won the French Open 14 times making him the most successful player at Roland Garros,sports
The FIFA World Cup 2022 was held in Qatar,en,0,encyclopaedia,Qatar hosted the 2022 FIFA World Cup making it the first Middle Eastern country to do so,sports
Argentina won the FIFA World Cup 2022,en,0,encyclopaedia,Argentina defeated France in the 2022 World Cup final in a penalty shootout,sports
Lionel Messi has won the most Ballon d'Or awards,en,0,encyclopaedia,Messi has won eight Ballon d'Or awards as of 2023,sports
The Boston Marathon is one of the world's oldest annual marathons,en,0,encyclopaedia,The Boston Marathon has been held since 1897,sports
Muhammad Ali was known as The Greatest in boxing,en,0,encyclopaedia,Ali is widely regarded as the greatest heavyweight boxer of all time,sports
India has won eight Olympic gold medals in field hockey,en,0,encyclopaedia,India dominated Olympic field hockey from 1928 to 1980,sports
The Premier League is England's top professional football division,en,0,encyclopaedia,The Premier League was founded in 1992 and is one of the most watched sports leagues in the world,sports
The Super Bowl is the championship game of the NFL,en,0,encyclopaedia,The Super Bowl is the most watched television event in the United States each year,sports
The NBA is the premier professional basketball league in the world,en,0,encyclopaedia,The National Basketball Association was founded in 1946,sports
Michael Jordan is widely regarded as the greatest basketball player of all time,en,0,encyclopaedia,Jordan won six NBA championships with the Chicago Bulls,sports
The Tour de France is the world's most prestigious cycling race,en,0,encyclopaedia,The Tour de France has been held annually since 1903 covering approximately 3500 km,sports
The Wimbledon Championships is the oldest tennis tournament in the world,en,0,encyclopaedia,Wimbledon has been held at the All England Club since 1877,sports
The Indian Premier League is a professional T20 cricket league,en,0,encyclopaedia,The IPL was founded in 2008 by the Board of Control for Cricket in India,sports
Neeraj Chopra won India's first Olympic gold in athletics in 2020,en,0,encyclopaedia,Chopra won the javelin throw gold at the Tokyo 2020 Olympics,sports
Abhinav Bindra was India's first individual Olympic gold medalist,en,0,encyclopaedia,Bindra won the 10m air rifle gold at the 2008 Beijing Olympics,sports
The World Wide Web was invented by Tim Berners-Lee in 1989,en,0,encyclopaedia,Berners-Lee proposed the web as an information management system at CERN,technology
The first commercial smartphone was the IBM Simon released in 1994,en,0,encyclopaedia,The IBM Simon had a touchscreen and could send emails and faxes,technology
Google was founded in 1998 by Larry Page and Sergey Brin,en,0,encyclopaedia,Google was incorporated as a company on September 4 1998,technology
"Apple was founded in 1976 by Steve Jobs, Steve Wozniak, and Ronald Wayne",en,0,encyclopaedia,Apple was incorporated on January 3 1977,technology
Microsoft was founded in 1975 by Bill Gates and Paul Allen,en,0,encyclopaedia,"Microsoft was founded on April 4 1975 in Albuquerque, New Mexico",technology
Facebook was founded by Mark Zuckerberg in 2004,en,0,encyclopaedia,Facebook was launched from Harvard University on February 4 2004,technology
Amazon was founded by Jeff Bezos in 1994,en,0,encyclopaedia,Amazon was founded on July 5 1994 and originally sold books online,technology
The first commercial email was sent in 1971,en,0,encyclopaedia,Ray Tomlinson sent the first network email in 1971 using the @ symbol,technology
The transistor was invented in 1947 at Bell Labs,en,0,encyclopaedia,"The transistor was invented by John Bardeen, Walter Brattain, and William Shockley",technology
The first computer virus was created in 1971,en,0,encyclopaedia,The Creeper program is considered the first computer virus,technology
Artificial intelligence was coined as a term in 1956,en,0,encyclopaedia,John McCarthy coined the term artificial intelligence at the Dartmouth Conference in 1956,technology
GPS was originally developed for military use by the United States,en,0,encyclopaedia,The Global Positioning System became fully operational in 1995,technology
The first commercial television broadcast was in the 1920s,en,0,encyclopaedia,John Logie Baird demonstrated the first working television system in 1926,technology
The telephone was invented by Alexander Graham Bell in 1876,en,0,encyclopaedia,Bell made the first successful telephone call on March 10 1876,technology
The light bulb was invented by Thomas Edison in 1879,en,0,encyclopaedia,Edison demonstrated his incandescent light bulb on October 22 1879,technology
The Wright brothers made the first powered aeroplane flight in 1903,en,0,encyclopaedia,"Orville and Wilbur Wright flew at Kitty Hawk, North Carolina on December 17 1903",technology
The first electronic computer ENIAC was built in 1945,en,0,encyclopaedia,ENIAC was built at the University of Pennsylvania and weighed about 30 tonnes,technology
The Internet uses the TCP/IP protocol to transmit data,en,0,encyclopaedia,TCP/IP was developed in the 1970s and became the standard for internet communication,technology
Blockchain technology underpins cryptocurrencies like Bitcoin,en,0,encyclopaedia,Bitcoin was created in 2009 by the pseudonymous Satoshi Nakamoto,technology
Electric vehicles use rechargeable batteries as their primary power source,en,0,encyclopaedia,Modern electric vehicles use lithium-ion batteries for energy storage,technology
GDP stands for Gross Domestic Product,en,0,encyclopaedia,GDP measures the total monetary value of goods and services produced in a country,economics
The United States has the largest economy in the world by nominal GDP,en,0,encyclopaedia,The US GDP is over 25 trillion dollars making it the world's largest economy,economics
China has the second largest economy in the world by nominal GDP,en,0,encyclopaedia,China's GDP exceeded 17 trillion dollars as of 2022,economics
Inflation is the rate at which the general price level of goods rises,en,0,encyclopaedia,Inflation erodes purchasing power over time,economics
The stock market allows companies to raise capital by selling shares,en,0,encyclopaedia,Investors buy shares hoping to profit from company growth and dividends,economics
The World Bank and IMF were established at the Bretton Woods Conference in 1944,en,0,encyclopaedia,The Bretton Woods system created a framework for international monetary cooperation,economics
Interest rates set by central banks influence borrowing costs,en,0,encyclopaedia,When central banks raise interest rates borrowing becomes more expensive slowing inflation,economics
The New York Stock Exchange is the largest stock exchange in the world,en,0,encyclopaedia,The NYSE is located on Wall Street in New York City,economics
Bitcoin was the first decentralised cryptocurrency,en,0,encyclopaedia,Bitcoin was created in 2009 and operates without a central authority,economics
India's economy is the fifth largest in the world by nominal GDP,en,0,encyclopaedia,India's GDP surpassed that of the UK making it the fifth largest economy,economics
The Reserve Bank of India controls monetary policy in India,en,0,encyclopaedia,The RBI sets interest rates and regulates India's banking system,economics
Free trade agreements reduce tariffs between member countries,en,0,encyclopaedia,Free trade agreements aim to increase trade and economic cooperation,economics
Supply and demand determine prices in a free market economy,en,0,encyclopaedia,"When demand exceeds supply prices rise, and when supply exceeds demand prices fall",economics
The Great Depression was the worst global economic downturn of the 20th century,en,0,encyclopaedia,Unemployment in the US reached 25 percent during the Great Depression,economics
The 2008 financial crisis was triggered by the collapse of the US housing market,en,0,encyclopaedia,The 2008 crisis led to global recession and bank bailouts in many countries,economics
William Shakespeare is considered the greatest writer in the English language,en,0,encyclopaedia,Shakespeare wrote 37 plays and 154 sonnets between 1590 and 1613,culture
The Mona Lisa was painted by Leonardo da Vinci,en,0,encyclopaedia,The Mona Lisa is housed in the Louvre Museum in Paris,culture
"The Eiffel Tower is a landmark in Paris, France",en,0,encyclopaedia,The Eiffel Tower was designed by Gustave Eiffel and completed in 1889,culture
"The Colosseum is an ancient amphitheatre in Rome, Italy",en,0,encyclopaedia,The Colosseum was completed in 80 CE and could seat up to 80000 spectators,culture
Rabindranath Tagore was the first non-European to win the Nobel Prize in Literature,en,0,encyclopaedia,Tagore won the Nobel Prize in Literature in 1913 for Gitanjali,culture
The Ramayana and Mahabharata are ancient Indian epics,en,0,encyclopaedia,The Ramayana was composed by Valmiki and the Mahabharata by Vyasa,culture
The Bhagavad Gita is a sacred Hindu scripture,en,0,encyclopaedia,The Bhagavad Gita is part of the Mahabharata and contains a dialogue between Krishna and Arjuna,culture
Yoga originated in ancient India,en,0,encyclopaedia,Yoga has been practised in India for over 5000 years,culture
The Louvre in Paris is the world's most visited art museum,en,0,encyclopaedia,The Louvre receives about 9 million visitors per year,culture
The Taj Mahal is a UNESCO World Heritage Site in India,en,0,encyclopaedia,The Taj Mahal in Agra was built between 1632 and 1653,culture
Bollywood is the Hindi-language film industry based in Mumbai,en,0,encyclopaedia,Bollywood is one of the largest film industries in the world by number of films produced,culture
The Bible is the most widely distributed book in the world,en,0,encyclopaedia,The Bible has been translated into over 700 languages,culture
Homer is the ancient Greek poet credited with writing the Iliad and the Odyssey,en,0,encyclopaedia,The Iliad and the Odyssey are foundational works of ancient Greek literature,culture
The Harry Potter series was written by J K Rowling,en,0,encyclopaedia,The first Harry Potter book was published in 1997 and the series has sold over 500 million copies,culture
Jazz music originated in New Orleans in the early 20th century,en,0,encyclopaedia,Jazz blends African American musical traditions with European harmonic structures,culture
The Beatles were one of the most influential bands in music history,en,0,encyclopaedia,The Beatles from Liverpool became globally famous in the 1960s,culture
Diwali is the Hindu festival of lights,en,0,encyclopaedia,"Diwali is celebrated by Hindus, Sikhs, and Jains and symbolises the triumph of light over darkness",culture
Eid al-Fitr marks the end of Ramadan in Islam,en,0,encyclopaedia,Eid al-Fitr is celebrated by Muslims worldwide after a month of fasting,culture
Christmas is celebrated on December 25 by Christians worldwide,en,0,encyclopaedia,Christmas commemorates the birth of Jesus Christ,culture
"The Olympic motto is Faster, Higher, Stronger",en,0,encyclopaedia,The Olympic motto Citius Altius Fortius was adopted by the IOC in 1894,culture
"The human body has four blood types: A, B, AB, and O",en,0,encyclopaedia,The ABO blood group system was discovered by Karl Landsteiner in 1901,health
Diabetes is a condition where the body cannot properly regulate blood sugar,en,0,encyclopaedia,Type 1 diabetes involves no insulin production; Type 2 involves insulin resistance,health
Hypertension is another name for high blood pressure,en,0,encyclopaedia,Hypertension is a major risk factor for heart disease and stroke,health
The human brain has about 86 billion neurons,en,0,encyclopaedia,Neurons transmit electrical signals forming the basis of thought and movement,health
Malaria is caused by a parasite transmitted by Anopheles mosquitoes,en,0,encyclopaedia,Malaria kills hundreds of thousands of people every year mostly in sub-Saharan Africa,health
Tuberculosis is a bacterial infection that mainly affects the lungs,en,0,encyclopaedia,TB is caused by Mycobacterium tuberculosis and is one of the leading infectious killers globally,health
HIV attacks the immune system and can lead to AIDS,en,0,encyclopaedia,HIV stands for Human Immunodeficiency Virus and AIDS for Acquired Immunodeficiency Syndrome,health
Cancer is caused by uncontrolled cell division,en,0,encyclopaedia,There are over 100 types of cancer affecting different parts of the body,health
The WHO declared COVID-19 a pandemic in March 2020,en,0,encyclopaedia,The COVID-19 pandemic caused by SARS-CoV-2 led to millions of deaths worldwide,health
Vaccines have eradicated smallpox globally,en,0,encyclopaedia,Smallpox was declared eradicated by the WHO in 1980 after a global vaccination campaign,health
Penicillin was the world's first antibiotic,en,0,encyclopaedia,Penicillin discovered by Fleming in 1928 revolutionised treatment of bacterial infections,health
The heart pumps blood throughout the body via arteries and veins,en,0,encyclopaedia,Arteries carry oxygenated blood away from the heart and veins return deoxygenated blood,health
"A balanced diet includes carbohydrates, proteins, fats, vitamins, and minerals",en,0,encyclopaedia,Each macronutrient and micronutrient plays a specific role in maintaining health,health
"Regular exercise reduces the risk of heart disease, diabetes, and obesity",en,0,encyclopaedia,The WHO recommends at least 150 minutes of moderate aerobic activity per week for adults,health
Mental health is as important as physical health,en,0,encyclopaedia,Mental health conditions affect hundreds of millions of people worldwide,health
Dehydration occurs when the body loses more water than it takes in,en,0,encyclopaedia,"Mild dehydration can cause headaches, fatigue, and reduced concentration",health
Smoking is the leading cause of preventable death worldwide,en,0,encyclopaedia,Tobacco use kills over 8 million people each year according to the WHO,health
Hand washing with soap is one of the most effective ways to prevent disease,en,0,encyclopaedia,Regular hand washing reduces the spread of gastrointestinal and respiratory infections,health
The human body is made up of about 37 trillion cells,en,0,encyclopaedia,Each cell performs specific functions to keep the body alive and functioning,health
The immune system produces antibodies to fight infections,en,0,encyclopaedia,Antibodies are proteins that recognise and neutralise pathogens such as viruses and bacteria,health
The Great Wall of China is visible from space is a myth,en,1,encyclopaedia,The Great Wall is too narrow to be seen from space with the naked eye,general
The Seven Wonders of the Ancient World included the Great Pyramid of Giza,en,0,encyclopaedia,The Great Pyramid of Giza is the only ancient wonder still largely intact,general
Honey never spoils and edible honey has been found in ancient Egyptian tombs,en,0,encyclopaedia,Honey's low moisture and acidic pH prevent bacterial growth indefinitely,general
Fingerprints are unique to each individual,en,0,encyclopaedia,No two people have identical fingerprints making them useful for identification,general
The human body replaces most of its cells every seven to ten years,en,0,encyclopaedia,Different cells are replaced at different rates with some neurons lasting a lifetime,general
Antarctica is the only continent with no permanent human residents,en,0,encyclopaedia,Antarctica is governed by the Antarctic Treaty and has no indigenous population,general
The Eiffel Tower grows about 15 cm taller in summer due to thermal expansion,en,0,encyclopaedia,Metal expands in heat causing the Eiffel Tower to grow slightly in warm weather,general
Sanskrit is one of the oldest known languages in the world,en,0,encyclopaedia,Sanskrit is an ancient Indo-European language and the liturgical language of Hinduism,general
The number pi is approximately 3.14159,en,0,encyclopaedia,Pi is the ratio of a circle's circumference to its diameter and is an irrational number,general
A dozen refers to a group of twelve,en,0,encyclopaedia,The word dozen comes from the Old French word douzaine meaning a group of twelve,general
"There are 24 hours in a day, 60 minutes in an hour, and 60 seconds in a minute",en,0,encyclopaedia,This timekeeping system originated with ancient Babylonian mathematics,general
The speed of Earth's rotation at the equator is about 1670 km per hour,en,0,encyclopaedia,Earth rotates on its axis once every 24 hours,general
The human body is about 60 percent water,en,0,encyclopaedia,"Water content in the body varies by age, sex, and hydration level",general
Bees are essential pollinators for global food production,en,0,encyclopaedia,Bees pollinate about one third of the food humans consume,general
The cheetah is the fastest land animal reaching speeds of up to 120 km per hour,en,0,encyclopaedia,Cheetahs can accelerate from 0 to 100 km/h in about three seconds,general
Elephants are the largest land animals on Earth,en,0,encyclopaedia,African bush elephants can weigh up to 6000 kg,general
Blue whales are the largest animals ever known to have lived,en,0,encyclopaedia,Blue whales can reach lengths of up to 30 metres and weigh up to 180 tonnes,general
Octopuses have three hearts and blue blood,en,0,encyclopaedia,Octopus blood contains haemocyanin which is copper-based and appears blue,general
The Great Barrier Reef is the world's largest living structure,en,0,encyclopaedia,The Great Barrier Reef is large enough to be seen from outer space,general
Humans share about 98 percent of their DNA with chimpanzees,en,0,encyclopaedia,Chimpanzees are humans' closest living relatives,general
Chess originated in India around the 6th century CE,en,0,encyclopaedia,The game of chess spread from India to Persia and then to the Islamic world and Europe,general
Zero was invented in India and is a fundamental concept in mathematics,en,0,encyclopaedia,Indian mathematician Brahmagupta formalized the concept of zero in 628 CE,general
The decimal number system was developed in ancient India,en,0,encyclopaedia,The Hindu-Arabic numeral system including digits 0 to 9 originated in India,general
Mount Everest is located on the border of Nepal and Tibet,en,0,encyclopaedia,Everest sits on the Nepal-Tibet border in the Himalayas,general
The human stomach produces a new lining every three to four days,en,0,encyclopaedia,Stomach cells are replaced frequently to withstand the corrosive gastric acid,general
Gold is highly resistant to corrosion and tarnishing,en,0,encyclopaedia,Gold does not react with most chemicals making it durable over thousands of years,general
The Sahara Desert experiences both extreme heat and cold temperatures,en,0,encyclopaedia,Saharan temperatures can exceed 50°C in summer and drop below freezing at night in winter,general
Light from distant stars may have taken thousands of years to reach Earth,en,0,encyclopaedia,When we observe distant stars we are seeing light that left them long ago,general
The Great Indian Bustard is one of the most endangered birds in India,en,0,encyclopaedia,The Great Indian Bustard population has fallen to fewer than 200 individuals,general
India has the largest number of vegetarians in the world,en,0,encyclopaedia,Approximately 40 percent of India's population follows a vegetarian diet,general
India is the world's largest producer of milk,en,0,encyclopaedia,India produces over 200 million tonnes of milk per year making it the top producer globally,general
The Indo-Gangetic Plain is one of the most fertile agricultural regions in the world,en,0,encyclopaedia,The plain covers most of northern India and supports a large share of India's food production,general
India has the third largest road network in the world,en,0,encyclopaedia,India has over 6 million km of roads including national highways and rural roads,general
India is the world's largest exporter of spices,en,0,encyclopaedia,India accounts for about 75 percent of global spice production,general
The Indus Valley Civilisation is one of the world's earliest urban civilisations,en,0,encyclopaedia,The Indus Valley Civilisation flourished around 3300 to 1300 BCE in present-day Pakistan and India,general
Ayurveda is an ancient Indian system of medicine,en,0,encyclopaedia,Ayurveda has been practised in India for over 3000 years,general
India has the highest number of engineering graduates in the world,en,0,encyclopaedia,India produces about 1.5 million engineering graduates every year,general
The Sun accounts for about 99.86 percent of the total mass of the solar system,en,0,encyclopaedia,The Sun's enormous mass creates the gravity that holds the solar system together,general
Water covers about 71 percent of Earth's surface,en,0,encyclopaedia,Oceans hold about 96.5 percent of all Earth's water,general
"The Mediterranean Sea is bordered by Europe, Africa, and Asia",en,0,encyclopaedia,The Mediterranean Sea covers about 2.5 million square kilometres,geography
The Red Sea separates Africa from the Arabian Peninsula,en,0,encyclopaedia,The Red Sea connects to the Indian Ocean through the Gulf of Aden,geography
The Black Sea is connected to the Mediterranean via the Bosphorus,en,0,encyclopaedia,"The Black Sea borders six countries including Russia, Turkey, and Ukraine",geography
The Amazon River flows into the Atlantic Ocean,en,0,encyclopaedia,The Amazon empties into the Atlantic on Brazil's northern coast,geography
The Gobi Desert is the largest desert in Asia,en,0,encyclopaedia,The Gobi spans parts of northern China and southern Mongolia,geography
New Zealand consists of two main islands in the Pacific Ocean,en,0,encyclopaedia,New Zealand's North Island and South Island are its two main landmasses,geography
The Arabian Peninsula is the world's largest peninsula,en,0,encyclopaedia,The Arabian Peninsula covers about 3.2 million square kilometres,geography
The Alps stretch across eight European countries,en,0,encyclopaedia,The Alps are the highest mountain range in Western Europe,geography
Lake Superior is the largest freshwater lake by surface area,en,0,encyclopaedia,Lake Superior covers 82103 square kilometres on the US-Canada border,geography
The Mekong River flows through six countries in Southeast Asia,en,0,encyclopaedia,"The Mekong flows through China, Myanmar, Laos, Thailand, Cambodia, and Vietnam",geography
The Philippines consists of over 7000 islands,en,0,encyclopaedia,The Philippines is an archipelago in Southeast Asia with 7641 islands,geography
Iceland sits on the Mid-Atlantic Ridge,en,0,encyclopaedia,Iceland's volcanic activity is due to its location on the boundary of two tectonic plates,geography
Antarctica is the coldest and windiest continent on Earth,en,0,encyclopaedia,Temperatures in Antarctica can drop below -80 degrees Celsius,geography
The Tropic of Cancer passes through India,en,0,encyclopaedia,The Tropic of Cancer at 23.5 degrees north latitude passes through several Indian states,geography
The Equator passes through 13 countries,en,0,encyclopaedia,"Countries on the Equator include Brazil, Ecuador, Kenya, and Indonesia",geography
The printing press enabled the Protestant Reformation,en,0,encyclopaedia,Gutenberg's press allowed Martin Luther's writings to spread rapidly across Europe,history
The Boston Tea Party of 1773 was a protest against British taxation,en,0,encyclopaedia,American colonists dumped British tea into Boston Harbour to protest taxation without representation,history
The Battle of Waterloo in 1815 ended Napoleon's rule,en,0,encyclopaedia,Napoleon was defeated at Waterloo and exiled to Saint Helena,history
The Treaty of Versailles ended World War I in 1919,en,0,encyclopaedia,The Treaty of Versailles imposed heavy reparations on Germany,history
The Nuremberg Trials prosecuted Nazi war criminals after World War II,en,0,encyclopaedia,The Nuremberg Trials were the first international military tribunals held from 1945 to 1946,history
Mahatma Gandhi was assassinated in 1948,en,0,encyclopaedia,Gandhi was shot by Nathuram Godse on January 30 1948 in New Delhi,history
The Cuban Missile Crisis of 1962 brought the US and USSR close to nuclear war,en,0,encyclopaedia,The 13-day standoff ended when the USSR agreed to remove missiles from Cuba,history
The Indian Emergency lasted from 1975 to 1977,en,0,encyclopaedia,Prime Minister Indira Gandhi declared a state of emergency suspending civil liberties,history
The Partition of Bengal in 1905 triggered a major independence movement,en,0,encyclopaedia,Lord Curzon's partition of Bengal was reversed in 1911 due to mass protests,history
The first Indian War of Independence occurred in 1857,en,0,encyclopaedia,The 1857 uprising against British rule is also called the Sepoy Mutiny,history
The human body has approximately 600 muscles,en,0,science,Muscles make up about 40 percent of the human body's total weight,science
The average human adult has about 5 litres of blood,en,0,science,Blood makes up about 7 to 8 percent of the human body's total weight,science
The eye's retina contains about 120 million rod cells,en,0,science,Rod cells are responsible for vision in low-light conditions,science
The human ear can detect frequencies from about 20 Hz to 20000 Hz,en,0,science,Hearing range decreases with age especially at higher frequencies,science
Oxygen was discovered independently by Carl Wilhelm Scheele and Joseph Priestley,en,0,science,Priestley published his findings in 1774 describing a gas that supported combustion,science
Gravity holds planets in orbit around the Sun,en,0,science,The Sun's gravity keeps all planets in the solar system on their orbital paths,science
The Earth's rotation causes day and night,en,0,science,One full rotation of Earth on its axis takes approximately 24 hours,science
The equinox occurs twice a year when day and night are equal length,en,0,science,The spring and autumn equinoxes occur around March 20 and September 23 each year,science
The solstice marks the longest and shortest days of the year,en,0,science,The summer solstice has the longest day and the winter solstice has the shortest,science
The human skeleton supports the body and protects internal organs,en,0,science,Bones also produce blood cells in the bone marrow,science
The ICC Cricket World Cup is held every four years,en,0,encyclopaedia,The first Cricket World Cup was held in England in 1975,sports
Virat Kohli is one of the greatest batsmen in cricket history,en,0,encyclopaedia,Kohli has scored over 25000 international runs across all formats,sports
MS Dhoni led India to the 2011 Cricket World Cup victory,en,0,encyclopaedia,Dhoni's iconic six in the final sealed India's World Cup win on April 2 2011,sports
The Davis Cup is the premier international team event in men's tennis,en,0,encyclopaedia,The Davis Cup has been played since 1900,sports
The FIFA World Cup trophy is made of gold,en,0,encyclopaedia,The current FIFA World Cup trophy is made of 18-carat gold and weighs 6.175 kg,sports
Chess was recognised as a sport by the International Olympic Committee in 1999,en,0,encyclopaedia,Chess is governed internationally by FIDE the World Chess Federation,sports
The 2020 Tokyo Olympics were held in 2021 due to the COVID-19 pandemic,en,0,encyclopaedia,The Tokyo Olympics were postponed from 2020 and held from July 23 to August 8 2021,sports
India won the ICC T20 World Cup in 2007 and 2024,en,0,encyclopaedia,India won the inaugural T20 World Cup in 2007 under MS Dhoni's captaincy,sports
PV Sindhu won India's first Olympic silver in badminton in 2016,en,0,encyclopaedia,Sindhu became the first Indian woman to win an Olympic silver medal at Rio 2016,sports
Sania Mirza is India's most successful female tennis player,en,0,encyclopaedia,Mirza won six Grand Slam doubles titles during her career,sports
The first programmable computer Colossus was built in 1943,en,0,encyclopaedia,Colossus was built at Bletchley Park to decode Nazi messages during World War II,technology
Moore's Law states that the number of transistors on a chip doubles roughly every two years,en,0,encyclopaedia,Gordon Moore made this observation in 1965 and it has largely held true for decades,technology
5G is the fifth generation of mobile network technology,en,0,encyclopaedia,5G networks offer significantly faster speeds and lower latency than 4G,technology
The first text message was sent in 1992,en,0,encyclopaedia,Neil Papworth sent the first SMS on December 3 1992 reading Merry Christmas,technology
Cloud computing allows data to be stored and accessed over the internet,en,0,encyclopaedia,"Cloud computing services are provided by companies like Amazon AWS, Google Cloud, and Microsoft Azure",technology
Artificial intelligence can now defeat world champions at chess and Go,en,0,encyclopaedia,DeepMind's AlphaGo defeated world Go champion Lee Sedol in 2016,technology
The Linux operating system is open-source software,en,0,encyclopaedia,Linux was created by Linus Torvalds in 1991 and powers much of the internet,technology
The USB standard was introduced in 1996,en,0,encyclopaedia,USB or Universal Serial Bus was designed to standardise connections between computers and peripherals,technology
"Satellites are used for communication, navigation, and weather forecasting",en,0,encyclopaedia,The first artificial satellite Sputnik was launched by the USSR in 1957,technology
The first commercial jet airliner was the de Havilland Comet introduced in 1952,en,0,encyclopaedia,The Comet revolutionised air travel by dramatically reducing flight times,technology
The United Arab Emirates is the world's largest exporter of oil per capita,en,0,encyclopaedia,The UAE is a major petroleum exporter and home to sovereign wealth funds,economics
India's IT and software industry is a major contributor to its GDP,en,0,encyclopaedia,India's IT sector generates over 190 billion dollars in revenue and employs millions,economics
Foreign direct investment brings capital and expertise to host countries,en,0,encyclopaedia,FDI is a key driver of economic growth in developing nations,economics
"The Human Development Index measures health, education, and living standards",en,0,encyclopaedia,The HDI was developed by the UNDP and published in annual Human Development Reports,economics
Microfinance provides small loans to people who lack access to banking,en,0,encyclopaedia,Muhammad Yunus pioneered microfinance through Grameen Bank in Bangladesh,economics
The Kumbh Mela is the largest religious gathering on Earth,en,0,encyclopaedia,The Kumbh Mela is held in India every 12 years and draws tens of millions of pilgrims,culture
Holi is the Hindu festival of colours celebrated in spring,en,0,encyclopaedia,Holi marks the arrival of spring and the victory of good over evil,culture
The Ajanta and Ellora Caves are UNESCO World Heritage Sites in India,en,0,encyclopaedia,The Ajanta Caves contain ancient Buddhist paintings dating back to the 2nd century BCE,culture
Classical Indian music has two main traditions: Hindustani and Carnatic,en,0,encyclopaedia,Hindustani music is practised in northern India and Carnatic in southern India,culture
"Bharatanatyam is a classical dance form from Tamil Nadu, India",en,0,encyclopaedia,Bharatanatyam is one of the oldest classical dance traditions in India,culture
The Colosseum in Rome could seat between 50000 and 80000 spectators,en,0,encyclopaedia,The Colosseum was used for gladiatorial contests and public spectacles,culture
Pablo Picasso co-founded the Cubist movement in art,en,0,encyclopaedia,Picasso and Georges Braque developed Cubism around 1907,culture
"The Nobel Prizes are awarded annually in Physics, Chemistry, Medicine, Literature, and Peace",en,0,encyclopaedia,The Nobel Prizes were established by the will of Alfred Nobel and first awarded in 1901,culture
Mother Teresa worked with the poor in Kolkata and won the Nobel Peace Prize in 1979,en,0,encyclopaedia,Mother Teresa founded the Missionaries of Charity in 1950 in Kolkata,culture
Rabindranath Tagore founded Visva-Bharati University in Santiniketan,en,0,encyclopaedia,Tagore established the university in 1921 blending Indian and Western learning,culture
The average adult needs 7 to 9 hours of sleep per night,en,0,encyclopaedia,"Chronic sleep deprivation increases the risk of obesity, diabetes, and heart disease",health
Vitamin D is produced by the skin when exposed to sunlight,en,0,encyclopaedia,Vitamin D deficiency can lead to weakened bones and immune problems,health
Blood pressure is measured in millimetres of mercury mmHg,en,0,encyclopaedia,Normal blood pressure for adults is below 120/80 mmHg,health
"The World Health Organization defines health as a state of complete physical, mental, and social well-being",en,0,encyclopaedia,This definition was established in the WHO Constitution of 1948,health
"Obesity is a major risk factor for type 2 diabetes, heart disease, and certain cancers",en,0,encyclopaedia,Global obesity rates have tripled since 1975 according to the WHO,health
Oral rehydration therapy saves millions of lives from diarrhoeal disease,en,0,encyclopaedia,"ORT using water, salt, and sugar was one of the most important medical advances of the 20th century",health
The human heart is about the size of a fist,en,0,encyclopaedia,The adult human heart weighs between 250 and 350 grams,health
Sunscreen helps prevent skin cancer by blocking UV radiation,en,0,encyclopaedia,Prolonged exposure to UV radiation increases the risk of melanoma and other skin cancers,health
Alzheimer's disease is the most common form of dementia,en,0,encyclopaedia,"Alzheimer's affects memory, thinking, and behaviour and has no cure yet",health
The BCG vaccine protects against tuberculosis,en,0,encyclopaedia,The BCG vaccine has been used since 1921 and is part of standard immunisation schedules,health
The Great Pyramid of Giza is the oldest of the Seven Wonders of the Ancient World,en,0,encyclopaedia,The Great Pyramid was built around 2560 BCE and is the only ancient wonder still largely intact,general
A marathon is a running race of 42.195 kilometres,en,0,encyclopaedia,The marathon distance was standardised at the 1908 London Olympics,general
The United Nations officially has six working languages,en,0,encyclopaedia,"The UN's official languages are Arabic, Chinese, English, French, Russian, and Spanish",general
India is the birthplace of the game of chess,en,0,encyclopaedia,Chess originated in India as Chaturanga around the 6th century CE,general
The Fibonacci sequence is a series where each number is the sum of the two preceding ones,en,0,encyclopaedia,The Fibonacci sequence 1 1 2 3 5 8 13 appears in many natural patterns,general
Pi is an irrational number that cannot be expressed as a simple fraction,en,0,encyclopaedia,Pi has been calculated to trillions of decimal places without any repeating pattern,general
The speed of Earth around the Sun is approximately 107000 kilometres per hour,en,0,encyclopaedia,Earth travels about 940 million km in one orbit around the Sun,general
A leap year has 366 days instead of 365,en,0,encyclopaedia,Leap years occur every four years to keep the calendar aligned with Earth's orbit,general
The Pythagorean theorem states that in a right triangle a² plus b² equals c²,en,0,encyclopaedia,The theorem relates the lengths of the sides of a right-angled triangle,general
The tallest building in the world is the Burj Khalifa in Dubai,en,0,encyclopaedia,The Burj Khalifa stands at 828 metres and was completed in 2010,general
The Strait of Malacca is one of the world's busiest shipping lanes,en,0,encyclopaedia,The Strait of Malacca separates the Malay Peninsula from Sumatra,geography
"The Rhine River flows through Switzerland, Germany, and the Netherlands",en,0,encyclopaedia,The Rhine is one of Europe's most important waterways for trade,geography
The Nile flows northward through Egypt into the Mediterranean Sea,en,0,encyclopaedia,The Nile is the primary water source for Egypt and Sudan,geography
The Ural Mountains form the boundary between Europe and Asia,en,0,encyclopaedia,The Ural Mountains extend about 2500 km from the Arctic Ocean southward,geography
The Tibetan Plateau is the world's highest and largest plateau,en,0,encyclopaedia,The Tibetan Plateau averages over 4500 metres above sea level,geography
The Great Rift Valley stretches from the Middle East to Mozambique,en,0,encyclopaedia,The Great Rift Valley is associated with significant volcanic and seismic activity,geography
Brazil is the largest country in South America by area,en,0,encyclopaedia,Brazil covers about 8.5 million square kilometres,geography
The Caspian Sea is technically a lake as it is landlocked,en,0,encyclopaedia,The Caspian Sea is the world's largest inland body of water,geography
Madagascar is the world's fourth largest island,en,0,encyclopaedia,Madagascar is located off the southeastern coast of Africa in the Indian Ocean,geography
The Danube River flows through ten countries in Europe,en,0,encyclopaedia,The Danube is Europe's second longest river after the Volga,geography
The Dead Sea is one of the saltiest bodies of water on Earth,en,0,encyclopaedia,The Dead Sea's salinity is about ten times that of ordinary ocean water,geography
The Himalayas were formed by the collision of the Indian and Eurasian tectonic plates,en,0,encyclopaedia,The Himalayan uplift continues at a rate of about 5 mm per year,geography
The Indian Ocean is the third largest ocean in the world,en,0,encyclopaedia,The Indian Ocean covers about 70 million square kilometres,geography
The Sahel is a semi-arid region south of the Sahara Desert,en,0,encyclopaedia,The Sahel stretches across Africa from Senegal to Sudan,geography
The Amazon basin contains the world's largest tropical rainforest,en,0,encyclopaedia,The Amazon basin drains about 7 million square kilometres of South America,geography
The Eurasian Steppe is the world's largest grassland,en,0,encyclopaedia,The Eurasian Steppe stretches from Hungary to Manchuria across 8000 km,geography
The Deccan Plateau covers most of peninsular India,en,0,encyclopaedia,The Deccan Plateau is bordered by the Western and Eastern Ghats mountain ranges,geography
The Western Ghats are a UNESCO World Heritage Site in India,en,0,encyclopaedia,The Western Ghats are a biodiversity hotspot running parallel to India's western coast,geography
The Bay of Bengal is the largest bay in the world,en,0,encyclopaedia,"The Bay of Bengal is bordered by India, Bangladesh, Myanmar, and the Andaman Islands",geography
The Thar Desert is the world's most densely populated desert,en,0,encyclopaedia,The Thar Desert in northwestern India and Pakistan is home to millions of people,geography
The Rosetta Stone helped scholars decode Egyptian hieroglyphics,en,0,encyclopaedia,The Rosetta Stone discovered in 1799 contains the same text in three scripts,history
The Library of Alexandria was one of the largest libraries of the ancient world,en,0,encyclopaedia,The Library of Alexandria in Egypt was a major centre of scholarship in antiquity,history
Cleopatra VII was the last active ruler of the Ptolemaic Kingdom of Egypt,en,0,encyclopaedia,Cleopatra ruled Egypt from 51 BCE until her death in 30 BCE,history
Alexander the Great built one of the largest empires in ancient history,en,0,encyclopaedia,Alexander conquered territories from Greece to northwestern India by 323 BCE,history
The Gupta Empire is considered a golden age of Indian civilisation,en,0,encyclopaedia,"The Gupta period saw great advances in mathematics, astronomy, science, and the arts",history
Ashoka the Great was a Maurya emperor who promoted Buddhism,en,0,encyclopaedia,Ashoka's edicts carved on pillars and rocks are among the earliest Indian historical records,history
The Chola Empire was a powerful South Indian dynasty,en,0,encyclopaedia,The Chola dynasty at its peak in the 10th and 11th centuries dominated South Asia and Southeast Asia,history
Akbar the Great was the third Mughal emperor known for religious tolerance,en,0,encyclopaedia,Akbar expanded the Mughal Empire and promoted a policy of religious inclusivity,history
Vasco da Gama was the first European to reach India by sea,en,0,encyclopaedia,Da Gama reached Calicut on India's west coast in 1498 opening the sea route from Europe,history
The Battle of Plassey in 1757 established British dominance in India,en,0,encyclopaedia,The East India Company's victory at Plassey began British colonial rule in Bengal,history
The Dandi March of 1930 was a protest against the British salt tax,en,0,encyclopaedia,Gandhi led the 388 km Dandi March to make salt from seawater in defiance of British law,history
Partition of India in 1947 created two independent nations India and Pakistan,en,0,encyclopaedia,The partition was accompanied by large-scale violence and displacement,history
The Battle of Panipat in 1526 established the Mughal Empire in India,en,0,encyclopaedia,Babur defeated Ibrahim Lodi at the First Battle of Panipat founding the Mughal Empire,history
Emperor Ashoka built pillars across India inscribed with Buddhist teachings,en,0,encyclopaedia,Ashoka's pillars are among the finest examples of Mauryan architecture,history
The East India Company was established in 1600 by English merchants,en,0,encyclopaedia,The EIC was granted a royal charter by Queen Elizabeth I to trade with the East Indies,history
The Suez Crisis of 1956 was a diplomatic and military confrontation,en,0,encyclopaedia,"Egypt nationalised the Suez Canal leading to military intervention by Britain, France, and Israel",history
The Non-Aligned Movement was founded at the Bandung Conference in 1955,en,0,encyclopaedia,The Bandung Conference of 29 Asian and African nations laid the groundwork for the NAM,history
Gandhi's satyagraha philosophy influenced civil rights movements worldwide,en,0,encyclopaedia,Martin Luther King Jr. credited Gandhi's nonviolent approach as an inspiration for the US civil rights movement,history
The Green Revolution in India increased agricultural productivity in the 1960s,en,0,encyclopaedia,The Green Revolution introduced high-yield crop varieties and modern farming techniques,history
Operation Flood or the White Revolution made India the world's largest milk producer,en,0,encyclopaedia,Operation Flood was launched in 1970 by the National Dairy Development Board,history
The human appendix is a vestigial organ,en,0,science,The appendix has no known essential function in modern humans,science
The cerebrum is the largest part of the human brain,en,0,science,"The cerebrum controls voluntary movement, speech, intelligence, and memory",science
The spinal cord transmits signals between the brain and the rest of the body,en,0,science,Damage to the spinal cord can result in paralysis,science
Chromosomes carry genes made of DNA,en,0,science,Humans have 46 chromosomes arranged in 23 pairs in each somatic cell,science
The placenta nourishes a developing foetus in mammals,en,0,science,The placenta provides oxygen and nutrients from the mother to the foetus,science
Photons travel at the speed of light,en,0,science,Photons are massless particles that always travel at approximately 299792 km/s in a vacuum,science
The speed of sound increases with temperature,en,0,science,"In warmer air, molecules move faster allowing sound to propagate more quickly",science
Radiocarbon dating is used to determine the age of ancient organic materials,en,0,science,Radiocarbon dating measures the decay of carbon-14 in once-living material,science
The Kelvin scale starts at absolute zero,en,0,science,0 Kelvin equals -273.15°C which is the lowest theoretically possible temperature,science
Atoms are mostly empty space,en,0,science,The nucleus of an atom is tiny compared to the overall size of the atom,science
Natural selection drives evolution in populations,en,0,science,Organisms better adapted to their environment survive and reproduce more successfully,science
Ecosystems can be disrupted by the removal of a keystone species,en,0,science,Keystone species have a disproportionately large effect on their ecosystem,science
Gravity causes objects to accelerate toward Earth at 9.8 m per second squared,en,0,science,This value is known as the acceleration due to gravity or g,science
The ozone hole is largest over Antarctica,en,0,science,The ozone hole over Antarctica was first detected in the 1980s,science
Mars has the tallest volcano in the solar system called Olympus Mons,en,0,science,Olympus Mons stands about 21.9 km high making it nearly three times taller than Everest,science
Venus is the hottest planet in the solar system despite not being closest to the Sun,en,0,science,Venus's thick CO2 atmosphere causes a runaway greenhouse effect with surface temps of 465°C,science
Neptune is the farthest planet from the Sun in the solar system,en,0,science,Neptune is about 4.5 billion km from the Sun and takes 165 Earth years to orbit it,science
The Moon has no atmosphere and experiences extreme temperature swings,en,0,science,Lunar surface temperatures range from -173°C at night to 127°C in sunlight,science
"Comets are made of ice, dust, and rocky material",en,0,science,"As comets near the Sun, solar heat vaporises their ice creating a glowing coma and tail",science
The asteroid belt between Mars and Jupiter contains millions of asteroids,en,0,science,"Despite being numerous, the total mass of the asteroid belt is less than the Moon",science
The first electronic mail was sent in 1971 by Ray Tomlinson,en,0,encyclopaedia,Tomlinson chose the @ symbol to separate the user name from the host computer name,technology
HTML is the standard markup language for creating web pages,en,0,encyclopaedia,HTML stands for HyperText Markup Language,technology
Python is one of the most widely used programming languages,en,0,encyclopaedia,"Python is popular in data science, web development, and artificial intelligence",technology
The first video game Pong was released by Atari in 1972,en,0,encyclopaedia,Pong simulated table tennis and was one of the first commercially successful arcade games,technology
Bluetooth technology enables short-range wireless communication,en,0,encyclopaedia,Bluetooth was developed in 1994 and is named after Danish King Harald Bluetooth,technology
Wi-Fi allows devices to connect to the internet wirelessly,en,0,encyclopaedia,Wi-Fi uses radio waves to provide wireless high-speed internet and network connections,technology
The barcode was invented in the 1940s and became widespread in the 1970s,en,0,encyclopaedia,Barcodes use patterns of parallel lines to encode information readable by scanners,technology
The microprocessor was invented by Intel in 1971,en,0,encyclopaedia,Intel's 4004 was the first commercially available microprocessor,technology
3D printing creates three-dimensional objects from digital designs,en,0,encyclopaedia,"3D printing is also called additive manufacturing and is used in medicine, engineering, and design",technology
Drones are unmanned aerial vehicles controlled remotely or autonomously,en,0,encyclopaedia,"Drones are used in photography, delivery, military applications, and agriculture",technology
Nuclear power plants generate electricity through controlled fission,en,0,encyclopaedia,Nuclear power produces about 10 percent of the world's electricity,technology
Solar panels convert sunlight into electricity using photovoltaic cells,en,0,encyclopaedia,Solar energy is the fastest growing renewable energy source globally,technology
Robotics combines engineering and computer science to design automated machines,en,0,encyclopaedia,Industrial robots are widely used in manufacturing and assembly lines,technology
Machine learning is a subset of artificial intelligence,en,0,encyclopaedia,Machine learning allows computers to learn from data without being explicitly programmed,technology
The first generation of mobile networks called 1G launched in the 1980s,en,0,encyclopaedia,Mobile networks have evolved from 1G to 5G with each generation offering faster speeds,technology
ISRO's UPI is India's digital payment interface linking bank accounts,en,0,encyclopaedia,UPI or Unified Payments Interface was launched by NPCI in India in 2016,technology
India is one of the world's largest markets for smartphones,en,0,encyclopaedia,India has over 700 million internet users and hundreds of millions of smartphone users,technology
Aadhaar is India's biometric digital identity system,en,0,encyclopaedia,Aadhaar has enrolled over 1.3 billion residents making it the world's largest biometric ID system,technology
ChatGPT was launched by OpenAI in November 2022,en,0,encyclopaedia,ChatGPT reached one million users in five days after its launch,technology
India's digital payments ecosystem is among the most advanced in the world,en,0,encyclopaedia,India processes billions of UPI transactions monthly making it a global leader in digital payments,technology
The Gita Press in Gorakhpur is the world's largest publisher of Hindu scriptures,en,0,encyclopaedia,The Gita Press has published over 700 million copies of scriptures since 1923,culture
The Khajuraho temples in Madhya Pradesh are UNESCO World Heritage Sites,en,0,encyclopaedia,The Khajuraho temples are famous for their nagara-style architecture and erotic sculptures,culture
The Pongal festival is a harvest celebration in Tamil Nadu,en,0,encyclopaedia,Pongal is a four-day festival celebrated in January to thank the Sun for agricultural abundance,culture
Onam is the harvest festival of Kerala,en,0,encyclopaedia,Onam celebrates the homecoming of the legendary King Mahabali,culture
The Konark Sun Temple in Odisha is a UNESCO World Heritage Site,en,0,encyclopaedia,The Konark temple was built in the 13th century and designed in the shape of a chariot,culture
The Nalanda University was one of the greatest centres of learning in the ancient world,en,0,encyclopaedia,Nalanda in Bihar attracted scholars from across Asia between the 5th and 12th centuries CE,culture
Sanskrit literature includes some of the world's oldest texts,en,0,encyclopaedia,"The Vedas, composed in Sanskrit, are among the oldest known scriptures in the world",culture
The game of Snakes and Ladders originated in ancient India,en,0,encyclopaedia,The game was originally called Moksha Patam and taught moral lessons,culture
Indian classical music is based on ragas and talas,en,0,encyclopaedia,Ragas are melodic frameworks and talas are rhythmic cycles in Indian classical music,culture
The Sundarbans mangrove forest is shared by India and Bangladesh,en,0,encyclopaedia,The Sundarbans is home to the Bengal tiger and is a UNESCO World Heritage Site,culture
Carnatic music is the classical music of South India,en,0,encyclopaedia,Carnatic music has a rich tradition of compositions by saints like Tyagaraja and Muthuswami Dikshitar,culture
The Koodiyattam is the oldest surviving form of Sanskrit theatre,en,0,encyclopaedia,Koodiyattam from Kerala was inscribed on UNESCO's Intangible Cultural Heritage list in 2001,culture
Indian philosophy includes six major orthodox schools called Darshanas,en,0,encyclopaedia,"The six Darshanas are Nyaya, Vaisheshika, Samkhya, Yoga, Mimamsa, and Vedanta",culture
The game of Kabaddi originated in India,en,0,encyclopaedia,Kabaddi is a contact sport that has been played in India for centuries,culture
The Mughal miniature painting tradition blended Persian and Indian styles,en,0,encyclopaedia,"Mughal miniature paintings flourished during the reigns of Akbar, Jahangir, and Shah Jahan",culture
The Panchatantra is an ancient Indian collection of animal fables,en,0,encyclopaedia,The Panchatantra was composed around 300 BCE and has been translated into over 50 languages,culture
The Vedas are the oldest sacred texts of Hinduism,en,0,encyclopaedia,"There are four Vedas: the Rigveda, Samaveda, Yajurveda, and Atharvaveda",culture
Yoga was recognised by the UN and June 21 is celebrated as International Yoga Day,en,0,encyclopaedia,The UN declared June 21 as International Yoga Day in 2014 at India's proposal,culture
The Mahabharata is the longest epic poem in the world,en,0,encyclopaedia,The Mahabharata has about 100000 verses making it the world's longest epic,culture
The game of Polo is believed to have originated in Central Asia and Persia,en,0,encyclopaedia,Polo was popularised in India during the Mughal period and later spread to the West,culture
"The World Economic Forum is held annually in Davos, Switzerland",en,0,encyclopaedia,The WEF brings together global leaders to discuss major economic and social issues,economics
India's service sector accounts for more than half of its GDP,en,0,encyclopaedia,"India's IT, finance, and hospitality sectors are major contributors to its economy",economics
Agriculture employs about 40 percent of India's workforce,en,0,encyclopaedia,"Despite its large workforce share, agriculture contributes about 16 percent of India's GDP",economics
The SENSEX is the benchmark index of the Bombay Stock Exchange,en,0,encyclopaedia,The SENSEX tracks the performance of 30 financially sound companies listed on the BSE,economics
The NIFTY 50 is the benchmark index of the National Stock Exchange of India,en,0,encyclopaedia,The NIFTY 50 represents 50 large companies across key sectors of the Indian economy,economics
India's Make in India initiative was launched in 2014 to boost manufacturing,en,0,encyclopaedia,Make in India aimed to transform India into a global manufacturing hub,economics
The Union Budget of India is presented annually by the Finance Minister,en,0,encyclopaedia,The Union Budget outlines government revenues and expenditures for the upcoming fiscal year,economics
Demonetisation in India in 2016 withdrew 500 and 1000 rupee notes,en,0,encyclopaedia,The Indian government demonetised high-denomination currency on November 8 2016,economics
India is one of the world's top recipients of foreign remittances,en,0,encyclopaedia,The Indian diaspora sends tens of billions of dollars in remittances to India each year,economics
The Pradhan Mantri Jan Dhan Yojana opened millions of bank accounts for unbanked Indians,en,0,encyclopaedia,PMJDY was launched in 2014 to provide universal access to banking services,economics
India is the world's largest producer of generic medicines,en,0,encyclopaedia,India supplies about 20 percent of global generic drug exports by volume,economics
Small and medium enterprises form the backbone of India's economy,en,0,encyclopaedia,SMEs in India contribute about 30 percent of GDP and employ over 110 million people,economics
The Indian Railways is one of the world's largest rail networks,en,0,encyclopaedia,Indian Railways operates over 13000 trains daily transporting about 23 million passengers,economics
India is the world's largest producer of tea,en,0,encyclopaedia,India produces about 1.3 billion kg of tea per year mainly from Assam and Darjeeling,economics
India is the world's second largest producer of wheat,en,0,encyclopaedia,India's wheat production exceeds 100 million tonnes annually,economics
The start-up ecosystem in India is the third largest in the world,en,0,encyclopaedia,India has over 100 unicorn start-ups valued at over one billion dollars each,economics
Tata Group is one of India's oldest and largest conglomerates,en,0,encyclopaedia,The Tata Group was founded by Jamsetji Tata in 1868 and operates in over 100 countries,economics
India's Unified Payments Interface processed billions of transactions in 2023,en,0,encyclopaedia,UPI transactions in India surpassed 100 billion annually by 2023,economics
Reliance Industries is the largest company in India by market capitalisation,en,0,encyclopaedia,Reliance Industries was founded by Dhirubhai Ambani in 1966,economics
India has one of the world's fastest growing aviation markets,en,0,encyclopaedia,India's domestic air passenger traffic has grown rapidly making it a top aviation market,economics
The pancreas produces both insulin and digestive enzymes,en,0,encyclopaedia,The pancreas has both endocrine functions producing hormones and exocrine functions producing enzymes,health
The kidneys filter about 200 litres of blood per day,en,0,encyclopaedia,The kidneys remove waste products and excess fluid from the blood,health
Osteoporosis causes bones to become weak and brittle,en,0,encyclopaedia,Osteoporosis is more common in older women and can be prevented with calcium and vitamin D,health
The human body has approximately 100000 km of blood vessels,en,0,encyclopaedia,If all blood vessels were laid end to end they would circle the Earth about 2.5 times,health
An electrocardiogram or ECG measures the electrical activity of the heart,en,0,encyclopaedia,ECGs are used to detect heart arrhythmias and other cardiac conditions,health
The human lung capacity is about 6 litres of air,en,0,encyclopaedia,"The total lung capacity varies by age, sex, and body size",health
Cholesterol is a fatty substance found in the blood,en,0,encyclopaedia,High LDL cholesterol increases the risk of heart disease and stroke,health
The World Health Organization was founded on April 7 1948,en,0,encyclopaedia,World Health Day is celebrated on April 7 each year,health
Anaemia is caused by a lack of healthy red blood cells,en,0,encyclopaedia,Iron deficiency is the most common cause of anaemia globally,health
The Ayushman Bharat scheme provides health insurance to poor families in India,en,0,encyclopaedia,Ayushman Bharat was launched in 2018 and covers over 500 million beneficiaries,health
Yoga and meditation are proven to reduce stress and improve mental health,en,0,encyclopaedia,Regular yoga practice lowers cortisol levels and improves psychological wellbeing,health
Polio has been eradicated in India since 2014,en,0,encyclopaedia,India was certified polio-free by the WHO on March 27 2014,health
Leprosy is one of the oldest known diseases in human history,en,0,encyclopaedia,India launched the National Leprosy Eradication Programme to eliminate the disease,health
The National Health Mission in India aims to provide accessible healthcare,en,0,encyclopaedia,The NHM was launched in 2013 to strengthen the public health system in India,health
Diarrhoeal diseases are a leading cause of child mortality in developing countries,en,0,encyclopaedia,Access to clean water and sanitation is critical to preventing diarrhoeal disease,health
The average human body temperature is approximately 37 degrees Celsius,en,0,encyclopaedia,Normal body temperature ranges from 36.1°C to 37.2°C,health
Breast cancer is the most commonly diagnosed cancer among women globally,en,0,encyclopaedia,Early detection through mammography significantly improves survival rates,health
Mental health disorders affect about one in four people worldwide,en,0,encyclopaedia,Depression and anxiety are among the most common mental health conditions globally,health
The Pradhan Mantri Swasthya Suraksha Yojana strengthens health infrastructure in India,en,0,encyclopaedia,PMSSY was launched to correct regional imbalances in healthcare access in India,health
WHO's STOP TB strategy aims to end tuberculosis as a public health problem by 2030,en,0,encyclopaedia,India has one of the highest burdens of tuberculosis globally and runs a national TB programme,health
The Statue of Unity in India is the world's tallest statue,en,0,encyclopaedia,The Statue of Unity stands 182 metres tall and depicts Sardar Vallabhbhai Patel,general
India has the largest diaspora population in the world,en,0,encyclopaedia,Over 32 million people of Indian origin live outside India,general
The Konkan Railway is known for its scenic route along India's western coast,en,0,encyclopaedia,"The Konkan Railway runs through Maharashtra, Goa, and Karnataka",general
Corbett National Park was India's first national park established in 1936,en,0,encyclopaedia,Jim Corbett National Park in Uttarakhand is named after the hunter-naturalist Jim Corbett,general
The Snow Leopard is native to the mountain ranges of Central and South Asia,en,0,encyclopaedia,Snow leopards are found in the Himalayas and are listed as vulnerable,general
India has more than 100 wildlife sanctuaries and 50 national parks,en,0,encyclopaedia,India's protected areas cover a significant portion of the country's biodiversity,general
Project Tiger was launched in India in 1973 to protect the Bengal tiger,en,0,encyclopaedia,Project Tiger has helped increase India's tiger population from about 1800 to over 3000,general
The Indian One Horned Rhinoceros is found mainly in Assam,en,0,encyclopaedia,The majority of Indian one-horned rhinos live in Kaziranga National Park in Assam,general
The Andaman and Nicobar Islands are a union territory of India in the Bay of Bengal,en,0,encyclopaedia,The Andaman and Nicobar Islands consist of over 570 islands,general
Lakshadweep is India's smallest union territory,en,0,encyclopaedia,Lakshadweep is an archipelago of 36 islands in the Arabian Sea,general
India's National Highway network spans over 140000 kilometres,en,0,encyclopaedia,India is continuously expanding its national highway network to improve connectivity,general
The Golden Quadrilateral is India's largest national highway project,en,0,encyclopaedia,"The Golden Quadrilateral connects Delhi, Mumbai, Chennai, and Kolkata",general
India is the world's largest producer of cotton,en,0,encyclopaedia,India produces about 6 million tonnes of cotton annually,economics
India is the world's largest producer of jute,en,0,encyclopaedia,West Bengal is the leading jute-producing state in India,economics
The Bombay Stock Exchange was established in 1875,en,0,encyclopaedia,The BSE is Asia's oldest stock exchange,economics
The National Stock Exchange of India was founded in 1992,en,0,encyclopaedia,The NSE is India's largest stock exchange by trading volume,economics
BHIM app is a digital payment application developed in India,en,0,encyclopaedia,BHIM stands for Bharat Interface for Money and is built on the UPI platform,technology
India's semiconductor industry is rapidly growing,en,0,encyclopaedia,India has announced incentives to attract semiconductor manufacturing investments,technology
DigiLocker is a digital document storage service provided by the Indian government,en,0,encyclopaedia,DigiLocker allows citizens to store and access official documents digitally,technology
India launched the Digital India programme in 2015,en,0,encyclopaedia,Digital India aims to transform India into a digitally empowered society,technology
The IIT system is India's premier network of engineering institutions,en,0,encyclopaedia,The Indian Institutes of Technology were established starting in 1951,general
IIM Ahmedabad is one of India's top business schools,en,0,encyclopaedia,The Indian Institutes of Management are India's premier management education institutions,general
India's AIIMS are top government medical institutions,en,0,encyclopaedia,All India Institutes of Medical Sciences provide world-class medical education and healthcare,health
India launched the Swachh Bharat Mission to promote sanitation,en,0,encyclopaedia,The Clean India Mission launched in 2014 aimed to make India open defecation free,health
Jal Jeevan Mission aims to provide tap water to all rural households in India,en,0,encyclopaedia,The mission launched in 2019 aims to connect every rural household to safe drinking water,health
India's National Food Security Act ensures subsidised food grains to two thirds of the population,en,0,encyclopaedia,The NFSA enacted in 2013 guarantees food security to about 813 million people,economics
Pradhan Mantri Awas Yojana aims to provide affordable housing to all Indians,en,0,encyclopaedia,PMAY was launched in 2015 to address the housing shortage in urban and rural India,economics
MNREGA guarantees 100 days of wage employment per year to rural households,en,0,encyclopaedia,The Mahatma Gandhi National Rural Employment Guarantee Act was enacted in 2005,economics
India's Aarogya Setu app was developed during the COVID-19 pandemic,en,0,encyclopaedia,Aarogya Setu was launched in April 2020 for contact tracing and health updates,technology
India's CoWIN platform managed COVID-19 vaccine registrations,en,0,encyclopaedia,CoWIN was used to register over a billion COVID-19 vaccine doses in India,technology
Vishwanathan Anand is India's first chess grandmaster,en,0,encyclopaedia,Anand became a grandmaster in 1988 and has won the World Chess Championship five times,sports
Mary Kom is a world champion boxer from India,en,0,encyclopaedia,Mary Kom from Manipur has won the World Amateur Boxing Championship six times,sports
Mithali Raj is India's highest run-scorer in women's cricket,en,0,encyclopaedia,Raj scored over 10000 runs in international cricket over a 23-year career,sports
The Durand Cup is India's oldest football tournament,en,0,encyclopaedia,The Durand Cup was established in 1888 making it one of the oldest football tournaments in the world,sports
Pro Kabaddi League was launched in India in 2014,en,0,encyclopaedia,The Pro Kabaddi League popularised kabaddi as a professional sport in India,sports
The Battle of Marathon in 490 BCE inspired the modern marathon race,en,0,encyclopaedia,Legend says a Greek messenger ran from Marathon to Athens to announce victory over Persia,history
Copernicus proposed that the Sun is at the centre of the solar system,en,0,science,Nicolaus Copernicus published his heliocentric model in 1543,science
Galileo Galilei improved the telescope and supported the heliocentric model,en,0,science,Galileo was put under house arrest by the Inquisition for supporting heliocentrism,science
The theory of plate tectonics was developed in the 20th century,en,0,science,Alfred Wegener proposed the concept of continental drift in 1912 which led to plate tectonics theory,science
Vaccines were first developed by Edward Jenner using cowpox to prevent smallpox,en,0,science,Jenner tested his smallpox vaccine in 1796 laying the foundation for immunology,science
The Human Genome Project was completed in 2003,en,0,science,The HGP mapped the entire human DNA sequence across all 23 chromosome pairs,science
Nanotechnology works at the scale of individual atoms and molecules,en,0,science,"Nanotechnology has applications in medicine, electronics, and materials science",technology
Quantum computing uses quantum bits or qubits to process information,en,0,technology,Quantum computers can solve certain problems exponentially faster than classical computers,technology
The Amazon rainforest is home to about 10 percent of all species on Earth,en,0,encyclopaedia,The Amazon basin hosts an estimated 3 million species of plants and animals,geography
The Pacific Ring of Fire is an area of intense seismic and volcanic activity,en,0,encyclopaedia,About 90 percent of the world's earthquakes occur in the Ring of Fire,geography
The Gulf Stream is a warm ocean current that moderates Europe's climate,en,0,encyclopaedia,The Gulf Stream flows from the Gulf of Mexico northward along the US coast to Europe,geography
El Niño is a climate pattern caused by warming of the central Pacific Ocean,en,0,encyclopaedia,El Niño events affect weather patterns globally causing droughts and floods in different regions,geography
Permafrost is ground that remains frozen for more than two years,en,0,encyclopaedia,Thawing permafrost releases methane contributing to climate change,geography
The Coriolis effect causes winds to curve due to Earth's rotation,en,0,science,The Coriolis effect deflects winds to the right in the Northern Hemisphere and to the left in the Southern,science
Monsoon winds bring seasonal rainfall to South and Southeast Asia,en,0,encyclopaedia,India receives most of its annual rainfall during the southwest monsoon from June to September,geography
India's southwest monsoon typically arrives in Kerala by June 1,en,0,encyclopaedia,The onset of the monsoon in Kerala signals the start of the rainy season across India,geography
The 2015 Iran nuclear agreement “gave (Iran) the right to have top-of-the-line nuclear weapons.”,en,1,PolitiFact,https://www.politifact.com/factchecks/2026/mar/05/donald-trump/iran-nuclear-agreement-legitimate-right-weapons/,US Iran nuclear deal
"“We are now the No. 1 producer of oil and natural gas anywhere in the world. We are independent, and we do not need Middle East oil.”",en,2,The New York Times,https://www.nytimes.com/2020/01/08/us/politics/trump-fact-check.html,US Iran nuclear deal
"“The American military has been completely rebuilt under my administration at a cost of $2.5 trillion.""",en,3,The New York Times,https://www.nytimes.com/2020/01/08/us/politics/trump-fact-check.html,US Iran nuclear deal
“The very defective J.C.P.O.A. expires shortly anyway and gives Iran a clear and quick path to nuclear breakout.”,en,3,The New York Times,https://www.nytimes.com/2020/01/08/us/politics/trump-fact-check.html,US Iran nuclear deal
“The missiles fired last night at us and our allies were paid for with the funds made available by the last administration.”,en,3,The New York Times,https://www.nytimes.com/2020/01/08/us/politics/trump-fact-check.html,US Iran nuclear deal
"“Three months ago, after destroying 100 percent of ISIS and its territorial caliphate, we killed the savage leader of ISIS, al-Baghdadi, who was responsible for so much death.”",en,3,The New York Times,https://www.nytimes.com/2020/01/08/us/politics/trump-fact-check.html,US Iran nuclear deal
"“Iran’s hostilities substantially increased after the foolish Iran nuclear deal was signed in 2013, and they were given $150 billion, not to mention $1.8 billion in cash.”",en,2,The New York Times,https://www.nytimes.com/2020/01/08/us/politics/trump-fact-check.html,US Iran nuclear deal
"""The very defective JCPOA expires shortly anyway,"" referring to the Iran nuclear deal, the Joint Comprehensive Plan of Action.",en,3,FactCheck.org,https://www.factcheck.org/2020/01/factchecking-trumps-iran-address/,US Iran nuclear deal
"“Look what has happened to Iran. Iran, when I first came into office, was a terror. They were fighting in many locations all over the Middle East. They were behind every single major attack, whether it was Syria, whether it was Yemen, whether it was individual smaller areas, whether it was taking away oil from people. They were involved with everything. Now they’re pulling back because they’re got serious economic problems.”",en,3,The Washington Post,https://www.washingtonpost.com/politics/2019/07/30/president-trumps-faulty-claim-that-iran-has-changed-its-regional-behavior/,US Iran nuclear deal
"JCPOA “also gave the regime an immediate financial boost and over $100 billion its government could use to fund terrorism.""",en,3,The Washington Post,https://www.washingtonpost.com/news/fact-checker/wp/2017/10/14/fact-checking-president-trumps-speech-on-the-iran-deal/,US Iran nuclear deal
"“Instead of saying, ‘Thank you,’ to the United States, they chanted, ‘Death to America.’ In fact, they chanted 'Death to America’ the day the agreement was signed.”",en,3,The Washington Post,https://www.washingtonpost.com/politics/2020/01/08/fact-checking-trumps-address-iran-missile-attacks/,US Iran nuclear deal
“The very defective JCPOA expires shortly anyway and gives Iran a clear and quick path to nuclear breakout.”,en,1,The Washington Post,https://www.washingtonpost.com/politics/2020/01/08/fact-checking-trumps-address-iran-missile-attacks/,US Iran nuclear deal
"The Iran nuclear deal allowed ""Iran to continue enriching uranium.”",en,2,The New York Times,https://www.nytimes.com/2018/05/08/us/politics/trump-fact-check-iran-nuclear-deal.html,US Iran nuclear deal
“The reports of ongoing negotiations with Iran raise serious concerns about why the Administration is willing to engage and provide U.S. taxpayer dollars to a country adverse to America’s interest.”,en,3,The Washington Post,https://www.washingtonpost.com/politics/2022/04/01/no-bidens-new-deal-with-iran-wont-involve-us-taxpayer-dollars/,US Iran nuclear deal
"“Just out that the Obama Administration granted citizenship, during the terrible Iran Deal negotiation, to 2,500 Iranians - including to government officials. How big (and bad) is that?”",en,3,The Washington Post,https://www.washingtonpost.com/news/fact-checker/wp/2018/07/04/trump-claims-obama-gave-citizenship-to-2500-iranians-during-nuclear-deal-talks/,US Iran nuclear deal
"Iran ""has committed multiple violations"" of the nuclear deal, specifically on heavy water limits, military inspections and advanced centrifuges.",en,3,FactCheck.org,https://www.factcheck.org/2017/10/trump-irans-multiple-violations/,US Iran nuclear deal
"“The folks that are around President Biden today in his White House talking about foreign policy are the same leaders — a fellow named Brett McGurk sent $150 billion, pallets of cash, to the Iranians, who are hosting the senior al-Qaeda leadership in Tehran today.”",en,3,The Washington Post,https://www.washingtonpost.com/politics/2021/09/21/pompeo-repeats-zombie-claim-that-obama-gave-iran-150-billion/,US Iran nuclear deal
Claims U.S. held $150 billion in frozen Iranian assets.,en,1,FactCheck.org,https://www.factcheck.org/2016/07/trumps-fanciful-iran-negotiation/,US Iran nuclear deal
"“This disastrous deal gave this regime — and it’s a regime of great terror — many billions of dollars, some of it in actual cash — a great embarrassment to me as a citizen and to all citizens of the United States.”",en,3,The Washington Post,https://www.washingtonpost.com/news/fact-checker/wp/2018/05/09/fact-checking-president-trumps-reasons-for-leaving-the-iran-nuclear-deal/,US Iran nuclear deal
"""If we do nothing, we know exactly what will happen. In just a short period of time, the world’s leading state sponsor of terror will be on the cusp of acquiring the world’s most dangerous weapons.""",en,3,The Washington Post,https://www.washingtonpost.com/news/fact-checker/wp/2018/05/09/fact-checking-president-trumps-reasons-for-leaving-the-iran-nuclear-deal/,US Iran nuclear deal
"""Joe Biden gave 16 billion to Iran.""",en,3,FactCheck.org,https://www.factcheck.org/2024/05/posts-misrepresent-unfreezing-of-16-billion-in-iranian-funds/,US Iran nuclear deal
"""We made a ridiculous deal (with Iran). We gave them $150 billion. We gave them $1.8 billion, and we got nothing.""",en,1,PolitiFact,https://www.politifact.com/factchecks/2019/aug/27/donald-trump/donald-trump-miscasts-money-and-terms-iran-nuclear/,US Iran nuclear deal
"""Iran will be shooting at our soldiers with bullets, etc., purchased with the $150 billion Obama gave them.""",en,1,PolitiFact,https://www.politifact.com/factchecks/2020/jan/07/facebook-posts/facebook-claim-wrongly-states-obama-gave-iran-150-/,US Iran nuclear deal
"""In seven years that (nuclear) deal will have expired, and Iran is free to go ahead and create nuclear weapons.""",en,1,PolitiFact,https://www.politifact.com/factchecks/2018/may/02/donald-trump/donald-trump-said-wrongly-iran-nuclear-deal-expire/,US Iran nuclear deal
China and Russia never moved to approve sanctions on Iran before 2015.,en,1,The New York Times,https://www.nytimes.com/2018/05/10/us/politics/pelosi-wrongly-says-china-and-russia-never-agreed-to-sanctions-before-iran-deal.html,US Iran nuclear deal
"Says “last week, Israel published intelligence documents, long concealed by Iran, conclusively showing the Iranian regime and its history of pursuing nuclear weapons.”",en,3,PolitiFact,https://www.politifact.com/article/2018/may/08/trump-withdrew-us-iran-nuclear-deal-heres-what-you/,US Iran nuclear deal
"The nuclear deal gave Iran ""$150 billion, giving $1.8 billion in cash — in actual cash carried out in barrels and in boxes from airplanes.""",en,0,PolitiFact,https://www.politifact.com/factchecks/2018/apr/27/donald-trump/donald-trump-iran-150-billion-and-18-billion-c/,US Iran nuclear deal
"""Senator Cryin’ Chuck Schumer fought hard against the Bad Iran Deal, even going at it with President Obama, & then Voted AGAINST it! Now he says I should not have terminated the deal""",en,0,PolitiFact,https://www.politifact.com/factchecks/2018/may/24/donald-trump/schumer-once-opposed-iran-nuclear-deal-he-now-supp/,US Iran nuclear deal
"Says Hillary Clinton's Iran nuclear deal ""lined the pockets of the world's number one state sponsor of terrorism with your money.""",en,1,PolitiFact,https://www.politifact.com/factchecks/2016/jul/29/reince-priebus/iran-nuclear-deal-was-hillary-clintons-and-it-line/,US Iran nuclear deal
"Iran has ""violated the terms of the (nuclear) deal.""",en,1,PolitiFact,https://www.politifact.com/factchecks/2017/jun/14/karen-handel/iran-complying-nuclear-deal-yes-small-hiccups/,US Iran nuclear deal
"The Iran nuclear deal is ""putting billions of dollars back into a country that’s the world’s largest supporter of terrorism. We are actually giving them the money to fund the terrorists that are killing us and our allies.""",en,0,PolitiFact,https://www.politifact.com/factchecks/2016/aug/05/rudy-giuliani/no-one-writing-iran-check-under-nuclear-deal/,US Iran nuclear deal
"President Trump's decision to reverse the Iran nuclear deal will cost 100,000 Boeing jobs.",en,3,Snopes.com,https://www.snopes.com/fact-check/did-trump-jobs-iran-nuclear-deal/,US Iran nuclear deal
"Says Barack Obama and Hillary Clinton are ""responsible for leading America into a deal that will arm Iran.""",en,0,PolitiFact,https://www.politifact.com/factchecks/2016/aug/05/richard-burr/nc-sen-richard-burr-says-nuclear-deal-will-arm-ira/,US Iran nuclear deal
Former U.S. Secretary of State Hillary Clinton supplied Iran with uranium to enrich their nuclear program.,en,1,Snopes,https://www.snopes.com/fact-check/hillary-clinton-supply-iran-uranium/,US Iran nuclear deal
"The Obama administration gave 2,500 Iranians citizenship as part of nuclear deal negotiations.",en,3,Snopes,https://www.snopes.com/fact-check/iran-nuclear-deal-citizenship/,US Iran nuclear deal
"""And I think that his engagement with Congress is something that never happened under President Obama. They were never allowed to debate it. They were never allowed to discuss it. So, now Congress is going to be fully engaged on the threats of Iran.""",en,1,PolitiFact,https://www.politifact.com/factchecks/2017/oct/19/nikki-haley/haley-wrongly-says-congress-had-no-input-iran-nucl/,US Iran nuclear deal
Iran was “working to build missiles that will soon reach the United States of America.”,en,3,FactCheck.org,https://www.factcheck.org/2026/03/assessing-trumps-claims-on-irans-nuclear-and-missile-capabilities/,Iran nuclear weapon
"""It was my great honor to Destroy All [of Iran's] Nuclear facilities & capability.""",en,3,FactCheck.org,https://www.factcheck.org/2025/06/iranian-nuclear-program-damaged-not-obliterated-by-u-s-attack/,Iran nuclear weapon
Video shows Iran nuclear bomb testing,en,1,AFP Fact Check,https://factcheck.afp.com/doc.afp.com.63ZM9CP,Iran nuclear weapon
“The #irandeal ultimately would have guaranteed Iran a nuclear bomb capable of reaching the US.”,en,1,PolitiFact,https://www.politifact.com/factchecks/2018/may/22/david-rouzer/congressman-deal-ensured-iran-could-hit-us-nuclear/,Iran nuclear weapon
"Posts show video clips that begin with Hillary Clinton saying, ""If I’m the president, we will attack Iran.”",en,2,FactCheck.org,https://www.factcheck.org/2020/01/video-of-clinton-on-iran-taken-out-of-context/,Iran nuclear weapon
A video shows recent tremors in Iran caused by a nuclear weapon test.,en,1,Full Fact,https://fullfact.org/online/video-earthquake-iran-nuclear-testing/,Iran nuclear weapon
The video shows a nuclear weapon being transported amid the ongoing Iran–Israel conflict.,en,1,FACTLY,https://factly.in/a-video-of-a-spacex-rocket-being-transported-in-texas-is-shared-as-a-nuclear-weapon-being-moved-amid-the-iran-israel-conflict/,Iran nuclear weapon
"""We put a lid on Iran's nuclear program without firing a single shot.""",en,0,PolitiFact,https://www.politifact.com/factchecks/2016/jul/29/hillary-clinton/hillary-clinton-says-us-put-lid-irans-nuclear-prog/,Iran nuclear weapon
Video shows multiple trucks shaking owing to tremors following an alleged underground nuclear weapon test by Iran.,en,1,Newschecker,https://newschecker.in/fact-check/2021-video-of-earthquake-shared-as-tremors-after-irans-nuke-test,Iran nuclear weapon
"Bill Clinton ""gave nukes to North Korea,"" Barack Obama ""gave nukes to Iran,"" and Hillary Clinton ""gave uranium to Russia.""",en,1,PolitiFact,https://www.politifact.com/factchecks/2020/jan/09/viral-image/no-clintons-and-obama-didnt-give-nukes-and-uranium/,Iran nuclear weapon
Iran has completed 80% of its development of five nuclear weapons.,en,1,Rappler,https://www.rappler.com/newsbreak/fact-check/no-proof-iran-nuclear-weapons-production/,Iran nuclear weapon
Pope Leo once said Iran can have a nuclear weapon.,en,3,Lead Stories,https://leadstories.com/hoax-alert/2026/04/fact-check-pope-did-not-say-iran-can-have-a-nuclear-weapon.html,Iran nuclear weapon
"""Biden gave $350 billion worth of cash and military equipment to Ukraine, and he didn’t rebuild anything.""",en,1,FactCheck.org,https://www.factcheck.org/2026/03/trump-links-bidens-ukraine-aid-to-pentagons-iran-war-funding-request/,US Iran war
Video of an Iranian attack on a US military base in Kuwait.,en,1,AFP Fact Check,https://factcheck.afp.com/doc.afp.com.A66A663,US Iran war
Video shows US fighter jet pilot taken prisoner by Iran,en,1,AFP Fact Check,https://factcheck.afp.com/doc.afp.com.A6WP3G6,US Iran war
Images show US special forces captured by Iran,en,3,AFP Fact Check,https://factcheck.afp.com/doc.afp.com.A2A33ZQ,US Iran war
Video shows Iranian strikes in Israel's Neot Hovav zone,en,1,AFP Fact Check,https://factcheck.afp.com/doc.afp.com.A72N49E,US Iran war
Photos show destroyed US military aircraft and a pilot being rescued from Iranian territory.,en,1,BOOM Fact Check,https://www.boomlive.in/fact-check/us-iran-war-ai-visuals-passed-off-as-military-jet-strike-pilot-rescue-30976,US Iran war
Video shows Iranian attack on US Navy warship,en,1,AFP Fact Check,https://factcheck.afp.com/doc.afp.com.A4M23NQ,US Iran war
"45,000 US troops are stationed in South Korea",en,1,AFP Fact Check,https://factcheck.afp.com/doc.afp.com.A6MK3NQ,US Iran war
The US military on the ground in Iran.,en,1,AFP Fact Check,https://factcheck.afp.com/doc.afp.com.99UZ9NQ,US Iran war
Iranian fighter jets bombed US military bases,en,1,AFP Fact Check,https://factcheck.afp.com/doc.afp.com.A3PR4ZQ,US Iran war
"Sharing a video in a post on X with 2.9 million views at the time of writing, one user claims that it shows the capital of Iran: Teheran. He states that the ""US began dropping 2,000-pound bombs"" on March 4 and that the administration ""still says this is not a war.""",en,2,DW.com,https://www.dw.com/en/fact-check-verifying-images-of-us-israel-war-on-iran/a-76243619,US Iran war
"One user on Facebook claims that a video shows a funeral procession for Iran's late surpeme leader, Ayatollah Ali Khamenei. The video has been watched over 90,000 times and was shared with the same claim on several other social media platforms (TikTok, X, Instagram).",en,1,DW.com,https://www.dw.com/en/fact-check-verifying-images-of-us-israel-war-on-iran/a-76243619,US Iran war
"In this post on X, a user claims that Mojtaba Khamenei, the son of Iran's recently assassinated supreme leader, was also killed in US strikes in Tehran. The post has 2.6 million views at the time of writing.",en,3,DW.com,https://www.dw.com/en/fact-check-verifying-images-of-us-israel-war-on-iran/a-76243619,US Iran war
A video shows a US rescue mission for a downed airman in Iran,en,1,AFP Fact Check,https://factcheck.afp.com/doc.afp.com.A6VV4NQ,US Iran war
Photos of US Navy sailors captured by Iran in March 2026.,en,1,AFP Fact Check,https://factcheck.afp.com/doc.afp.com.A4LG6TQ,US Iran war
Photos and videos show genuine footage from the 2026 war in Iran.,en,1,AAP,https://www.aap.com.au/factcheck/fake-footage-of-us-iran-war-floods-social-media/,US Iran war
Video shows Congress MP Shashi Tharoor criticising India for its strategy in the ongoing US-Iran war and praising Pakistan.,en,1,BOOM Fact Check,https://www.boomlive.in/fact-check/viral-video-congress-mp-shashi-tharoor-india-us-iran-war-strategy-pakistan-praise-claim-fact-check-30986,US Iran war
"""The video currently being circulated under the name‚ missile attack on Minab elementary school' pertains to an attack in Peshawar, Pakistan, and has no connection to Minab,"" says the translation of a viral post on X. The post includes a video showing crowds gathered in front of a destroyed building.",en,1,DW.com,https://www.dw.com/en/fact-check-debunking-social-media-claims-about-the-iran-war/a-76196001,US Iran war
"This video, viewed more than 1 million times on X, and also shared on other platforms such as Instagram and Facebook, allegedly shows a missile hitting a building in Tel Aviv, Israel.",en,1,DW.com,https://www.dw.com/en/fact-check-debunking-social-media-claims-about-the-iran-war/a-76196001,US Iran war
"""Dubai Airport out of service. Iranian Missiles ripped it apart,"" a post on X claimed, sharing a video with a burning aircraft and terminal, while smoke is engulfing the building. It's been widely shared on social media, also on other platforms.",en,1,DW.com,https://www.dw.com/en/fact-check-debunking-social-media-claims-about-the-iran-war/a-76196001,US Iran war
Imminent military draft targeting US public school seniors,en,1,AFP Fact Check,https://factcheck.afp.com/doc.afp.com.A3F78WF,US Iran war
Iran attacked a city in the United States in retaliation for America's airstrikes on the Middle Eastern country’s nuclear sites.,en,1,Rappler,https://www.rappler.com/newsbreak/fact-check/iran-did-not-bomb-united-states-city-retaliation-strikes-nuclear-sites/,US Iran war
"In March 2026, U.S. Secretary of State Marco Rubio said, “Imagine in Iran that instead of spending their wealth, billions of dollars, supporting terrorists or weapons, had spent that money helping the people of Iran, you'd have a much different country.”",en,0,Snopes,https://www.snopes.com/fact-check/marco-rubio-iran-quote/,US Iran war
Video of Iranian bombardment of Israel.,en,1,AFP Fact Check,https://factcheck.afp.com/doc.afp.com.99P37WF,US Iran war
The video shows Congress MP Shashi Tharoor saying that Pakistan’s mediation in the US-Iran War was a “massive strategic failure” for the Indian government.,en,1,India Today,https://www.indiatoday.in/fact-check/story/shashi-tharoor-deepfake-video-pakistan-us-iran-war-mediation-false-claim-2893673-2026-04-09,US Iran war
Iran bombing US military base in Djibouti,en,3,AFP Fact Check,https://factcheck.afp.com/doc.afp.com.99WH89E,US Iran war
"Footage circulating on TikTok and YouTube on Monday morning claims to show an American B-2 stealth bomber being shot down over Iran during the US bombing raid on the Iranian nuclear facility at Fordo over the weekend.

The video accrued over 70,000 views on a TikTok channel that has posted a dozen other clearly AI-generated videos before being deleted.",en,0,DW.com,https://www.dw.com/en/fact-check-viral-us-iran-strikes-videos-are-fake-or-old/a-73009374,US Iran war
"This video, which shows a massive pile of smoke allegedly rising from a nuclear site bombed by the US, has been shared on several platforms including TikTok, where a user has added the watermark ""Good morning Iran from the B-2 Spirit.""

The video opens on a village road surrounded by dense greenery, then tilts upward to reveal a towering column of smoke.",en,1,DW.com,https://www.dw.com/en/fact-check-viral-us-iran-strikes-videos-are-fake-or-old/a-73009374,US Iran war
"US missile hits Iran,"" wrote one TikTok user on a video that shows a massive explosion near or inside a city, with a mushroom-shaped cloud of smoke rising into the sky. Other versions of the same video have appeared across platforms like X and YouTube, reaching millions of users in different languages.",en,0,DW.com,https://www.dw.com/en/fact-check-viral-us-iran-strikes-videos-are-fake-or-old/a-73009374,US Iran war
"Several videos have also been circulating on social media claiming to show the US strikes on Fordo or their aftermath, including here (1.5m views).",en,0,DW.com,https://www.dw.com/en/fact-check-viral-us-iran-strikes-videos-are-fake-or-old/a-73009374,US Iran war
"A list of 11 U.S. cities authentically represents locations Iran plans to target for military attacks, as released by the Islamic republic in early 2026.",en,1,Snopes,https://www.snopes.com/fact-check/iran-us-cities-list-targets/,US Iran war
A video shared online authentically shows Iranian missiles hitting Tel Aviv in March 2026.,en,3,Snopes,https://www.snopes.com/fact-check/iran-strikes-tel-aviv-video/,US Iran war
Iran declared war against the United States,en,1,VERA Files,https://verafiles.org/articles/vera-files-fact-check-iran-did-not-declare-war-vs-u-s,US Iran war
"Defense Secretary Gilbert Teodoro is alarmed because the Philippines is set to become Iran’s next target for missile attacks, amid the Middle Eastern country’s conflict with the United States and Israel.",en,1,Rappler,https://www.rappler.com/newsbreak/fact-check/philippines-not-target-middle-east-conflict-dnd/,US Iran war
Video shows Amit Shah saying that Pakistan’s successful mediation in the US-Iran war would also be a success for India.,en,1,BOOM Fact Check,https://www.boomlive.in/fact-check/viral-video-union-home-minister-amit-shah-pakistan-mediation-us-iran-war-win-for-india-claim-fact-check-30963,US Iran war
An authentic video reshared online in early March 2026 shows U.S. President Donald Trump saying: “I can tell you you’re not going to have a war with Iran with me as president.”,en,3,Snopes,https://www.snopes.com/fact-check/trump-video-no-war-with-iran/,US Iran war
Russian President Vladimir Putin has declared war on the United States.,en,1,Rappler,https://www.rappler.com/newsbreak/fact-check/russia-did-not-declare-war-united-states/,US Iran war
"President Donald Trump tweeted on Nov. 29, 2011: “In order to get elected, @BarackObama will start a war with Iran.”",en,0,Snopes,https://www.snopes.com/fact-check/trump-iran-tweets-obama-resurfaced/,US Iran war
"Donald Trump once said, ""Our president will start a war with Iran because he has absolutely no ability to negotiate. He's weak and he's ineffective.""",en,0,Snopes,https://www.snopes.com/fact-check/video-trump-iran-obama/,US Iran war
Video of a US soldier in tears after Iranian missile strike.,en,1,AFP Fact Check,https://factcheck.afp.com/doc.afp.com.A2GF9CR,Iran missile attack
Video shows Iranian missile strike on Tel Aviv,en,3,AFP Fact Check,https://factcheck.afp.com/doc.afp.com.A28J663,Iran missile attack
"Video shows damage on Tel Aviv, Israel",en,1,AFP Fact Check,https://factcheck.afp.com/doc.afp.com.A6AB4T3,Iran missile attack
Video shows aftermath of attack on Israel by Iran in March 2026,en,1,AFP Fact Check,https://factcheck.afp.com/doc.afp.com.A3JQ9NT,Iran missile attack
Video shows Iran attack on the Israeli port city of Haifa.,en,1,AFP Fact Check,https://factcheck.afp.com/doc.afp.com.A3D38T3,Iran missile attack
Video shows US aircraft evading Iranian missile,en,1,AFP Fact Check,https://factcheck.afp.com/doc.afp.com.A2NV6T3,Iran missile attack
Clips show attack on Israeli PM Benjamin Netanyahu's house.,en,1,AFP Fact Check,https://factcheck.afp.com/doc.afp.com.A2X47T3,Iran missile attack
Photos of cars on fire in Tel Aviv after Iranian attack,en,1,AFP Fact Check,https://factcheck.afp.com/doc.afp.com.A3RX4WE,Iran missile attack
An image shows the aftermath of an Iranian hypersonic missile bringing down a US-Israeli linked spy satellite.,en,0,Full Fact,https://fullfact.org/conflict/satellite-israel-iran-fake/,Iran missile attack
Video shows massive fire in Tel Aviv after Iranian missile strikes,en,1,AFP Fact Check,https://factcheck.afp.com/doc.afp.com.A3PE7WE,Iran missile attack
Video shows aftermath of Iran bombing Tel Aviv in 2026,en,1,AFP Fact Check,https://factcheck.afp.com/doc.afp.com.99UK2T7,Iran missile attack
Video shows recent war visuals from the military conflict between Iran and US-Israel forces.,en,1,Boom Live,https://www.boomlive.in/fact-check/viral-video-burj-khalifa-attack-dubai-bahrain-iran-missile-attack-israel-us-claim-fact-check-30798,Iran missile attack
Video shows USS Abraham Lincoln on fire after Iran strikes,en,1,AFP Fact Check,https://factcheck.afp.com/doc.afp.com.99ZQ4WL,Iran missile attack
A video shows an Iranian missile attack on Dubai.,en,1,Full Fact,https://fullfact.org/conflict/old-video-2024-shared-recent-dubai-attack/,Iran missile attack
"Video shows Iranian missile strikes toward the King Fahd Bridge, which links Bahrain and Saudi Arabia.",en,1,Boom Live,https://www.boomlive.in/fact-check/viral-video-iran-missile-attack-bahrain-king-fahd-bridge-claim-fact-check-30801,Iran missile attack
"A video circulating on Facebook shows the Burj Khalifa collapsing, people in Iran panicking and a missile attack on military trucks amid the Dubai-Iran conflict.",en,1,VERA Files,https://verafiles.org/articles/fact-check-video-of-burj-khalifa-collapsing-iran-missile-attack-ai-generated,Iran missile attack
"The video shows recent visuals of Iran's missile attack on Tel Aviv, Israel.",en,1,The Quint,https://www.thequint.com/news/webqoof/iranian-missile-exploded-tel-aviv-israel-recent-attack-viral-video-fact-check,Iran missile attack
The U.S. Consulate in the northern Iraqi city of Irbil was destroyed on Monday by an Iranian missile strike.,en,1,AP News,https://apnews.com/article/fact-check-iran-missile-iraq-consulate-destroyed-688035837332,Iran missile attack
A video shows an American airbase burnt to ashes in Saudi Arabia by an Iranian missile attack.,en,1,Full Fact,https://fullfact.org/conflict/iran-bomb-us-airbase-saudi-arabia-video-false/,Iran missile attack
Visuals show Iran's attack on Mossad headquarters in Israel.,en,1,Boom Live,https://www.boomlive.in/fact-check/viral-video-israel-iran-conflict-attack-blast-mossad-headquarters-tel-aviv-claim-fact-check-28825,Iran missile attack
Video shows Iran missile attack on Israeli airport,en,1,AFP Fact Check,https://factcheck.afp.com/doc.afp.com.99NV6ZQ,Iran missile attack
Clip shows Tel Aviv hit by Iranian missile,en,1,AFP Fact Check,https://factcheck.afp.com/doc.afp.com.99J38KH,Iran missile attack
Video of USS Abraham Lincoln struck by Iranian missiles,en,3,AFP Fact Check,https://factcheck.afp.com/doc.afp.com.A2JQ2G3,Iran missile attack
Video shows a large fire at a US base in Riyadh,en,1,AFP Fact Check,https://factcheck.afp.com/doc.afp.com.99J43G3,Iran missile attack
Iran's missiles strike Israel's nuclear facilities,en,1,AFP Fact Check,https://factcheck.afp.com/doc.afp.com.99HR8G4,Iran missile attack
"A video shows a missile attack on Fuerte Tiuna in Caracas, Venezuela, during the capture of Venezuelan President Nicolás Maduro.",en,1,Rappler,https://www.rappler.com/newsbreak/fact-check/june-2025-iran-attack-video-not-venezuela-airstrike/,Iran missile attack
Video of Iranian attack on Tel Aviv.,en,1,AFP Fact Check,https://factcheck.afp.com/doc.afp.com.99NV79E,Iran missile attack
These videos show destruction caused by Iranian retaliatory attacks on Israel.,en,1,India Today,https://www.indiatoday.in/fact-check/story/fact-check-these-videos-dont-show-irans-ongoing-conflict-with-israel-2876172-2026-03-01,Iran missile attack
This is a recent video of Iran's missile strike on Dubai.,en,1,The Quint,https://www.thequint.com/news/webqoof/iran-missile-strike-dubai-old-video-false-claim,Iran missile attack
Video shows destroyed buildings in Tel Aviv after Iran's attack,en,1,AFP Fact Check,https://factcheck.afp.com/doc.afp.com.62ZG3ZP,Iran missile attack
Video shows recent Israeli bombing of Iran? FALSE,en,1,AFP Fact Check,https://factcheck.afp.com/doc.afp.com.62PR3G2,Iran missile attack
Recent videos of Iran's missile barrage attack on Tel Aviv,en,1,Alt News,https://www.altnews.in/more-old-videos-of-missile-strikes-viral-as-irans-june-attack-on-israel/,Iran missile attack
"Video shows Iran’s hypersonic missile attack on Haifa, Israel.",en,1,BOOM Fact Check,https://www.boomlive.in/fact-check/viral-video-iran-hypersonic-missile-attack-haifa-israel-claim-fact-check-28967,Iran missile attack
"""I’m pleased to inform you: The American people should be extremely grateful and happy no Americans were harmed in last night’s attack by the Iranian regime.""",en,1,FactCheck.org,https://www.factcheck.org/2020/01/initial-reports-of-no-injuries-from-irans-attack-were-inaccurate/,Iran missile attack
A video shows Iran’s attack with missiles and drones on Israel.,en,3,Full Fact,https://fullfact.org/news/iran-missile-drone-attack-video-cgi-false/,Iran missile attack
Video shows a building in Israel being destroyed by an Iranian airstrike.,en,1,BOOM Fact Check,https://www.boomlive.in/fact-check/viral-video-iran-israel-conflict-missile-attack-on-building-claim-fact-check-28855,Iran missile attack
This video shows Israel hitting locations of top political and military figures in the Iranian capital of Tehran.,en,1,India Today,https://www.indiatoday.in/fact-check/story/fact-check-old-clip-of-iranian-attack-on-israel-falsely-shared-as-tel-aviv-hitting-tehran-2740441-2025-06-13,Iran missile attack
"This post on X, with over 50,000 views at the time of writing, claims to show the Weizmann Institute in Israel after a missile strike by Iran.",en,1,DW.com,https://www.dw.com/en/fact-check-image-mislabels-iran-base-as-israeli-institute/a-73095641,Iran missile attack
Video shows Israeli missile strikes on Iran in June 2025,en,1,Alt News,https://www.altnews.in/2024-visuals-of-iran-targeting-israel-shared-as-recent-attack/,Iran missile attack
None of Iran’s rockets hit Israel,en,1,USA Today,https://www.usatoday.com/story/news/factcheck/2024/04/18/how-many-iran-rockets-struck-israel-fact-check/73370331007/,Iran missile attack
Video of Israeli air defence system destroyed by Iran.,en,1,AFP Fact Check,https://factcheck.afp.com/doc.afp.com.63ED4CP,Iran missile attack
Video shows Iranian missile attack on Israel,en,1,AFP Fact Check,https://factcheck.afp.com/doc.afp.com.63ME7WD,Iran missile attack
Video of Iran blowing up Israel's interior ministry,en,1,AFP Fact Check,https://factcheck.afp.com/doc.afp.com.63Z74KD,Iran missile attack
"Video shows massive explosions continue in Tel Aviv, Israel",en,1,AFP Fact Check,https://factcheck.afp.com/doc.afp.com.63RF8G2,Iran missile attack
Visuals showing Huthi attacks on Israel in September 2025,en,1,AFP Fact Check,https://factcheck.afp.com/doc.afp.com.77WU463,Iran missile attack
The viral video shows Iranian missiles being launched from a submarine toward Israel during the recent Iranian attack.,en,1,FACTLY,https://factly.in/an-old-and-unrelated-video-of-russia-attacking-ukraine-is-falsely-shared-as-visuals-of-iran-attacking-israel/,Iran missile attack
Video of India’s missile strikes on Pakistan in May 2025,en,1,AFP Fact Check,https://factcheck.afp.com/doc.afp.com.44WM2T3,Iran missile attack
Attack in mumbai,en,1,vishvasnews.com,https://www.vishvasnews.com/english/viral/fact-check-old-video-of-missile-attack-on-israel-falsely-shared-as-attack-on-mumbai/,Iran missile attack
"A video authentically shows buildings on fire in Tel Aviv, Israel, due to an Iranian missile strike in June 2025.",en,3,Snopes,https://www.snopes.com/fact-check/fire-tel-aviv-israel-iran-missile/,Iran missile attack
Revolutionary Guard launches missile attack on Netanyahu office,en,1,Rumor Scanner,https://rumorscanner.com/en/fact-check-en/netanyahu-office-iran-missile-fake-video/201492,Iran missile attack
"A viral video circulating on social media claims to show Iranian missiles striking the King Fahd Causeway, the bridge connecting Saudi Arabia and Bahrain",en,1,Newschecker,https://newschecker.in/fact-check/old-kerch-bridge-explosion-video-falsely-shared-as-iranian-missile-attack-on-king-fahd-causeway,Iran missile attack
Video shows multiple explosions at the US airbase in Qatar following the recent strike by Iran.,en,3,Newschecker,https://newschecker.in/fact-check/viral-video-showing-irans-attack-on-us-airbase-in-qatar-is-ai-generated,Iran missile attack
"Video shows Iran’s massive missile attack on Tel Aviv, Israel",en,1,Boom Live,https://www.boomlive.in/fact-check/fake-news-viral-video-tel-aviv-iranian-missiles-hitting-ai-generated-factcheck-30795,Iran missile attack
Video shows an Iranian submarine firing missiles towards Israel amid the recent military escalations between the countries.,en,1,Newschecker,https://newschecker.in/fact-check/old-unrelated-video-shared-as-irans-submarine-firing-missiles-at-israel,Iran missile attack
"Images from March 2026 authentically depict U.S.-made missile fragments at Shajareh Tayyebeh girls' school in Minab, Iran, where a strike reportedly killed at least 165 young girls, on Feb. 28, 2026.",en,0,Snopes,https://www.snopes.com/fact-check/us-missile-fragments-iran-school/,Iran missile attack
Iran launches a missile attack on Israel's Tel Aviv.,en,1,Newschecker,https://newschecker.in/fact-check/iran-launches-attack-on-israel-video-viral-with-false-claims,Iran missile attack
A video shows damage caused by an Iranian missile strike on Tel Aviv Ben Gurion airport.,en,1,AAP,https://www.aap.com.au/factcheck/social-media-bombarded-by-fake-ai-videos-of-israel-iran-conflict/,Iran missile attack
Israeli Prime Minister Benjamin Netanyahu was killed in an Iranian missile attack on Israel in early March 2026.,en,1,Snopes,https://www.snopes.com/news/2026/03/12/benjamin-netanyahu-dead-rumor/,Iran missile attack
Video shows Iran’s missile attack on US military base in Qatar.,en,1,Boom Live,https://www.boomlive.in/fact-check/viral-video-iran-missile-attack-qatar-us-military-base-claim-fact-check-28903,Iran missile attack
"""We are now the No. 1 producer of oil and natural gas anywhere in the world.""",en,3,PolitiFact,https://www.politifact.com/article/2020/jan/08/fact-checking-donald-trumps-speech-after-iran-miss/,Iran missile attack
"""Instead of saying thank you to the United States, they chanted ‘death to America.’ In fact, they chanted ‘death to America’ the day the agreement was signed.""",en,3,PolitiFact,https://www.politifact.com/article/2020/jan/08/fact-checking-donald-trumps-speech-after-iran-miss/,Iran missile attack
"""We are independent, and we do not need Middle East oil.""",en,3,PolitiFact,https://www.politifact.com/article/2020/jan/08/fact-checking-donald-trumps-speech-after-iran-miss/,Iran missile attack
"Iran was ""given $150 billion, not to mention $1.8 billion in cash.""",en,0,PolitiFact,https://www.politifact.com/article/2020/jan/08/fact-checking-donald-trumps-speech-after-iran-miss/,Iran missile attack
"""The very defective (Joint Comprehensive Plan of Action) expires shortly anyway and gives Iran a clear and quick path to nuclear breakout.""",en,1,PolitiFact,https://www.politifact.com/article/2020/jan/08/fact-checking-donald-trumps-speech-after-iran-miss/,Iran missile attack
Iran Missile Attack In Tel Aviv,en,2,NewsMobile,https://www.newsmobile.in/nm-fact-checker/verified-old-wedding-hall-fire-video-falsely-shared-as-iran-missile-attack-in-tel-aviv/,Iran missile attack
Video shows Israelis fleeing from Iranian attacks,en,1,AFP Fact Check,https://factcheck.afp.com/doc.afp.com.63VJ2NR,Iran missile attack
"The video shows real and recent visuals of Iran's missile attack on Tel Aviv, Israel.",en,1,The Quint,https://www.thequint.com/news/webqoof/massive-explosion-iran-missile-attack-on-tel-aviv-israel-viral-video-fact-check,Iran missile attack
"Fifteen Israeli A-10 jets have dropped bombs on Iran in retaliation for the latter’s missile attacks on October 1, 2024.",en,1,Rappler,https://www.rappler.com/newsbreak/fact-check/video-israel-attack-vs-iran-game-simulation/,Iran missile attack
Video shows woman's livestream disrupted by Iranian missile strike in Dubai,en,1,Alt News,https://www.altnews.in/times-now-abp-zee-republic-misreport-2020-beirut-video-as-iranian-missile-strike-in-dubai/,Iran missile attack
An aerial video shows missiles launched from Iran in an attack on Israel.,en,1,Rappler,https://www.rappler.com/newsbreak/fact-check/ai-generated-video-missile-falsely-linked-iran-israel-conflict/,Iran missile attack
Video shows blasts near Dubai’s Burj Khalifa after two jets fly past the tower.,en,1,PTI,https://www.ptinews.com/fact-detail/ai-generated-video-falsely-claims-iranian-missile-attack-near-dubais-burj-khalifa/3431648,Iran missile attack
A viral video shows Iran launching a retaliatory missile attack on Dubai’s Palm Jumeirah.,en,1,Newschecker,https://newschecker.in/fact-check/this-video-does-not-show-irans-recent-attack-on-dubai,Iran missile attack
Video shows Iran's attack on Israel in April 2024,en,1,AFP Fact Check,https://factcheck.afp.com/doc.afp.com.34PG88L,Iran missile attack
A video shows Iranian missiles hitting targets in Israel.,en,0,Full Fact,https://fullfact.org/online/iran-israel-strike-video-wildfire/,Iran missile attack
Video shows a man in Israel’s Tel Aviv hiding in a tunnel to escape from the Iranian missiles.,en,1,FACTLY,https://factly.in/an-old-video-from-new-york-is-being-falsely-shared-as-visuals-of-a-man-hiding-from-iranian-missile-strikes-in-israel/,Iran missile attack
Dangerous missile launched during Iran Israel war,en,1,vishvasnews.com,https://www.vishvasnews.com/english/world/fact-check-viral-missile-video-is-not-linked-to-iran-israel-conflict-footage-is-from-russia-ukraine-war/,Iran missile attack
The Israeli Defense Headquarters collapsed. In an Iranian missile attack. Alhamdulillah.,en,2,Rumor Scanner,https://rumorscanner.com/en/fact-check-en/iran-missile-israel-defense-hq-old-lebanon-video-claim/154001,Iran missile attack
Video shows Iran bombing US military base in Iran,en,1,AFP Fact Check,https://factcheck.afp.com/doc.afp.com.34FG2BH,Iran missile attack
Footage shows Tel Aviv “burning” as a result of missile strikes from Iran.,en,3,Full Fact,https://fullfact.org/online/tel-aviv-israel-burning-missile-iran/,Iran missile attack
“The Pakistani army entered Iran and struck and destroyed a number of bases belonging to terrorist separatist groups based in Iran with missiles and drones.”,en,1,VOA,https://www.voanews.com/a/fact-check-missile-strike-exchanges-between-iran-and-pakistan-prompt-viral-fakes-on-x/7457467.html,Iran missile attack
Video shows the evacuation of Israeli passengers after an Iranian missile strike targeted an Israeli airport.,en,1,BOOM Fact Check,https://www.boomlive.in/fact-check/viral-video-evacuation-israeli-passengers-airport-israel-iran-missile-attack-claim-fact-check-30784,Iran missile attack
"Iranian strikes on Iraq on the night of January 7-8, 2020",en,2,AFP Fact Check,https://factcheck.afp.com/iranian-strikes-iraq-decontextualized-videos-abound,Iran missile attack
Photos show Iran missile attacks on Israel,en,1,AFP Fact Check,https://factcheck.afp.com/doc.afp.com.34PG2N8,Iran missile attack
"Video of explosion shows Iranian attack on Jaffa near Tel Aviv, Israel",en,1,Alt News,https://www.altnews.in/video-of-missile-attack-on-sevastopol-crimea-in-2024-viral-as-recent-iranian-offensive-on-jaffa-near-tel-aviv-israel/,Iran missile attack
Video shows Iranian missile hitting Israeli target,en,1,Alt News,https://www.altnews.in/tv9-kannada-and-others-share-ai-video-linking-to-iran-israel-conflict/,Iran missile attack
Videos showing strikes from recent Israel-Iran conflict,en,1,BOOM Fact Check,https://www.boomlive.in/fact-check/fake-news-viral-videos-iran-strikes-israel-old-videos-october-2024-fact-check-28811,Iran missile attack
Video shows Iranian missiles over Tel Aviv,en,1,Alt News,https://www.altnews.in/israel-defense-forces-shared-an-old-video-as-iranian-missiles-over-israel-recently/,Iran missile attack
Video shows Iranian missiles attacking the Israeli Defence Ministry headquarters in Tel Aviv.,en,1,FACTLY,https://factly.in/a-2015-video-from-china-falsely-shared-as-irans-missile-attack-on-israeli-defense-ministry-headquarters-during-the-june-2025-iran-israel-conflict/,Iran missile attack
"During the Israel-Hamas war in October 2023, Iranian officials said that if Iran were attacked, it would respond with missile strikes on Israel from Lebanon, Yemen and Iran, and send Iranian fighters into Israel from Syria.",en,3,Snopes,https://www.snopes.com/fact-check/iran-missile-strikes-on-israel-if-attacked/,Iran missile attack
Yemen fired missiles at Israel the same time as Iran attack,en,1,Newschecker,https://newschecker.in/fact-check/viral-video-claiming-to-show-missile-attack-on-israel-is-9-years-old,Iran missile attack
"A video authentically showed Iranian missiles striking Israel around June 18, 2025.",en,3,Snopes,https://www.snopes.com/fact-check/iran-israel-india-pakistan-video/,Iran missile attack
"""Iran only had $4 billion in the foreign exchange when they took office. They now have $70 billion. Iran only produced 400,000 barrels of oil a day when they — when Biden took office. They now produce 3 million.""",en,3,The Washington Post,https://www.washingtonpost.com/politics/2023/10/25/iran-oil-sales-are-surging-hamas-is-terrorizing-is-biden-blame/,Iran sanctions US
"""Sadly, American taxpayer dollars helped fund these [Hamas] attacks.""",en,1,FactCheck.org,https://www.factcheck.org/2023/10/republican-claims-on-hamas-attack-and-iran-funds-distort-the-facts/,Iran sanctions US
"“The Obama Administration is now accused of trying to give Iran secret access to the financial system of the United States. This is totally illegal.""",en,3,The Washington Post,https://www.washingtonpost.com/news/fact-checker/wp/2018/06/08/trumps-claim-that-the-obama-administrations-action-on-iran-was-totally-illegal/,Iran sanctions US
"“When I came into office, Iran had $70 billion in foreign exchange reserves. … By the time I left, they had nothing. They were broke.”",en,0,PolitiFact,https://www.politifact.com/factchecks/2023/oct/26/donald-trump/iran-foreign-reserves-plummeted-trump-watch/,Iran sanctions US
The Obama administration secretly bribed Iran to release four prisoners in January 2016.,en,1,Snopes,https://www.snopes.com/fact-check/obama-bribed-iran-400-million-to-release-u-s-prisoners/,Iran sanctions US
The Biden administration granted Iran $10 billion in sanctions relief days after Donald Trump won the 2024 U.S. presidential election.,en,2,Snopes,https://www.snopes.com/fact-check/biden-iran-sanctions-waiver/,Iran sanctions US
Videos show Iran relocating nuclear facilities,en,1,AFP Fact Check,https://factcheck.afp.com/doc.afp.com.63W36ZP,Iran uranium enrichment
"In 2010, Clinton ""said Iran could enrich uranium. In 2014 she said she’s always argued against it.""",en,1,PolitiFact,https://www.politifact.com/factchecks/2016/jul/20/mitch-mcconnell/did-hillary-clinton-flip-flop-iran-nuclear-enrichm/,Iran uranium enrichment
“Iran has stockpiled 10 times as much enriched uranium as it had” in 2016.,en,0,PolitiFact,https://www.politifact.com/factchecks/2020/sep/17/joe-biden/joe-biden-says-under-donald-trump-irans-uranium-st/,Iran uranium enrichment
"“As repeatedly stated before, Iran's nuclear program has only peaceful purposes, and nuclear weapons have no place in the Iranian defense doctrine.”",en,2,VOA,https://www.voanews.com/a/fact-check-despite-denials-escalation-of-iran-s-nuclear-program-clear/7105724.html,Iran uranium enrichment
A satellite image from June 2025 shows truck activity at Iran's Fordo nuclear facility before U.S. strikes.,en,0,Snopes,https://www.snopes.com/fact-check/iran-us-strikes-satellite-image-trucks/,Iran uranium enrichment
A video shows US soldiers returning home amid April 2026 US-Iran ceasefire,en,1,AFP Fact Check,https://factcheck.afp.com/doc.afp.com.A77E9WF,US troops Iran
Video of US soldiers killed in Middle East war in 2026,en,1,AFP Fact Check,https://factcheck.afp.com/doc.afp.com.99UP4ZQ,US troops Iran
Images show US soldiers captured in Iran.,en,1,Full Fact,https://fullfact.org/conflict/captured-us-soldiers-iran-image-fake/,US troops Iran
A video shows a US fighter jet downed in Iran,en,1,AFP Fact Check,https://factcheck.afp.com/doc.afp.com.A6PG7WE,US troops Iran
A video shows US surging troops to the Middle East amid ceasefire with Iran,en,1,AFP Fact Check,https://factcheck.afp.com/doc.afp.com.A7EJ8ZQ,US troops Iran
"Following the announcement of a two-week ceasefire between the United States and Iran, US President Donald Trump is expected to visit the Philippines soon, with Air Force One allegedly set to land for a historic trip.",en,1,Rappler,https://www.rappler.com/newsbreak/fact-check/no-donald-trump-philippines-visit-united-states-iran-ceasefire/,US troops Iran
A video shows Trump honoring the US troops killed in the Iran war,en,2,AFP Fact Check,https://factcheck.afp.com/doc.afp.com.A2K24T3,US troops Iran
Video shows U.S. soldiers captured by Iran,en,1,BOOM Fact Check,https://www.boomlive.in/fact-check/fake-news-viral-video-us-soldiers-captured-by-iran-ai-video-factcheck-30822,US troops Iran
"In response to a question about whether U.S. President Donald Trump would put troops on the ground in Iran that also included mention of a potential military draft, White House Press Secretary Karoline Leavitt said, ""It is not part of the current plan right now but the president again wisely keeps his options on the table.""",en,0,Snopes,https://www.snopes.com/fact-check/trump-draft-iran-leavitt/,US troops Iran
"28 Democrats have demanded an investigation into Defense Secretary Pete Hegseth after hundreds of troops reported commanders pushing ""end-times Christian fascism"" as a justification for the Iran war.",en,0,Snopes,https://www.snopes.com/fact-check/hegseth-iran-war-christian-rhetoric/,US troops Iran
"""The missiles that were launched at American forces in Iraq from Iran, were funded by Barack Obama, with American tax dollars.""",en,1,PolitiFact,https://www.politifact.com/factchecks/2020/jan/10/facebook-posts/iranian-missiles-aimed-us-troops-were-not-funded-a/,US troops Iran
Authentic video shows US troops captured in Iran.,en,1,Lead Stories,https://leadstories.com/hoax-alert/2026/03/fact-check-video-does-not-show-us-troops-captured-in-iran.html,US troops Iran
Viral story that says U.S. soldiers are refusing orders to deploy to Iran contains verifiable details,en,3,Lead Stories,https://leadstories.com/hoax-alert/2026/03/fact-check-fake-story-claims-us-soldiers-are-refusing-orders-to-deploy-to-iran-en-masse.html,US troops Iran
"The ICC has taken no action against Hamas, Iran or Hezbollah.",en,2,AAP,https://www.aap.com.au/factcheck/jurisdictional-limits-prevent-icc-warrants-for-iran-and-hezbollah-leaders/,Iran Hamas support
Video depicts Iranian drone strike on a Citibank office in Dubai.,en,1,AFP Fact Check,https://factcheck.afp.com/doc.afp.com.A4QQ8T4,Iran drone attack
Footage of damage to Dubai airport from Iranian missile attack,en,1,AFP Fact Check,https://factcheck.afp.com/doc.afp.com.A69Q7G4,Iran drone attack
Iran's retaliatory attack in Dubai with the assist of China,en,1,AFP Fact Check,https://factcheck.afp.com/doc.afp.com.A2LT363,Iran drone attack
A video shows Dubai's airport hit by an Iranian strike,en,1,AFP Fact Check,https://factcheck.afp.com/doc.afp.com.A3U22KE,Iran drone attack
Video shows impact of Iranian drone strike on Israeli PM Netanyahu's office,en,1,AFP Fact Check,https://factcheck.afp.com/doc.afp.com.A4CA2WH,Iran drone attack
Photo of fire raging at US embassy in Riyadh after Iranian attack.,en,1,AFP Fact Check,https://factcheck.afp.com/doc.afp.com.A2MX663,Iran drone attack
Footage of the USS Abraham Lincoln after it was hit by Iranian missiles.,en,1,AFP Fact Check,https://factcheck.afp.com/doc.afp.com.A2LM9CQ,Iran drone attack
Footage of Iranian Attack on US Al Udeid Military Base in Qatar,en,1,vishvasnews.com,https://www.vishvasnews.com/english/world/fact-check-viral-video-falsely-linked-to-iranian-attack-on-us-al-udeid-military-base-in-qatar-is-ai-generated/,Iran drone attack
Video shows CIA headquarters in Dubai after Iranian drone strike,en,1,AFP Fact Check,https://factcheck.afp.com/doc.afp.com.99NZ7WE,Iran drone attack
"Iran fired 1,800 missiles at the Burj Khalifa in Dubai, which engulfed the iconic skyscraper in flames.",en,3,Newschecker,https://newschecker.in/fact-check/news/burj-khalifa-fire-is-ai,Iran drone attack
"A viral video showing massive flames and thick black smoke is being shared as footage of the US Embassy in Riyadh, Saudi Arabia, after it was struck by two Iranian drones amid the ongoing West Asia crisis.",en,1,Newschecker,https://newschecker.in/fact-check/old-video-falsely-linked-to-irans-drone-attack-on-us-embassy-in-riyadh,Iran drone attack
Footage shows a recent Iranian strike on a building in Bahrain housing US officers.,en,1,Full Fact,https://fullfact.org/conflict/miscaptioned-footage-bahrain-iran-russia-kyiv/,Iran drone attack
Video shows an attack on a building in the UAE during recent Iranian strikes.,en,2,BOOM Fact Check,https://www.boomlive.in/fact-check/viral-video-fire-building-uae-dubai-iran-attack-claim-fact-check-30796,Iran drone attack
"In March 2026, the FBI warned law enforcement agencies in California of a potential threat from Iranian drone strikes.",en,0,Snopes,https://www.snopes.com/fact-check/fbi-california-iran-drone-strikes/,Iran drone attack
Video of US military shooting down an Iranian drone in February 2026.,en,1,AFP Fact Check,https://factcheck.afp.com/doc.afp.com.96Y37WE,Iran drone attack
"Video shows failed Iranian drone in April 13, 2024, attack against Israel",en,1,USA Today,https://www.usatoday.com/story/news/factcheck/2024/04/16/iran-israel-attack-drone-stuck-lines/73330476007/,Iran drone attack
A video shows an Iranian drone in Israel.,en,1,Full Fact,https://fullfact.org/conflict/old-video-kyiv-drone-not-israel-iran-june-2025/,Iran drone attack
A video shows an Iranian drone strike on a Bahrain hotel housing US troops,en,1,AFP Fact Check,https://factcheck.afp.com/doc.afp.com.A3HH9KE,Iran drone attack
Video shows Iran carried out a drone strike on a hotel in Bahrain which was residing the US military personnel,en,1,BOOM Fact Check,https://www.boomlive.in/fact-check/fake-news-viral-video-iran-drone-strike-hotel-bahrain-unrelated-video-russia-drone-strike-kyiv-ukraine-factcheck-30816,Iran drone attack
Iranian drone targeted for Israel in April 2024 caught in Iraq power line,en,1,AFP Fact Check,https://factcheck.afp.com/doc.afp.com.34PG49G,Iran drone attack
"This video shows Iran's drone attack on Saudi Arabia, in retaliation of US-Israel's attack on Iran.",en,1,The Quint,https://www.thequint.com/news/webqoof/old-video-2024-yemen-israel-strike-saudi-arabia-iran-us-fact-check,Iran drone attack
Video shows Drone strike on US embassy in Riyadh,en,1,Alt News,https://www.altnews.in/old-clip-has-been-shared-as-two-iranian-drones-strike-the-us-embassy-in-riyadh/,Iran drone attack
Video of US drone strike killing Iran's Quds Force commander General Qassem Soleimani?,en,1,AFP Fact Check,https://factcheck.afp.com/footage-has-been-taken-video-game,Iran drone attack
Video shows Iranian attack in Dubai,en,1,Alt News,https://www.altnews.in/aaj-tak-ndtv-news-18-india-today-shows-a-video-falsely-claiming-dubai-under-attack/,Iran drone attack
Video shows drone attacks by Iran in Israel,en,1,The Quint,https://www.thequint.com/news/webqoof/israel-defense-force-iran-launched-multiple-ballistic-missiles-fact-check,Iran drone attack
Video is of drone attack that killed top Iranian general Qassem Soleimani,en,1,India Today,https://www.indiatoday.in/fact-check/story/fact-check-is-this-the-video-of-us-drone-strike-that-killed-iranian-general-soleimani-1634526-2020-01-06,Iran drone attack
Video shows Iranian drone attacks in Israel recently.,en,1,The Quint,https://www.thequint.com/news/webqoof/drone-attacks-explosions-in-kyiv-ukraine-not-iranian-drone-in-israel-fact-check,Iran drone attack
A video shows the U.S.-ordered drone strike that killed Iran Gen. Qassem Soleimani.,en,1,Snopes,https://www.snopes.com/fact-check/video-of-drone-strike-soleimani/,Iran drone attack
Photos show US vehicles attacked by Iranian drones in Syria in April,en,1,AFP Fact Check,https://factcheck.afp.com/doc.afp.com.33DL2XB,Iran drone attack
"Video shows Iran's attack on Israel on October 1, 2024",en,1,AFP Fact Check,https://factcheck.afp.com/doc.afp.com.36HY8MF,Iran drone attack
"“Russian [drone] equipment is being used, you know about it, with Russian designations.”",en,1,VOA,https://www.voanews.com/a/fact-check-russia-denies-using-iranian-drones-ukraine-has-downed-200-/6796647.html,Iran drone attack
A video shows Iranian drones reaching Israel during an April 2024 attack,en,1,AFP Fact Check,https://factcheck.afp.com/doc.afp.com.34PK6RV,Iran drone attack
U.S. President Barack Obama authorized more than 500 drone strikes.,en,0,Snopes,https://www.snopes.com/fact-check/obama-drone-strikes/,Iran drone attack
Video shows US drone strike on Iranian General Soleimani,en,1,Boom Live,https://www.boomlive.in/fake-news/video-game-clip-viral-as-drone-attack-on-iranian-general-soleimani-6489,Iran drone attack
"Photo of Israeli billionaire’s cargo ship, which was hit by a drone in the Indian Ocean.",en,1,Newschecker,https://newschecker.in/fact-check/2019-photo-falsely-claimed-as-suspected-drone-attack-on-israeli-billionaires-ship-in-2023,Iran drone attack
Video shows Dubai's international airport up in flames,en,1,BOOM Fact Check,https://www.boomlive.in/fact-check/fake-news-viral-video-dubai-airport-on-fire-iran-drone-attack-old-video-ajman-market-uae-fire-factcheck-30870,Iran drone attack
"A video shows Iranian drone entangled in power lines in Iraq on April 14, 2024 when it launched aerial attack on Israel.",en,1,DigitEye India,https://digiteye.in/old-video-clip-of-drone-entangled-in-power-lines-in-syria-linked-to-recent-irans-drone-attack-on-israel-fact-check/,Iran drone attack
Israeli Prime Minister Benjamin Netanyahu was killed in an Iranian drone attack targeting,en,1,Fact Crescendo Sri Lanka,https://srilanka.factcrescendo.com/english/no-netanyahu-not-killed-iranian-drone-attack/,Iran drone attack
"Mohammad-Javad Larijani, a former adviser to Iran's supreme leader, Ayatollah Ali Khamenei, said on Iranian television, “[Trump] can no longer sunbathe in Mar-a-Lago. [...] When his stomach is facing the sun, a drone can hit his navel.”",en,0,Snopes,https://www.snopes.com/fact-check/iran-trump-drone-sunbathing-mar-a-lago/,Iran drone attack
"Iran ""also has some Tomahawks.""",en,1,PolitiFact,https://www.politifact.com/factchecks/2026/mar/10/donald-trump/trump-tomahawk-missile-iran-school/,US strike Iran
"The bombing of an all girls elementary school in Iran ""was done by Iran.""",en,3,FactCheck.org,https://www.factcheck.org/2026/03/without-providing-evidence-trump-pins-school-bombing-on-iran/,US strike Iran
Video of US oil tanker on fire after Iran attack in Strait of Hormuz.,en,1,AFP Fact Check,https://factcheck.afp.com/doc.afp.com.A33W2KE,US strike Iran
Image shows American radar equipment in Qatar destroyed by Iran,en,3,AFP Fact Check,https://factcheck.afp.com/doc.afp.com.A2B239E,US strike Iran
Iran bombs US embassy in Ethiopia,en,1,AFP Fact Check,https://factcheck.afp.com/doc.afp.com.A27C7WE,US strike Iran
A video shows Iranian forces striking a US ship in the Indian Ocean,en,1,AFP Fact Check,https://factcheck.afp.com/doc.afp.com.A2AL99E,US strike Iran
Video shows a US warship taking out an Iranian plane in 2026,en,1,AFP Fact Check,https://factcheck.afp.com/doc.afp.com.99RC6T3,US strike Iran
A video shows the US embassy in Riyadh on fire after Iranian drone strikes,en,1,AFP Fact Check,https://factcheck.afp.com/doc.afp.com.99XG29E,US strike Iran
A video shows Israelis on a beach fleeing Iranian missiles,en,1,AFP Fact Check,https://factcheck.afp.com/doc.afp.com.A3YF6G4,US strike Iran
Videos show US strikes on Iran,en,1,AFP Fact Check,https://factcheck.afp.com/doc.afp.com.63DM9KF,US strike Iran
"“You remember they [Iran] fired. They hit one of our drones and I hit them. …. They called us to tell us that we’re going to hit back. Here’s the target, but we’re not going to hit the target. We’re going to just miss it.""",en,3,The Washington Post,https://www.washingtonpost.com/politics/2023/11/15/no-iran-didnt-deliberately-avoid-hitting-us-base-trump-claims/,US strike Iran
Video shows Iran destroying a US air base in Saudi Arabia.,en,1,Boom Live,https://www.boomlive.in/fact-check/viral-video-iran-attack-us-air-base-saudi-arabia-claim-fact-check-30782,US strike Iran
"U.S. Navy Rear Adm. Paul Lanzilotta refused President Donald Trump's order to attack Iran by issuing ""a formal legal rebuttal"" that froze the chain of command until Trump's deadline to attack passed.",en,1,Snopes,https://www.snopes.com/fact-check/navy-admiral-refuse-trump-order/,US strike Iran
"A clip shows a heavy water nuclear plant in the city of Arak, Iran attacked by the US",en,1,AFP Fact Check,https://factcheck.afp.com/doc.afp.com.63X6862,US strike Iran
A video shows an anti-war protest in the US after strikes on Iran,en,1,AFP Fact Check,https://factcheck.afp.com/doc.afp.com.63GV8CP,US strike Iran
A video shows the United States launching an attack on Iran’s Fordow nuclear enrichment plant.,en,1,Rappler,https://www.rappler.com/newsbreak/fact-check/video-us-airstrike-iran-nuclear-plant-uses-ai-unrelated-clips/,US strike Iran
US bombers used Indian airspace to conduct airstrikes on Iran.,en,1,BOOM Fact Check,https://www.boomlive.in/fact-check/us-airstrikes-iran-indian-airspace-claim-fact-check-28864,US strike Iran
An FB reel showing the United States bombing Iran's nuclear facilities.,en,1,VERA Files,https://verafiles.org/articles/fact-check-a-2020-beirut-blast-passed-off-as-us-strike-on-iran-nuclear-sites,US strike Iran
"Video shows United States forces attacking Iran, which has been engaged in military offensives with Israel this June 2025.",en,1,VERA Files,https://verafiles.org/articles/fact-check-clip-from-balikatan-exercises-passed-off-as-us-attack-on-iran,US strike Iran
Videos show the US bombing of Iranian nuclear sites.,en,1,AAP,https://www.aap.com.au/factcheck/us-strikes-on-iran-spark-fresh-wave-of-disinformation/,US strike Iran
"In 1988, in response to Iran’s attack on the U.S.S. Samuel Roberts, President Ronald Reagan ""destroyed half of Iran’s Navy.""",en,0,PolitiFact,https://www.politifact.com/factchecks/2020/jan/15/facebook-posts/yes-president-reagan-destroyed-about-half-irans-na/,US strike Iran
United States of America (USA) used Indian airspace to conduct recent strikes against Iran.,en,1,The Quint,https://www.thequint.com/news/webqoof/united-states-used-indian-airspace-iran-strikes-viral-claim-fact-check,US strike Iran
The video shows Americans destroying police vehicles in protest against Donald Trump following the US attack on Iran.,en,2,FACTLY,https://factly.in/unrelated-video-is-shared-as-americans-protesting-against-trump-over-the-us-attack-on-iran/,US strike Iran
Video shows the Indian Navy struck an Iranian naval ship with a missile destroying it near the port of Bandar Abbas,en,1,BOOM Fact Check,https://www.boomlive.in/fact-check/fake-news-viral-video-indian-navy-attack-iran-ship-fact-checkn-30938,US strike Iran
"During an interview in 2008, then-presidential candidate Hillary Clinton said ""I want the Iranians to know that if I'm the president, we will attack Iran.""",en,0,Snopes,https://www.snopes.com/fact-check/hillary-clinton-iran-attack/,US strike Iran
Gilberto Teodoro Jr. is alarmed because the Philippines could be the next target of Iran's attacks amid the ongoing geopolitical conflict between Iran and the United States.,en,1,VERA Files,https://verafiles.org/articles/fact-check-philippines-not-irans-next-target,US strike Iran
Footage authentically depicts the U.S. striking Iranian jets during its March 2026 military campaign.,en,3,Snopes,https://www.snopes.com/fact-check/video-iran-aircraft-bombed/,US strike Iran
"A purported airstrike on an oil facility in Saudi Arabia amid escalating tensions in the Middle East after Israel and the US launched strikes across Iran on Saturday (February 28, 2026), with Iran retaliating with strikes across the region.",en,2,Newschecker,https://newschecker.in/fact-check/us-israel-conflict-with-iran-old-video-of-israeli-strike-on-yemen-port-shared-as-attack-on-saudi-oil-facility,US strike Iran
video shows USA attacking Iran's nuclear facilities.,en,1,The Quint,https://www.thequint.com/news/webqoof/us-launched-airstrikes-irans-top-nuclear-facilities-old-video-syria-fact-check,US strike Iran
Demonstration in USA against Iran attack,en,1,vishvasnews.com,https://www.vishvasnews.com/english/world/fact-check-viral-video-shows-anti-trump-protest-in-the-us-not-a-demonstration-against-iran-attack/,US strike Iran
Video shows US strikes on Iran and Syria in June 2024,en,1,USA Today,https://www.usatoday.com/story/news/factcheck/2024/06/28/us-strikes-iran-syria-fact-check/74246261007/,US strike Iran
The video claims to show Iran's attack on the US airbase in Qatar.,en,2,PTI,https://www.ptinews.com/fact-detail/9-11-attack-footage-falsely-shared-as-irans-strike-on-us-airbase-in-qatar/3315919,US strike Iran
US used Indian Airspace to strike Iran’s Nuclear sites,en,2,NewsMobile,https://www.newsmobile.in/nm-fact-checker/fact-check-us-did-not-use-indian-airspace-to-strike-iran/,US strike Iran
A video authentically showed the aftermath of “bunker-busting” bombs dropped by U.S. military at the Fordo nuclear facility in Iran in late June 2025.,en,3,Snopes.com,https://www.snopes.com/fact-check/fordo-nuclear-site-iran-bombs-video/,US strike Iran
The viral video showing a massive crater in a mountainous area is evidence of a U.S. bunker-buster missile strike on an Iranian nuclear facility.,en,1,FACTLY,https://factly.in/an-old-video-of-a-large-hole-in-a-mountain-is-falsely-shared-as-the-aftermath-of-the-u-s-attack-on-irans-nuclear-facilities/,US strike Iran
The video is recent and shows IRGC launcher operators surrendering before an Israeli drone.,en,1,The Quint,https://www.thequint.com/news/webqoof/irgc-launcher-operators-surrendering-israel-drone-viral-video-fact-check,Iran Revolutionary Guard
This image shows an IRGC operative who surrendered during the ongoing US-Israel-Iran War.,en,1,India Today,https://www.indiatoday.in/fact-check/story/fact-check-ai-generated-drone-footage-shared-as-irgc-operatives-surrendering-before-idf-2881119-2026-03-12,Iran Revolutionary Guard
"A video shows a man tearing down a flag from a building, shared as a current protest in Iran. ""Protesters, brave patriots in Iran, have taken control of an IRGC headquarters and lowered the republic's flag,"" the user wrote in Spanish on X.",en,1,DW.com,https://www.dw.com/en/fact-check-iran-protests-ai-fakes-blackout-disinformation/a-75504757,Iran Revolutionary Guard
"Iran’s Islamic Revolutionary Guard Corps (IRGC) takes a covert photo of Israeli PM Benjamin Netanyahu sitting in his office, publishes it with a chilling warning.",en,3,Newschecker,https://newschecker.in/fact-check/did-iran-issue-a-covert-photo-of-netanyahu-in-office-with-a-threat-no-viral-image-is-edited,Iran Revolutionary Guard
Islamic Revolutionary Guard Corps (IRGC) commander-in-chief Gen. Hossein Salami was killed in Israel's airstrikes on Iran's nuclear site in Natanz.,en,1,VERA Files,https://verafiles.org/articles/fact-check-irans-top-general-not-killed-in-nuclear-site-airstrike,Iran Revolutionary Guard
“IRGC is the biggest and most successful anti-terrorist entity.”,en,1,VOA,https://www.voanews.com/a/fact-check-iran-s-false-defense-of-revolutionary-guard-corps-/6930547.html,Iran Revolutionary Guard
"""During the Payambar-e Azam 14 (The Great Prophet) war games in south Iran, IRGC successfully launched underground ballistic missiles for the first time in the world.""",en,1,VOA,https://www.voanews.com/a/Iran-drills-irgc-missles-fact-check/6742518.html,Iran Revolutionary Guard
"“You will be judged by God, then you will know what kind of a man he was. Haj Qassem Soleimani, he was a man who prayed all night and fasted all day. He only fights in a place where the enemies of God and humans are, he never lifted his hand against any Muslim, he never lifted a weapon in the face of any Muslim.”",en,1,VOA,https://www.voanews.com/a/soleimani-waged-war-against-muslims/6742299.html,Iran Revolutionary Guard
Rice-for-oil agreement with Iran is a unique initiative by Modi Government,en,1,Alt News,https://www.altnews.in/no-rice-for-oil-agreement-between-india-and-iran-is-not-a-modi-govt-initiative/,Iran oil sanctions
Viral video showing PM Modi announcing free LPG cylinders under the Ujjwala scheme.,en,1,FACTLY,https://factly.in/viral-video-of-pm-modi-announcing-free-lpg-cylinders-under-ujjwala-scheme-is-fake/,LPG shortage India
"On the domestic LPG cylinders, the State Government levy a tax of 55% whereas the Central Government’s tax is just 5%",en,1,FACTLY,https://factly.in/a-gst-of-5-per-cent-is-levied-on-the-domestic-lpg-cylinders-no-state-imposes-55-per-cent-tax/,LPG gas price India
The state tax on LPG cylinders is higher than the Centre's taxes. The Central govt levies only 5% on an LPG cylinder whereas the state tax is 55%.,en,1,India Today,https://www.indiatoday.in/fact-check/story/fact-check-viral-post-falsely-claims-that-state-levies-more-tax-on-lpg-cylinder-than-centre-1829147-2021-07-16,LPG gas price India
LPG was more expensive during Congress,en,1,Alt News,https://www.altnews.in/fact-check-did-lpg-cost-more-during-upa-than-under-bjp-government/,LPG gas price India
An article reporting the huge drop in Petrol and Diesel prices across the country,en,1,FACTLY,https://factly.in/this-article-reporting-drastic-reduction-in-petrol-and-diesel-prices-across-the-country-is-a-clickbait-article/,petrol diesel price India
India surpassed Japan to become the fourth largest economy; India is currently a $4 trillion economy,en,1,Alt News,https://www.altnews.in/india-is-not-the-fourth-largest-or-a-4-trillion-economy-yet-niti-aayog-ceos-claim-citing-imf-data-misleading/,India GDP growth
India's GDP crossed $4 trillion,en,1,Boom Live,https://www.boomlive.in/fact-check/how-false-claims-of-indias-gdp-touching-4-trillion-went-viral-23634,India GDP growth
"From being third largest economy in 2011, India has slipped to 164th fastest growing nation in the world in 2021",en,2,FACTLY,https://factly.in/india-is-still-the-third-largest-economy-in-terms-of-purchasing-power-parity/,India GDP growth
India rated highly on all investment and macro-economic indicators.,en,0,FACTLY,https://factly.in/fact-checking-claims-on-indias-economic-growth-vs-global-economic-growth/,India GDP growth
India’s GDP in current prices increased by 31% between 2013 and 2017 while the global GDP increased by 4%,en,0,FACTLY,https://factly.in/fact-checking-claims-on-indias-economic-growth-vs-global-economic-growth/,India GDP growth
India remains the world’s fastest growing large economy.,en,0,FACTLY,https://factly.in/fact-checking-claims-on-indias-economic-growth-vs-global-economic-growth/,India GDP growth
India is not the worst performing economy as far as GDP growth for April-June 2020 is concerned.,en,2,FACTLY,https://factly.in/data-is-indias-gdp-growth-rate-the-worst-among-major-economies-for-april-june-2020/,India GDP growth
Food inflation down: 9.19% (2014) to 5.44% (2015) to 6.29% (2016) 1.29% (2017) to 3% (2018).,en,0,FACTLY,https://factly.in/fact-checking-government-claims-on-gdp-growth-inflation/,India GDP growth
"Economy growing at a robust rate, with 7.4% GDP growth forecast for FY 2018-19.",en,1,FACTLY,https://factly.in/fact-checking-government-claims-on-gdp-growth-inflation/,India GDP growth
Falling overall inflation: 8.48% (2014) to 4.87% (2015) to 5.47% (2016) to 2.99% (2017) to 4.58% (2018).,en,0,FACTLY,https://factly.in/fact-checking-government-claims-on-gdp-growth-inflation/,India GDP growth
India is no more the world's third largest economy,en,2,BOOM Fact Check,https://www.boomlive.in/fact-check/economy/india-3rd-largest-economy-164-economic-growth-narendra-modi-gdp-size-china-usa-ppp-18488,India GDP growth
Indian Economy Slipped From 3rd Largest Economy In 2011 To 164th In 2021.,en,2,Newschecker,https://newschecker.in/fact-check/3rd-largest-economy-164th-in-2021-false,India GDP growth
India’s annual GDP growth rate went lower than Pakistan’s annual GDP growth rate for the first time in the last 70 years.,en,1,FACTLY,https://factly.in/indias-gdp-growth-rate-went-lower-than-pakistans-gdp-growth-rate-multiple-times-in-the-last-70-years/,India GDP growth
"IMF estimates a 1.9% GDP growth in India for the year 2020, the highest in 2020 among major economies",en,2,FACTLY,https://factly.in/imfs-april-2020-estimate-of-1-9-gdp-growth-in-india-fell-to-4-5-in-recent-estimates/,India GDP growth
This video shows India's GDP data and was published by BBC.,en,1,The Quint,https://www.thequint.com/news/webqoof/bbc-did-not-publish-anything-about-indias-gdp-growth-fact-check,India GDP growth
India to grow at 8% in 2020,en,1,BOOM Fact Check,https://www.boomlive.in/fact-check/bjp-imf-twitter-gdp-growth-8-115-2020-estimates-11738,India GDP growth
IMF predicts positive growth rate for India in 2020,en,1,Alt News,https://www.altnews.in/bjp-shares-old-imf-data-to-make-misleading-claim-about-indian-gdp-growth-projection/,India GDP growth
"The sales of cars grew by 7.92% under UPA government’s term whereas under the current NDA government, it has fallen by 36%.",en,0,FACTLY,https://factly.in/fact-check-how-true-are-congress-partys-claims-about-exports-growth-unemployment-rate-and-other-things/,India GDP growth
"The growth of exports under UPA government’s term had increased by 69% while under the current NDA government, it shows a negative growth of 9.71%.",en,0,FACTLY,https://factly.in/fact-check-how-true-are-congress-partys-claims-about-exports-growth-unemployment-rate-and-other-things/,India GDP growth
"During UPA government’s tenure, the unemployment rate was 2.2% while under NDA government, the unemployment rate is 7.9%.",en,0,FACTLY,https://factly.in/fact-check-how-true-are-congress-partys-claims-about-exports-growth-unemployment-rate-and-other-things/,India GDP growth
GDP growth rate was 8.02% during the UPA government’s tenure while it is only 5% under NDA government.,en,2,FACTLY,https://factly.in/fact-check-how-true-are-congress-partys-claims-about-exports-growth-unemployment-rate-and-other-things/,India GDP growth
India went from 3rd largest economy to 164th fastest growing economy from 2011 to 2021,en,2,Factchecker,https://www.factchecker.in/fact-check/subramanian-swamy-congs-udit-raj-make-misleading-claim-on-indias-economic-growth-826085,India GDP growth
"Corona era, India surpassed other countries in terms of GDP.",en,0,vishvasnews.com,https://www.vishvasnews.com/english/politics/https-www-vishvasnews-com-english-politics-fact-check-india-economic-gdp-growth-rate-projections-comparing-other-countries-is-misleading/,India GDP growth
US GDP contracted by 33 per cent and India by 23 per cent,en,1,The Quint,https://www.thequint.com/news/webqoof/us-economy-contracted-by-9-per-cent-not-33-in-comparison-with-india,India GDP growth
Rupee-dollar exchange rate has slipped by only one rupee since 2014,en,1,Alt News,https://www.altnews.in/fact-check-has-the-rupee-dollar-exchange-rate-slipped-by-only-one-rupee-since-2014/,rupee dollar rate
"In 1917, one rupee was equal to $13 USD whereas in 2014 $1 USD was equal to Rs. 63.",en,1,FACTLY,https://factly.in/no-the-value-of-one-rupee-in-1917-was-not-equal-to-13-usd/,rupee dollar rate
1 Rupee was equal to 13 Dollars in 1917,en,1,Newschecker,https://newschecker.in/fact-check/did-1-rupee-equal-13-us-in-1917-no-viral-claim-is-false,rupee dollar rate
18% GST is applicable on education in India,en,2,FACTLY,https://factly.in/18-gst-is-applicable-only-for-private-coaching-institutes-services-provided-by-regular-and-vocational-educational-institutes-are-gst-free/,GST India
"This is the first-time since the Independence that food grains (cereals), flour have been taxed in India",en,1,FACTLY,https://factly.in/food-grains-were-taxed-in-india-under-vat-even-before-the-implementation-of-gst/,GST India
Comparison of GST rates of certain goods with that of their pre-GST tax rates,en,2,FACTLY,https://factly.in/this-comparison-of-pre-post-gst-taxes-on-different-goods-and-services-is-not-rational/,GST India
GST rates vary based on the total billed amount on the purchases made,en,1,FACTLY,https://factly.in/gst-rate-varies-based-on-the-products-purchased-not-on-the-total-billed-amount/,GST India
"₹96,000 should be paid as GST if the marriage budget is ₹5 lakh",en,2,FACTLY,https://factly.in/marriages-in-india-are-gst-free-irrespective-of-the-expenses-gst-is-applicable-only-on-goods-or-services-used-at-that-time/,GST India
India will now start levying GST on school books.,en,0,India Today,https://www.indiatoday.in/fact-check/story/fact-check-centre-has-not-imposed-gst-on-school-books-1974546-2022-07-12,GST India
PM Modi says the GST system will never succeed.,en,2,PTI,https://www.ptinews.com/fact-detail/pti-fact-check-viral-clip-misrepresents-modi-s-2011-remarks-on-gst-he-spoke-on-it-infrastructure-not-opposition-in-original-footage/2945061,GST India
The GST Council has imposed 18% GST on crematorium services.,en,1,India Today,https://www.indiatoday.in/fact-check/story/fact-check-gst-rates-on-work-contracts-inside-crematoriums-nirmala-sitharaman-1978437-2022-07-21,GST India
1) Individuals selling their used cars would be taxed on the profit—the difference between the car’s original purchase and resale prices. 2) 18% GST will also be charged even when a seller incurs a loss,en,1,PTI,https://www.ptinews.com/fact-detail/pti-fact-check-fm-nirmala-sitharaman-s-statement-on-gst-on-used-cars-was-taken-out-of-context-and-shared-on-social-media-with-false-claim/2152475,GST India
BJP Govt In UP Levies 6% GST On Sunday Church Mass Collection.,en,3,Newschecker,https://newschecker.in/fact-check/6-gst-on-sunday-church-morphed,GST India
Newspaper clipping about UP BJP government introducing 6% GST on Sunday Church Mass offertory money,en,1,FACTLY,https://factly.in/up-government-introduced-gst-on-church-offerings-no-its-an-edited-newspaper-clipping/,GST India
"Mobile phones, TVs, and refrigerators have become cheaper due to a reduction in the GST rate from 31.3% to 18% by the Government of India",en,2,FACTLY,https://factly.in/gst-rates-unchanged-for-phones-tvs-and-fridges-media-outlets-mislead-public/,GST India
PM Modi never said demonetisation was about black money,en,1,India Today,https://www.indiatoday.in/india/story/fact-check-bjp-minister-shiv-pratap-shukla-modi-demonetisation-1329126-2018-08-31,demonetization India
This video shows PM Modi taking sadistic pleasure in the suffering of people following the demonetisation drive in 2016.,en,1,India Today,https://www.indiatoday.in/fact-check/story/fact-check-pm-modi-did-not-mock-people-who-suffered-after-demonetisation-doctored-video-viral-2295885-2022-11-11,demonetization India
Congress party MLA praised demonetisation,en,1,Alt News,https://www.altnews.in/old-video-of-ex-bjp-mla-circulating-as-congress-mla-praising-demonetisaion/,demonetization India
Nirmala Sitharaman said in Rajya Sabha that demonetisation had no effect on the Indian economy,en,1,Alt News,https://www.altnews.in/media-misreports-nirmala-sitharaman-claimed-demonetisation-had-no-impact-on-economy/,demonetization India
Video Of PM Narendra Modi Making Fun Of Suffering Caused Due To Demonetisation,en,1,Boom Live,https://www.boomlive.in/video-claiming-pm-modi-mocked-demonetisation-hardship-is-edited,demonetization India
Former Congress President Rahul Gandhi lauded demonetisation while addressing a rally.,en,1,India Today,https://www.indiatoday.in/fact-check/story/fact-check-rahul-gandhi-did-not-say-demonetisation-beneficial-viral-video-edited-1908333-2022-02-03,demonetization India
Nirmala Sitharaman Said Demonetisation had No Impact on Indian Economy,en,1,The Quint,https://www.thequint.com/news/webqoof/no-nirmala-sitharaman-did-not-say-demonetisation-had-no-impact-on-economy,demonetization India
More than 1.01 crore additional workers enrolled with EPFO and more than 1.3 crore workers registered with ESIC post-demonetization,en,0,FACTLY,https://factly.in/fact-checking-the-governments-claims-over-formalization-of-economy/,demonetization India
Priyanka Gandhi protests against Waqf reform,en,1,AFP Fact Check,https://factcheck.afp.com/doc.afp.com.39YX7WD,inflation India
Finance Minstry said that inflation affeceted rich more than poor in 2022,en,0,Alt News,https://www.altnews.in/fact-check-did-finance-ministry-say-richest-facing-more-inflation-than-poorest/,inflation India
The Finance Ministry did not say that inflation affected the rich more than the poor in 2022.,en,1,The Quint,https://www.thequint.com/news/webqoof/pib-fact-check-finance-ministry-inflation-statement,inflation India
"Sri Lankan Central Bank Governor Nandalal Weerasinghe comments on inflation, subsidies, and interest rates",en,1,FACTLY,https://factly.in/no-the-sri-lankan-central-bank-governor-did-not-make-these-comments-about-inflation-and-subsidies/,inflation India
"The viral video shows PM Modi being welcomed in Mauritius in 2025 with the song “Mahangai Dayain Khaaye Jaat Hai,” highlighting inflation and rising prices.",en,1,FACTLY,https://factly.in/this-video-of-pm-modi-being-welcomed-with-an-inflation-song-in-mauritius-is-digitally-edited/,inflation India
Unemployment data for Jan-Mar 2020 is compared with the unemployment rates of July-Sept 2021,en,2,FACTLY,https://factly.in/this-comparison-of-unemployment-rates-before-and-after-the-pandemic-induced-lockdowns-is-misleading/,unemployment India
"Government is giving an allowance of Rs 3,000 per month to unemployed youth under the Pradhan Mantri Berojgari Bhatta Yojana",en,1,FACTLY,https://factly.in/the-union-government-is-not-offering-any-unemployment-allowance-under-the-scheme-pradhan-mantri-berojgari-bhatta-yojana/,unemployment India
"UP has become India's second-richest in terms of gross state domestic product, UP has the lowest unemployment rate, Foreign investors are investing heavily in UP",en,1,Alt News,https://www.altnews.in/misleading-exaggerated-claims-about-ups-unemployment-rate-eodb-and-gsdp-surface/,unemployment India
Ratan Tata said half of India’s population would have become unemployed if he had become an IAS officer,en,1,FACTLY,https://factly.in/ratan-tata-hasnt-stated-half-of-indias-population-would-be-unemployed-if-he-had-become-an-ias-officer/,unemployment India
Uttar Pradesh's unemployment rate has fallen from 18% to 2.9% during Adityanath's tenure.,en,1,Scroll.in,https://scroll.in/article/1026004/fact-check-adityanaths-claim-about-uttar-pradeshs-unemployment-rate-doesnt-add-up,unemployment India
Nirmala Sitharaman said onion price rise doesn’t matter to me.’,en,0,India Today,https://www.indiatoday.in/fact-check/story/fact-check-no-nirmala-sitharaman-never-said-onion-price-rise-doesn-t-matter-to-me-1625618-2019-12-05,onion price India
Photo of pellet victim from 2024 Indian farmers' protests,en,1,AFP Fact Check,https://factcheck.afp.com/doc.afp.com.34K72YE,farmer protest India
Video shows paid protesters in Indian farmers' protest,en,1,AFP Fact Check,https://factcheck.afp.com/doc.afp.com.34KB23G,farmer protest India
PM Modi's effigy tied to a tractor at ongoing farmers' protest,en,1,Alt News,https://www.altnews.in/modi-effigy-tied-to-a-tractor-photo-from-oregon-us-not-related-to-farmers-protest/,farmer protest India
Modified tractors used in Farmers Protest in India,en,1,AFP Fact Check,https://factcheck.afp.com/doc.afp.com.34JN3YX,farmer protest India
The photo shows a bullet piercing through a vessel during the farmers' protests near Delhi.,en,1,The Quint,https://www.thequint.com/news/webqoof/image-bullet-stuck-in-pot-bangladesh-not-2024-farmers-protests-fact-check,farmer protest India
Photo of Indian farmers protesting in New Delhi,en,1,AFP Fact Check,https://factcheck.afp.com/doc.afp.com.34KM74Q,farmer protest India
The video is recent and shows farmers attacking police personnel during the ongoing farmers' protests.,en,1,The Quint,https://www.thequint.com/news/webqoof/people-attacking-police-personnel-streets-farmers-protests-viral-video-nihang-sikhs-fact-check,farmer protest India
Video shows dispute over price for getting hired to participate in the ongoing 2024 farmers' protest.,en,1,The Quint,https://www.thequint.com/news/webqoof/video-of-tractor-sale-falsely-linked-to-2024-farmer-protest-delhi-chalo-fact-check,farmer protest India
"Amidst the ongoing (2024) farmer protests in India, farmers disrespected the Indian flag by tying it to a ball and playing football",en,1,FACTLY,https://factly.in/the-people-disrespecting-the-indian-flag-are-not-farmers-protesting-in-india-but-khalistan-supporters-from-canada/,farmer protest India
Video shows Muslim men removing their skull caps and wearing turbans to impersonate Sikh farmers at the farmer's protest.,en,1,Boom Live,https://www.boomlive.in/fact-check/farmers-protest-skull-cap-muslim-turban-sikh-fact-check-24381,farmer protest India
This video is recent and shows alcohol being distributed during the ongoing farmers' protests.,en,1,The Quint,https://www.thequint.com/news/webqoof/alcohol-being-distributed-farmers-protests-shambhu-border-viral-video-fact-check,farmer protest India
Video shows Indian farmers protest in 2024,en,1,AFP Fact Check,https://factcheck.afp.com/doc.afp.com.34JB7CK,farmer protest India
This video of man withstanding the pressure of a water cannon is from the ongoing farmers' protests around Delhi.,en,1,The Quint,https://www.thequint.com/news/webqoof/man-withstanding-water-cannon-pressure-farmers-protests-viral-video-fact-check,farmer protest India
Photo depicting modified tractors intended for use in the ‘Delhi Chalo’ farmers protest rally in Delhi on 13 February 2024,en,2,FACTLY,https://factly.in/this-viral-image-depicting-modified-tractors-for-the-delhi-chalo-farmers-protest-rally-is-created-using-ai/,farmer protest India
Farmers' protest is getting support in Rajasthan,en,1,AFP Fact Check,https://factcheck.afp.com/doc.afp.com.34KF8RG,farmer protest India
Women screaming at farmers protesting in 2024,en,1,AFP Fact Check,https://factcheck.afp.com/doc.afp.com.34JE6BD,farmer protest India
Video depicting a Sikh man in army uniform making controversial statements during the ongoing farmers’ protest in 2024.,en,2,FACTLY,https://factly.in/old-video-of-man-making-controversial-statements-is-being-shared-attributing-them-to-the-ongoing-farmers-protest-2024/,farmer protest India
This video shows farmers fighting over the fees for participating in the protest.,en,1,India Today,https://www.indiatoday.in/fact-check/story/fact-check-farmers-cutting-a-deal-for-protest-no-video-shows-negotiation-over-tractor-2506713-2024-02-24,farmer protest India
This video shows protesting farmers attacking policemen with swords.,en,1,India Today,https://www.indiatoday.in/fact-check/story/fact-check-farmers-protest-clash-over-bhindrawale-poster-2506379-2024-02-23,farmer protest India
Protesting farmers crush policeman under tractor,en,1,AFP Fact Check,https://factcheck.afp.com/doc.afp.com.34JE8VE,farmer protest India
Video shows man threatening the Modi-led central government from the ongoing farmers' protest.,en,2,BOOM Fact Check,https://www.boomlive.in/fact-check/viral-video-man-threatening-central-government-delhi-pakistan-claim-old-video-social-media-24430,farmer protest India
This video shows alcohol distribution at the “Delhi Chalo” farmers’ protest.,en,1,India Today,https://www.indiatoday.in/fact-check/story/viral-video-alcohol-distribution-not-from-farmers-protest-2504322-2024-02-19,farmer protest India
Photo shows a farmer carrying swords while walking over barricades during the recent protest.,en,1,Boom Live,https://www.boomlive.in/fact-check/viral-photo-farmers-protest-swords-barricades-claim-social-media-24376,farmer protest India
Video shows modified tractors being used by protesting farmers,en,1,BOOM Fact Check,https://www.boomlive.in/fact-check/factcheck-modified-tractor-farmers-protest-police-barricades-delhi-border-fake-news-24339,farmer protest India
The viral photo shows a protest scene of French farmers near the Eiffel Tower.,en,1,India Today,https://www.indiatoday.in/fact-check/story/fact-check-photo-french-farmers-protest-eiffel-tower-ai-generated-2498888-2024-02-07,farmer protest India
Image shows farmers protesting against the farm bills in Delhi demanding the release of JNU student Sharjeel Imam who was booked for unlawful activities.,en,0,India Today,https://www.indiatoday.in/fact-check/story/this-banner-demanding-jnu-student-sharjeel-imam-s-release-is-not-from-ongoing-farmers-protest-1748839-2020-12-11,farmer protest India
Images are from the ongoing farmers' protest against the new farm laws,en,1,The Quint,https://www.thequint.com/news/webqoof/old-images-from-january-2020-and-2018-viral-as-ongoing-farmers-protest,farmer protest India
Videos and pictures of 2020 farmer protests,en,1,Alt News,https://www.altnews.in/a-set-of-old-unrelated-images-and-videos-are-viral-as-recent-farmer-protests/,farmer protest India
Image shows farmer who died during the farmers' protest in Delhi,en,1,The Quint,https://www.thequint.com/news/webqoof/farmers-protest-fact-check-old-image-of-farmers-death-revived-amid-recent-protests,farmer protest India
Video shows a group of Nihang Sikhs attacking a public bus and resorting to violence during the ongoing farmers’ protest.,en,1,India Today,https://www.indiatoday.in/fact-check/story/video-of-nihang-sikhs-attacking-public-bus-is-not-related-to-farmers-protest-1766429-2021-02-05,farmer protest India
Photos related to recent farmers’ protest in Delhi,en,1,FACTLY,https://factly.in/multiple-old-photos-are-being-shared-in-the-context-of-recent-farmers-protest-in-delhi/,farmer protest India
The image shows Shaheen Bagh's Bilkis Dadi who was also seen present during the farmers' protests.,en,1,The Quint,https://www.thequint.com/news/webqoof/mohinder-kaur-misidentified-as-shaheen-baghs-bilkis-dadi-speaks-up,farmer protest India
Rajesh Bhatia of BJP Delhi issued letter to stop farmers protest,en,1,Alt News,https://www.altnews.in/fake-letter-bjp-rajesh-bhatiya-against-farmer-protest/,farmer protest India
Video shows link between ongoing farmers protests and Khalistan movement,en,1,BOOM Fact Check,https://www.boomlive.in/fake-news/2018-video-of-pro-khalistan-rally-in-us-falsely-linked-to-farmers-stir-10999,farmer protest India
A rioter masking as Delhi police during farmers protest,en,1,BOOM Fact Check,https://www.boomlive.in/fact-check/farmers-protests-delhi-police-crackdown-tractor-parade-rally-red-fort-fake-news-fact-check-11826,farmer protest India
Former Indian cricketer MS Dhoni on a tractor shows his support for farmers protest,en,3,AFP Fact Check,https://factcheck.afp.com/old-photo-former-indian-cricketer-mahendra-singh-dhoni-circulates-online-false-claims,farmer protest India
US VP-elect Kamala Harris tweeted criticising Modi govt's handling of farmers protest,en,1,Alt News,https://www.altnews.in/morphed-tweet-of-jack-harris-shared-as-kamala-harris-tweeted-in-support-of-farmer-protest/,farmer protest India
Video of Sikhs attacking bus with swords during farmers' protest,en,1,Alt News,https://www.altnews.in/sudarshan-news-nihang-sikhs-bus-attack-old-video/,farmer protest India
Canadian PM Justin Trudeau taking part in a protest organized in solidarity with the Indian farmers’ protest.,en,1,FACTLY,https://factly.in/old-image-of-trudeaus-visit-to-a-sikh-congregation-is-falsely-linked-to-farmers-protest/,farmer protest India
Picture shows a little girl distributing rotis to farmers during the ongoing farmers' protest at the Delhi borders,en,1,Boom Live,https://www.boomlive.in/fake-news/viral-image-little-girl-distributing-roti-farmers-protest-fact-check-11242,farmer protest India
Photo shows farmers dead amid farmers' protests in Delhi,en,1,The Quint,https://www.thequint.com/news/webqoof/fact-check-2018-photo-revived-as-deceased-farmer-amid-protests-in-delhi,farmer protest India
Farmers set a Jio mobile tower on fire amid Kisan Andolan.,en,1,Boom Live,https://www.boomlive.in/fact-check/old-video-of-mobile-tower-blaze-linked-to-farmers-protest-11386,farmer protest India
Farmers displayed a banner against Lord Ram in the ongoing farmers’ protest,en,1,FACTLY,https://factly.in/old-image-of-a-banner-about-lord-ram-is-being-linked-to-ongoing-farmers-protest/,farmer protest India
Alcohol distributed at farmers' protest,en,1,Alt News,https://www.altnews.in/videos-of-liquor-distribution-at-baba-rodu-shah-in-ludhiana-falsely-linked-to-farmers-protest/,farmer protest India
Image shows Bapu Surat Singh going on hunger strike to support farmers' protests,en,1,The Quint,https://www.thequint.com/news/webqoof/2015-image-of-sikh-activist-falsely-linked-to-farmers-protest,farmer protest India
Protesters holding Pro-Khalistan and anti-India placards in farmer’s protest.,en,2,FACTLY,https://factly.in/old-and-unrelated-images-of-pro-khalistan-protests-are-falsely-linked-to-the-ongoing-farmers-protest/,farmer protest India
Farmer protests hijacked by Muslims,en,1,Alt News,https://www.altnews.in/video-of-mumbai-kisan-rally-falsely-shared-as-farmers-protest-hijacked-by-muslims/,farmer protest India
Amulya Leona Noronha was at farmers protest,en,1,Alt News,https://www.altnews.in/chennai-based-activists-image-shared-as-amulya-noranha-at-farmers-protest/,farmer protest India
President Joe Biden spoke in support of the ongoing farmers' protest in India,en,1,The Quint,https://www.thequint.com/news/webqoof/fact-check-no-joe-biden-didnt-make-a-statement-in-support-for-farmers-protest,farmer protest India
"Amulya Leona, who chanted ‘Pakistan Zindabad’ slogans at Asaduddin Owaisi’s meeting participated in the ongoing farmers’ protests in Delhi",en,1,FACTLY,https://factly.in/this-girl-from-the-farmers-protest-is-not-amulya-leona-who-chanted-pakistan-zindabad-slogans-last-year/,farmer protest India
Kisan rap dedicated to the ongoing farmer's protest,en,0,vishvasnews.com,https://www.vishvasnews.com/english/viral/fact-check-old-video-of-rappers-on-stage-performance-has-no-connection-with-farmers-protest-the-viral-post-is-misleading/,farmer protest India
Bengal in support of farmers' protest,en,1,The Quint,https://www.thequint.com/news/webqoof/old-pic-from-west-bengal-shared-as-protest-in-support-of-farmers,farmer protest India
Mock funeral of PM Modi taken out in Haryana amidst farmer protests,en,1,Alt News,https://www.altnews.in/old-video-of-pm-modis-mock-funeral-staged-in-tamil-nadu-shared-as-haryana/,farmer protest India
Video shows alcohol being served in Farmers protest in delhi,en,1,BOOM Fact Check,https://www.boomlive.in/fact-check/politics/fake-news-farmers-protest-delhi-viral-videos-alcohol-langar-kanuke-kalan-village-baba-rodu-shah-fair-mela-ludhiana-punjab-factcheck-14745,farmer protest India
Photo shows youth at Farmers Protests' demanding release of Kashmiri separatists,en,1,BOOM Fact Check,https://www.boomlive.in/fact-check/factcheck-fake-news-sikh-youth-placard-demanding-release-kashmiri-separatists-farmers-protests-photo-11420,farmer protest India
Sikhs trample on Indian flag during farmers protests on Delhi-Haryana border in 2020,en,1,AFP Fact Check,https://factcheck.afp.com/photo-has-circulated-online-2013-reports-about-protest-london-not-india,farmer protest India
Pro-Khalistan protesters holding placards demanding separate Khalistan in the ongoing farmers protest over farm bills,en,1,FACTLY,https://factly.in/old-and-unrelated-videos-and-images-are-being-shared-linking-them-to-ongoing-farmers-protest/,farmer protest India
Shaheen Bagh dadi Bilkis Bano who had reached Singhu border to join the farmers’ protest on December 1 has since been in jail.,en,1,India Today,https://www.indiatoday.in/fact-check/story/fact-check-shaheen-bagh-dadi-bilkis-bano-is-not-in-jail-for-meeting-farmers-1751731-2020-12-21,farmer protest India
Video of alcohol being distributed at farmers' protest,en,1,The Quint,https://www.thequint.com/news/webqoof/alcohol-distributed-in-ludhiana-linked-to-farmers-protest-fact-check,farmer protest India
Sikh man desecrating the Indian national flag during farmers' protest,en,1,Alt News,https://www.altnews.in/2013-image-from-londan-shared-as-khalistani-supporters-disrespect-indian-flag-during-farmer-protest/,farmer protest India
Coca-Cola has not launched brand campaign in support of the farmers' protest,en,1,Alt News,https://www.altnews.in/coca-cola-india-support-farmer-protest-launch-campaign-false/,farmer protest India
Photo of a child serving langar during 2020 farmers' protest,en,1,Alt News,https://www.altnews.in/at-least-3-yo-photo-viral-as-child-serving-food-during-farmers-protest/,farmer protest India
Christian man disguised as farmer at the farmers' protest,en,1,The Quint,https://www.thequint.com/news/webqoof/old-unrelated-images-of-christian-cleric-viral-amid-farmers-protest,farmer protest India
Congress leader spilled milk on road during farmers' protest,en,1,Alt News,https://www.altnews.in/photo-from-farmers-protest-in-maharashtra-shared-with-false-claim-targets-congress/,farmer protest India
Image shows lakhs of farmers protesting under six degree temperature,en,1,The Quint,https://www.thequint.com/news/webqoof/image-dig-at-prime-minister-is-from-2018-not-recent-farmers-protest,farmer protest India
Photo of the National Geographic magazine cover on recent farmers’ protests in India,en,1,FACTLY,https://factly.in/this-national-geographic-magazine-cover-on-recent-indian-farmers-protest-is-fake/,farmer protest India
"Nazir Mohammed an SDPI worker, dressed as a Sardarji in farmers strike in Hariyaana is arrested this morning",en,1,Alt News,https://www.altnews.in/2011-video-revived-with-false-claim-that-muslim-man-wore-sikh-turban-during-farmer-protest/,farmer protest India
Video shows free alcohol distribution among farmers protesting against the three farm laws.,en,1,India Today,https://www.indiatoday.in/fact-check/story/fact-check-this-video-of-liquor-distribution-is-not-from-farmers-protest-1766842-2021-02-07,farmer protest India
Hathras Victim's sister-in-law came to farmers' protest disguised as a farmer,en,1,The Quint,https://www.thequint.com/news/webqoof/hathras-victim-bhabhi-farmers-protest-fact-check,farmer protest India
This photo shows Indian PM Modi visiting India’s richest family during farmers’ protests in 2020,en,1,AFP Fact Check,https://factcheck.afp.com/image-narendra-modi-mumbai-hospital-has-circulated-online-2014,farmer protest India
"Wrestlers Bajrang Punia, Deepak Punia, Ravi Kumar Dahiya clicked with Rakesh Tikait at farmers' protest",en,1,Alt News,https://www.altnews.in/false-claim-that-gold-medalist-wrestlers-were-seen-in-farmer-protest/,farmer protest India
Police caught hold of a fake Sikh in farmers protest.,en,1,FACTLY,https://factly.in/old-debunked-video-is-being-passed-off-as-police-catching-hold-of-fake-sikh-in-farmers-protest/,farmer protest India
Pictures of farmer protest during 'Dilli Chalo' march of 2020,en,1,Alt News,https://www.altnews.in/congress-leaders-shared-2018-images-of-farmer-protest-as-recent/,farmer protest India
Twitter account of actor Naseeruddin Shah supporting farmers' protest,en,1,Alt News,https://www.altnews.in/fake-twitter-accounts-created-in-actor-naseeruddin-shahs-name/,farmer protest India
Indian Army deployed to crush farmers' protest,en,1,Alt News,https://www.altnews.in/army-pro-denies-viral-claim-of-troops-artillery-deployed-in-delhi-to-quash-farmers-protest/,farmer protest India
Image of bullock cart rally is of the ongoing farmers' protest,en,1,The Quint,https://www.thequint.com/news/webqoof/old-pic-of-congress-rally-in-mp-falsely-linked-to-farmers-protest-fact-check,farmer protest India
Police broke CCTV during farmers protest,en,3,NewsMobile,https://www.newsmobile.in/trending-now/fact-check-this-video-of-policeman-breaking-cctv-camera-is-not-from-recent-farmers-protest/,farmer protest India
Clip from Farmers protest in Delhi showing Pro-Khalistan slogans being raised,en,1,BOOM Fact Check,https://www.boomlive.in/fake-news/2016-video-of-pro-khalistan-rally-falsely-linked-to-farmers-protests-11058,farmer protest India
Sikh protesters raising pro-Khalistan slogans and making anti-India comments during the ongoing farm protests,en,1,FACTLY,https://factly.in/old-and-unrelated-videos-are-being-passed-off-linking-them-to-the-ongoing-farmers-protest/,farmer protest India
Youth at farmers' protest holds up placard demanding release of separatist Kashmiri leaders.,en,1,India Today,https://www.indiatoday.in/fact-check/story/fact-check-placard-seeking-release-of-kashmiri-separatists-is-not-from-farmers-protest-1756164-2021-01-05,farmer protest India
Photo shows a protestor at the farmers' protest holding a pro-Khalistani placard.,en,1,Boom Live,https://www.boomlive.in/fake-news/2013-photo-of-pro-khalistan-banners-linked-to-farmers-protest-10989,farmer protest India
Photo of a farmer’s head injured during a recent lathicharge at farmers’ protest,en,2,FACTLY,https://factly.in/photo-of-an-injured-cow-vigilante-shared-as-a-farmers-injured-head-in-a-lathicharge-at-farmers-protest/,farmer protest India
Pro-Pakistan Pro-Khalistan slogans raised at farmers' protest in Delhi,en,1,The Quint,https://www.thequint.com/news/webqoof/pro-pakistan-pro-khalistan-slogans-farmers-protest-fact-check,farmer protest India
Policeman pointing a gun at farmer during farmer protests,en,1,Alt News,https://www.altnews.in/congress-member-shares-2013-image-from-merrut-as-recent-farmer-protest/,farmer protest India
Clip shows police did not lathi-charge elderly man during Farmers' Protest,en,1,BOOM Fact Check,https://www.boomlive.in/fake-news/i-am-right-here-if-they-want-to-see-my-injuries-lathi-charged-farmer-10933,farmer protest India
Bapu Surat Singh on hunger strike for 2020 farmers' protest,en,1,Alt News,https://www.altnews.in/2015-images-of-bapu-surat-singh-shared-as-he-is-on-hunger-strike-for-farmers/,farmer protest India
"The Winter 2020 edition of National Geographic magazine is dedicated to the farmer's protest, with a cover image of a farmer wearing a turban.",en,1,India Today,https://www.indiatoday.in/fact-check/story/fact-check-fake-national-geographic-magazine-cover-featuring-farmers-protest-goes-viral-1756171-2021-01-05,farmer protest India
Photo shows oil being thrown at Haryana CM Manohar Lal Khattar during farmers' protest.,en,1,The Quint,https://www.thequint.com/news/webqoof/old-image-oil-thrown-on-haryana-cm-khattar-revived-amid-farmers-protests,farmer protest India
Khalishan movement linked with farmers protest,en,1,Alt News,https://www.altnews.in/old-video-of-pro-khalistan-rally-in-us-linked-with-farmers-protest/,farmer protest India
Viral video shows Jio mobile tower burning in Punjab as part of farmers' protest,en,1,The Quint,https://www.thequint.com/news/webqoof/old-video-from-dehradun-viral-as-jio-tower-burning-in-punjab,farmer protest India
Photo of the Bullock-cart rally organized in support of farmers protesting against the new farm laws,en,1,FACTLY,https://factly.in/unrelated-old-photos-and-videos-are-falsely-linked-to-the-ongoing-farmers-protest/,farmer protest India
Video of Delhi residents rally in support of Police and government amidst farmers’ protest,en,1,FACTLY,https://factly.in/old-video-shared-as-delhi-people-rally-in-support-of-police-and-government-amidst-farmers-protest/,farmer protest India
Video shows rehearsal for the January 26 tractor rally to be taken out by farmers protesting against the new farm laws.,en,1,India Today,https://www.indiatoday.in/fact-check/story/fact-check-no-this-is-not-a-rehearsal-by-protesting-farmers-for-january-26-tractor-rally-1759432-2021-01-15,farmer protest India
Photo shows National Geographic Magzine's cover photo on farmers' protests,en,1,Boom Live,https://www.boomlive.in/fact-check/fact-check-fake-news-fake-national-geographic-cover-magazine-foreign-press-farmers-protests-11399,farmer protest India
Anti-Hindu slogans and banners against Lord Ram were raised at the ongoing farmers’ protest near Delhi.,en,0,India Today,https://www.indiatoday.in/fact-check/story/fact-check-banner-against-lord-ram-not-from-ongoing-farmers-protest-1746189-2020-12-02,farmer protest India
Shaheen Bagh Dadi Bilkis Bano took part in farmers protest,en,1,Alt News,https://www.altnews.in/shaheen-bagh-dadi-at-recent-farmers-protest-no-photo-of-elderly-woman-from-october/,farmer protest India
Clip shows pro-Khalistan slogans raised at a farmers' protests in London,en,1,BOOM Fact Check,https://www.boomlive.in/fake-news/farmers-protests-clip-of-2019-pro-khalistan-rally-in-us-revived-11099,farmer protest India
Ravish Kumar heading to eat biryani in farmers protest,en,1,The Quint,https://www.thequint.com/news/webqoof/image-of-ravish-kumar-from-2018-kisan-march-rally-shared-as-recent,farmer protest India
Chandigarh police forcefully dragged elderly woman in farmers protest,en,1,The Quint,https://www.thequint.com/news/webqoof/chandigarh-police-did-not-drag-old-woman-in-farmers-protest-old-photo-from-patiala-punjab,farmer protest India
"Image shows farmers protest in Haryana held on September 10, 2020, against three agriculture ordinances passed by the Central government.",en,0,India Today,https://www.indiatoday.in/fact-check/story/viral-image-rally-rajasthan-recent-haryana-protest-1721187-2020-09-12,farmer protest India
"Modi government has launched ‘Scooty Yojana’ scheme to distribute scooters to all the girls across the country, who passed 10th standard.",en,1,FACTLY,https://factly.in/there-is-no-such-scooty-yojana-scheme-launched-by-the-modi-government/,Modi government scheme
"Images prove that Kanhaiya Kumar voted in Delhi during the 2024 Lok Sabha elections and again in Begusarai, Bihar, during the 2025 Assembly polls.",en,2,Newschecker,https://newschecker.in/bihar-assembly-election-2025/heres-the-truth-behind-viral-photos-claiming-kanhaiya-kumar-voted-in-delhi-and-bihar,India election 2024
"Jawaharlal Nehru and Indira Gandhi, who previously contested various Lok Sabha elections as Prime Ministers, won with a smaller majority than Narendra Modi’s majority in the 2024 Lok Sabha elections",en,2,FACTLY,https://factly.in/comparing-the-majorities-secured-by-jawaharlal-nehru-and-indira-gandhi-in-past-lok-sabha-elections-with-narendra-modis-majority-in-2024-is-not-appropriate/,India election 2024
Narendra Modi and Rajnath Singh officially entered Marg Darshak Mandal after Lok Sabha 2024 election.,en,1,BOOM Fact Check,https://www.boomlive.in/fact-check/fake-news-margdarshak-mandal-narendra-modi-rajnath-singh-lok-sabha-2024-fact-check-25629,India election 2024
BJP received only 201 votes in Lakshadweep in 2024 Lok Sabha Elections.,en,1,The Quint,https://www.thequint.com/news/webqoof/bjp-candidate-lakshadweep-only-201-votes-viral-post-fact-check,India election 2024
"This video shows Muslim women waiting in line for the ‘Mahalakshmi Scheme’ money, as promised by the Congress party in 2024 Lok Sabha elections",en,1,FACTLY,https://factly.in/a-video-from-2020-is-falsely-shared-as-visuals-of-women-standing-in-line-to-withdraw-the-congresss-mahalakshmi-scheme-money/,India election 2024
"In the 2024 Lok Sabha elections, there is a discrepancy between the votes polled and the votes counted in the Electronic Voting Machines (EVM) in Varanasi.",en,1,FACTLY,https://factly.in/an-old-video-of-a-man-alleging-vote-mismatch-in-varanasi-is-now-being-falsely-shared-in-the-context-of-the-2024-lok-sabha-elections-results/,India election 2024
"Prominent leaders such as Navaneet Rana, Madhavi Latha and Kanhaiya Kumar lost the 2024 Lok Sabha election by a margin of 19,731 votes.",en,1,FACTLY,https://factly.in/this-news-clip-showing-multiple-leaders-losing-by-19731-votes-is-digitally-altered/,India election 2024
Video of Tamil Nadu BJP chief K Annamalai crying after losing the 2024 Lok Sabha polls.,en,2,FACTLY,https://factly.in/an-old-video-of-annamalai-is-now-falsely-shared-as-him-crying-after-losing-the-2024-lok-sabha-elections/,India election 2024
"In the 2024 Lok Sabha elections, 110 Muslims were elected as Members of Parliament.",en,1,DigitEye India,https://digiteye.in/did-110-muslims-get-elected-as-mps-in-2024-lok-sabha-elections-fact-check/,India election 2024
110 Muslim candidates were elected as Members of Parliament (MPs) in the 2024 Lok Sabha Elections.,en,1,The Quint,https://www.thequint.com/news/webqoof/110-muslim-member-of-parliament-elected-2024-lok-sabha-elections-viral-claim-fact-check,India election 2024
"An infographic in a Hindi newspaper showing that four high-profile candidates lost by the same margin of 19,731 votes, which proves that the EVMs were tampered during the recently concluded 2024 Lok Sabha elections.",en,1,Newschecker,https://newschecker.in/election-watch/multiple-candidates-lost-by-same-margin-eci-data-contradicts-viral-claim,India election 2024
BJP has won 30 seats with a margin of less than 500 and 100 seats with a margin of less than 1000 votes in the 2024 Lok Sabha elections.,en,1,Alt News,https://www.altnews.in/no-bjp-has-not-won-thirty-seats-with-less-than-five-hundred-votes-smallest-margin-1587-in-jajpur/,India election 2024
Video shows JD(U) leader Nitish Kumar meeting leaders of the INDIA bloc after the Lok Sabha 2024 elections results.,en,1,boomlive.in,https://www.boomlive.in/fact-check/nitish-kumar-india-alliance-nda-modi-bjp-lok-sabha-elections-results-2024-25578,India election 2024
"In Varanasi, the number of votes counted in EVMs exceeded the number of votes cast in the recent 2024 Lok Sabha elections",en,1,BOOM Fact Check,https://www.boomlive.in/fact-check/old-video-claiming-evms-in-varanasi-counted-extra-votes-peddled-as-recent-25573,India election 2024
The BJP won 30 seats with a margin of less than 500 votes and over 100 seats with a margin of less than 1000 votes in the 2024 Lok Sabha elections.,en,1,FACTLY,https://factly.in/the-lowest-victory-margin-for-a-bjp-candidate-in-the-2024-lok-sabha-elections-is-1587-votes/,India election 2024
Pakistan’s National flag was waved in Amravati during the Congress party’s victory celebration rally after the results of the 2024 Lok Sabha elections,en,1,FACTLY,https://factly.in/an-edited-photo-is-shared-falsely-claiming-that-a-pakistan-flag-was-waved-during-the-victory-celebrations-of-the-congress-party-in-amravati/,India election 2024
"Amid the 2024 Lok Sabha election results, Chandrababu Naidu recently met with I.N.D.I.A. bloc leaders to discuss joining their alliance.",en,1,FACTLY,https://factly.in/old-photos-of-tdp-chief-chandrababu-naidu-meeting-i-n-d-i-a-bloc-leaders-are-being-shared-as-recent-amid-the-2024-election-results/,India election 2024
"The BJP won by a margin of less than 500 votes in 30 seats, and less than 1,000 votes in 100 constituencies in the 2024 Lok Sabha Polls.",en,1,Newschecker,https://newschecker.in/election-watch/did-bjp-win-100-constituencies-with-a-margin-of-less-than-1000-votes,India election 2024
Video shows the people of Andhra Pradesh burning a photo of N Chandrababu Naidu for forming an alliance with Modi after the 2024 Lok Sabha elections.,en,1,Boom Live,https://www.boomlive.in/fact-check/chandrababu-naidu-tdp-photo-burnt-andhra-pradesh-lok-sabha-elections-25554,India election 2024
Photos of Nitish Kumar meeting with I.N.D.I.A. bloc leaders after the 2024 Lok Sabha election results.,en,1,FACTLY,https://factly.in/old-photos-of-nitish-kumar-meeting-india-bloc-leaders-shared-as-recent/,India election 2024
Photo of a vote counting report card showing that K. Annamalai received only one vote in a booth in the Coimbatore parliamentary constituency in the 2024 Lok Sabha election.,en,1,FACTLY,https://factly.in/an-edited-photo-is-being-shared-falsely-claiming-that-annamalai-received-only-one-vote-in-a-polling-booth-in-the-2024-lok-sabha-elections/,India election 2024
ABP News Exit Poll shows INDI bloc leading with 353-383 seats in 2024 Lok Sabha Polls.,en,3,Newschecker,https://newschecker.in/election-watch/abp-news-report-on-exit-polls-showing-indi-bloc-in-lead-ai-generated-no-only-graphic-was-edited,India election 2024
India News and D-Dynamics exit polls predict that the I.N.D.I.A bloc will win 294 seats in the 2024 Lok Sabha elections.,en,1,FACTLY,https://factly.in/this-graphic-showing-india-news-and-d-dynamics-exit-polls-predicting-that-the-i-n-d-i-a-bloc-will-win-294-seats-in-the-2024-lok-sabha-elections-is-fake/,India election 2024
Video shows ABP News exit poll predicting victory for I.N.D.I.A alliance in the Lok Sabha 2024 election,en,1,BOOM Fact Check,https://www.boomlive.in/fact-check/fact-check-abp-news-exit-poll-india-alliance-winning-sandeep-chaudhary-fake-news-25525,India election 2024
West Bengal chief minister and TMC supremo Mamata Banerjee frustrated after the 2024 Lok Sabha exit poll results.,en,1,Newschecker,https://newschecker.in/election-watch/old-video-of-mamata-banerjee-storming-assembly-premises-falsely-linked-to-2024-lok-sabha-polls,India election 2024
Various Satta Bazaars predict the INDIA bloc nearing a majority and the NDA falling short in the 2024 Lok Sabha elections in the graphic published by News24.,en,1,News Mobile,https://www.newsmobile.in/nm-fact-checker/fact-check-news24-graphic-claiming-betting-markets-predict-200-seats-for-india-bloc-is-fake/,India election 2024
Asaduddin Owaisi concedes defeat to the BJP in the 2024 Lok Sabha exit polls.,en,1,NewsMobile,https://www.newsmobile.in/nm-fact-checker/fact-check-video-of-asaduddin-owaisi-allegedly-conceding-defeat-to-bjp-is-clipped/,India election 2024
Photo shows 'Go Back Modi' graffiti in Tamil Nadu during the 2024 Lok Sabha elections.,en,1,BOOM Fact Check,https://www.boomlive.in/fact-check/go-back-modi-kolkata-west-bengal-caa-elections-2024-25508,India election 2024
ABP exit poll shows that Manoj Tiwari will not win in lok sabha 2024 elections,en,1,The Quint,https://www.thequint.com/news/webqoof/edited-exit-poll-manoj-tiwari-bjp-lok-sabha-election-2024-fact-check,India election 2024
This is a real News24 graphic which shows betting markets' predictions for the results of the 2024 Lok Sabha elections.,en,1,The Quint,https://www.thequint.com/news/webqoof/news24-satta-bazaar-betting-market-2024-lok-sabha-elections-graphic-fact-check,India election 2024
There is a drop of 19.4 crore voters in the first five phases of the 2024 Lok Sabha elections compared to the 2019 polls.,en,1,FACTLY,https://factly.in/there-is-a-marginal-rise-in-voter-turnout-across-the-first-five-phases-of-the-2024-election-compared-to-the-2019/,India election 2024
"The video shows a mentally unstable person repeatedly chanting, ‘Is baar 400 paar’, the BJP’s 2024 Lok Sabha election slogan.",en,1,FACTLY,https://factly.in/a-scripted-video-of-a-man-repeatedly-chanting-is-baar-400-paar-is-falsely-shared-as-a-real-incident/,India election 2024
Video of booth captuing in North India by BJP poll agent in 2024 Lok Sabha Polls,en,2,News Mobile,https://www.newsmobile.in/nm-fact-checker/fact-check-this-video-does-not-show-booth-capturing-during-ongoing-lok-sabha-polls-heres-the-truth/,India election 2024
Video shows new Mahalaxmi scheme ad by Congress party for the Lok Sabha 2024 election,en,1,boomlive.in,https://www.boomlive.in/fact-check/fact-check-congress-mahalaxmi-scheme-ad-prega-news-ad-old-fake-news-25410,India election 2024
"Hrithik Roshan tweeted, hinting that he cast his vote for the Congress party in the 2024 Lok Sabha elections.",en,1,FACTLY,https://factly.in/no-hrithik-roshan-did-not-post-a-tweet-suggesting-that-he-cast-his-vote-for-congress/,India election 2024
Photo of Kanhaiya Kumar lying unconscious on a bed after a recent attack on him in Delhi during the 2024 Lok Sabha election campaign.,en,1,FACTLY,https://factly.in/an-old-photo-of-kanhaiya-kumar-is-being-shared-now-in-the-context-of-the-recent-attack-on-him/,India election 2024
"In Kaushambi, Deputy CM Keshav Prasad Maurya faced strong opposition and quickly left the guest house with Vinod Sonkar during the 2024 Lok Sabha election campaign.",en,2,FACTLY,https://factly.in/old-2022-videos-of-women-raising-slogans-against-ups-deputy-chief-minister-keshav-prasad-maurya-are-shared-as-recent/,India election 2024
Photo of AIMIM president Asaduddin Owaisi holding a portrait of Lord Ram after sensing defeat in the 2024 Lok Sabha elections.,en,1,FACTLY,https://factly.in/this-photo-showing-aimim-chief-asaduddin-owaisi-holding-a-portrait-of-lord-ram-is-morphed/,India election 2024
This video of a man slapping Arvind Kejriwal was taken amid the 2024 Lok Sabha polls.,en,1,The Quint,https://www.thequint.com/news/webqoof/arvind-kejriwal-slapped-old-video-2024-lok-sabha-elections-fact-check,India election 2024
Video of farmers vandalising a public meeting stage of CM Nayab Singh Saini in Haryana during the 2024 Lok Sabha elections.,en,2,FACTLY,https://factly.in/a-video-from-2021-is-falsely-shared-as-a-recent-video-of-farmers-vandalising-the-stage-of-haryana-cms-public-meeting/,India election 2024
"Arvind Kejriwal was recently slapped by a man during a 2024 Lok Sabha election rally, following his release from jail.",en,2,FACTLY,https://factly.in/old-video-of-a-man-slapping-delhi-cm-kejriwal-is-shared-as-a-recent-attack-on-him-during-a-2024-lok-sabha-election-rally/,India election 2024
Visuals of Akhilesh Yadav recently meeting the Prime Minister during the 2024 Lok Sabha elections.,en,2,FACTLY,https://factly.in/old-video-of-akhilesh-yadav-meeting-pm-modi-is-being-shared-as-a-recent-meeting-in-the-context-of-2024-lok-sabha-elections/,India election 2024
A video showing Indian army officials being accused of canvassing for BJP and casting proxy votes in the party's favour during 2024 Lok Sabha elections.,en,1,Alt News,https://www.altnews.in/army-men-stopped-from-voting-in-jabalpur-in-2019-video-falsely-viral/,India election 2024
"Video showing rigging by AIMIM in Hyderabad’s Bahadurpura during the May 13, 2024 Lok Sabha polling.",en,1,DigitEye India,https://digiteye.in/video-clip-claims-aimim-person-rigging-at-bahadurpura-polling-booth-in-hyderabad-fact-check/,India election 2024
The video is recent and shows voting fraud in Hyderabad's Bahadurpur during Lok Sabha Elections 2024.,en,1,The Quint,https://www.thequint.com/news/webqoof/voting-fraud-bahadurpura-hyderabad-lok-sabha-elections-2024-viral-video-fact-check,India election 2024
Video showing rigging by AIMIM in Hyderabad’s Bahadurpura during the recently held 2024 Lok Sabha elections.,en,2,FACTLY,https://factly.in/video-from-2022-west-bengal-municipal-elections-is-being-shared-as-evidence-of-rigging-in-the-recently-held-2024-lok-sabha-elections-in-hyderabad-by-aimim/,India election 2024
PM Modi endorsed the AIMIM party in Telangana while campaigning for the 2024 Lok Sabha elections.,en,1,FACTLY,https://factly.in/modi-did-not-endorse-the-aimim-during-his-campaign-for-the-2024-lok-sabha-elections-in-telangana/,India election 2024
"Fact check: As Hyderabad Votes For 2024 Lok Sabha Polls, Old Video Of Voter Reprimanding Chiranjeevi For Jumping Queue Revived",en,1,Lighthouse Journalism,https://www.lighthousejournalism.com/politics/fact-check-as-hyderabad-votes-for-2024-lok-sabha-polls-old-video-of-voter-reprimanding-chiranjeevi-for-jumping-queue-revived-2054/,India election 2024
Fake fingers used for voter fraud in Indian election 2024,en,1,AFP Fact Check,https://factcheck.afp.com/doc.afp.com.34QM3AD,India election 2024
Rahul Gandhi visited a temple in Ayodhya after filing his nomination for the 2024 Lok Sabha Elections.,en,1,Alt News,https://www.altnews.in/old-video-from-jharkhand-peddled-as-rahul-gandhi-heckled-with-modi-slogans-in-ayodhya/,India election 2024
"Before the LOk Sabha Election 2024 Kalyan Banerjee, the TMC candidate from the Sreerampore Loksabha constituency, West Bengal became emotional.",en,2,Newschecker,https://newschecker.in/election-watch/fact-check-old-emotional-video-of-tmcs-kalyan-banerjee-passed-off-as-recent,India election 2024
"There were only 90 voters at a booth in the Dima Hasao district of Assam, but 171 votes were cast in EVM in 2024 Lok Sabha elections",en,1,DigitEye India,https://digiteye.in/old-assam-incident-of-recording-171-votes-while-90-voters-exist-in-list-resurfaces-in-2024-ls-elections-fact-check/,India election 2024
The video shows the BJP using the Indian army personnel to cast fake votes in the 2024 Lok Sabha elections.,en,1,FACTLY,https://factly.in/an-old-video-falsely-accusing-the-bjp-of-using-the-army-to-obtain-proxy-votes-is-shared-as-recent/,India election 2024
The video shows Rahul Gandhi recently visiting Ayodhya after filing nominations for the 2024 Lok Sabha Elections.,en,1,The Quint,https://www.thequint.com/news/webqoof/crowd-chanting-modi-modi-jai-shree-ram-slogans-rahul-gandhi-ayodhya-viral-video-fact-check,India election 2024
Video shows Army men asking people to vote for BJP during Lok Sabha 2024 elections,en,1,BOOM Fact Check,https://www.boomlive.in/fact-check/factcheck-viral-video-army-men-forcing-people-to-vote-bjp-jabalpur-mp-2019-video-fake-news-25195,India election 2024
The video shows people destroying EVMs found in a BJP leader's car during the 2024 Lok Sabha Elections.,en,1,The Quint,https://www.thequint.com/news/webqoof/people-destroying-evms-found-in-bjp-leader-car-2024-lok-sabha-elections-viral-video-fact-check,India election 2024
Photo shows President Murmu along with PM Modi when he was filing his nomination for the 2024 Lok Sabha elections,en,1,BOOM Fact Check,https://www.boomlive.in/fact-check/fact-check-picture-of-president-draupadi-murmus-nomination-viral-false-claim-pm-modis-nomination-25188,India election 2024
"In the ongoing 2024 Lok Sabha Elections, 171 votes were cast at a polling booth in Assam’s Dima Hasao district, where there were only 90 voters.",en,2,FACTLY,https://factly.in/voting-irregularity-incident-from-assams-2021-assembly-elections-falsely-linked-to-ongoing-2024-lok-sabha-polls/,India election 2024
About 171 votes were cast in Assam's Dima Hasao during the 2024 Lok Sabha Elections where only 90 voters were registered.,en,1,The Quint,https://www.thequint.com/news/webqoof/171-votes-cast-90-voters-in-assam-dimao-hasao-2024-lok-sabha-elections-viral-post-fact-check,India election 2024
"Video shows an anti-Modi ad with the slogan 'Modi Hatao, Desh Bachao' during the 2024 Lok Sabha polls.",en,1,Boom Live,https://www.boomlive.in/fact-check/ceat-tyres-ad-modi-hatao-desh-bachao-fact-check-25158,India election 2024
Video shows a Muslim man saying that he would convert Hindus to Islam which is linked to the Congress party and 2024 Lok Sabha elections,en,1,Boom Live,https://www.boomlive.in/fact-check/factcheck-hate-speech-bangladesh-muslim-cleric-video-2021-indian-election-2024-congress-fake-news-25162,India election 2024
Rahul Gandhi said Narendra Modi will win 2024 election,en,1,AFP Fact Check,https://factcheck.afp.com/doc.afp.com.34RQ3MZ,India election 2024
Police officer catches a burqa-clad Muslim man for casting fake votes during the 2024 Lok Sabha elections.,en,1,Newschecker,https://newschecker.in/election-watch/vote-jihad-viral-video-of-police-officer-catching-man-wearing-burqa-falsely-linked-to-2024-ls-polls,India election 2024
Prosthetic or artificial fingers being made to cast fake votes in the ongoing 2024 Lok Sabha elections.,en,1,FACTLY,https://factly.in/these-images-of-prosthetic-fingers-are-from-japan-and-are-not-related-to-the-2024-lok-sabha-elections/,India election 2024
This video shows a policeman catching a man wearing a burqa during 2024 Lok Sabha Elections.,en,1,The Quint,https://www.thequint.com/news/webqoof/policeman-catching-man-wearing-burqa-2024-lok-sabha-elections-viral-video-pakistan-fact-check,India election 2024
"Video shows PM Modi's supporter, Acharya Pramod Krishnam, calling to end reservation during the 2024 Lok sabha elections.",en,2,BOOM Fact Check,https://www.boomlive.in/fact-check/acharya-pramod-krishnam-anti-caste-comment-reservation-congress-bjp-fact-check-25102,India election 2024
Video showing a mob attacking a BJP leader amid the ongoing 2024 Lok Sabha Elections.,en,2,FACTLY,https://factly.in/2019-video-of-a-mob-attacking-a-bjp-leader-in-west-bengal-shared-as-a-recent-incident-amidst-the-2024-lok-sabha-elections/,India election 2024
EVM tampering in Indian elections 2024,en,2,AFP Fact Check,https://factcheck.afp.com/doc.afp.com.34PY6A2,India election 2024
Photos show fake fingers being used for voting during the 2024 Lok Sabha elections.,en,1,Boom Live,https://www.boomlive.in/fact-check/fake-fingers-voting-lok-sabha-election-2024-fraud-old-photo-fact-check-25085,India election 2024
This video shows voting fraud during 2024 Lok Sabha Elections.,en,1,The Quint,https://www.thequint.com/news/webqoof/polling-agent-women-casting-vote-evm-2024-lok-sabha-elections-voting-fraud-viral-video-fact-check,India election 2024
The video shows BJP giving 'cash for votes' during the 2024 Lok Sabha Elections.,en,1,The Quint,https://www.thequint.com/news/webqoof/woman-taking-money-envelope-bjp-cash-for-votes-viral-video-lok-sabha-elections-fact-check,India election 2024
Visuals of police catching fake voters who came in burqa to vote in the 2024 Lok Sabha elections.,en,1,FACTLY,https://factly.in/a-video-from-2022-is-falsely-shared-as-visuals-of-burqa-clad-fake-voters-caught-during-the-2024-elections/,India election 2024
"In Nagpur, this man threw ink on EVM machines and raised slogans against EVM machines during the 2024 Lok Sabha elections.",en,2,FACTLY,https://factly.in/an-old-video-depicting-a-man-throwing-ink-and-chanting-slogans-against-evms-in-thane-is-shared-as-a-recent-incident/,India election 2024
The image shows Mahendra Singh Dhoni recently expressing his support for Congress in 2024 Lok Sabha Elections.,en,1,The Quint,https://www.thequint.com/news/webqoof/mahendra-singh-dhoni-asking-people-vote-for-congress-lok-sabha-elections-fact-check,India election 2024
Allu Arjun is campaigning for Congress party amid 2024 Lok Sabha elections.,en,1,The Quint,https://www.thequint.com/news/webqoof/allu-arjun-congress-campaign-support-lok-sabha-elections-2024-fact-check,India election 2024
A BJP candidate for welcomed with a garland of shoes while campaigning for the Lok Sabha 2024 elections.,en,1,The Quint,https://www.thequint.com/news/webqoof/old-video-bjp-candidate-garland-of-shoes-lok-sabha-elections-fact-check,India election 2024
Video shows BJP engaging in EVM tampering during the 2024 Lok Sabha elections,en,1,BOOM Fact Check,https://www.boomlive.in/fact-check/evm-fraud-bjp-lok-sabha-elections-2024-bhavnagar-gujarat-fact-check-24994,India election 2024
A BJP leader was offered a garland of shoes by an elderly man while campaigning for the 2024 Lok Sabha polls in Madhya Pradesh.,en,1,ThePrint,https://theprint.in/hoaxposed/fact-check-bjp-leader-given-garland-of-shoes-while-on-campaign-trail-in-2018-not-for-2024-ls-polls/2049637/,India election 2024
Photos show leaked survey by Axis My India on Lok Sabha 2024 elections showing BJP losing seats in several states,en,1,BOOM Fact Check,https://www.boomlive.in/fact-check/factcheck-axis-my-india-lok-sabha-2024-elections-internal-survey-india-bjp-fake-news-24955,India election 2024
The BJP is the only party fighting for an absolutely majority in the 2024 Lok Sabha elections.,en,1,The Quint,https://www.thequint.com/news/webqoof/bjp-is-not-the-only-party-contesting-for-majority-in-2024-lok-sabha-elections-fact-check,India election 2024
The video shows actor Aamir Khan expressing support for Congress party in the 2024 Lok Sabha elections.,en,1,The Quint,https://www.thequint.com/news/webqoof/bollywood-actor-aamir-khan-15-lakh-video-beware-of-scammers-viral-video-congress-fact-check,India election 2024
The video shows a recent clash between TMC and BJP workers ahead of the 2024 Lok Sabha Elections.,en,1,The Quint,https://www.thequint.com/news/webqoof/kolkata-lok-sabha-election-tmc-bjp-clash-viral-video-west-bengal-fact-check,India election 2024
This is a video of EVM tampering from Madhya Pradesh ahead of 2024 Lok Sabha elections,en,2,Fact Crescendo,https://english.factcrescendo.com/2024/04/16/old-video-of-tampered-evm-from-mp-viral-as-recent-incident-ahead-of-2024-lok-sabha-elections/,India election 2024
India election commission to deduct money from bank accounts of non-voters,en,1,AFP Fact Check,https://factcheck.afp.com/doc.afp.com.34QU4GU,India election 2024
The Hindi newspaper Dainik Bhaskar published a report predicting the lead of the I.N.D.I.A bloc in 10 states in the 2024 Lok Sabha elections.,en,1,FACTLY,https://factly.in/the-viral-screenshot-claiming-that-the-dainik-bhaskar-survey-predicts-i-n-d-i-a-bloc-lead-in-10-states-is-fake/,India election 2024
The Dainik Bhaskar published a front-page report predicting the INDIA bloc’s lead in 10 states in the 2024 Lok Sabha elections.,en,1,India Today,https://www.indiatoday.in/fact-check/story/dainik-bhaskar-did-not-predict-india-bloc-lead-lok-sabha-polls-viral-survey-fake-2527177-2024-04-14,India election 2024
A Dainik Bhaskar-Nielsen survey has predicted a lead for the INDI Alliance in 10 states in the 2024 Lok Sabha elections.,en,1,The Quint,https://www.thequint.com/news/webqoof/fact-check-dainik-bhaskar-nielsen-fake-survey-predicts-india-alliance-win-2024-lok-sabha-elections-fact-check,India election 2024
Several Islamic flags waved during Congress’s roadshow ahead of the 2024 Lok Sabha polls.,en,2,Newschecker,https://newschecker.in/election-watch/2019-photo-of-congress-rally-in-wayanad-shared-as-recent,India election 2024
PM Modi said that he is a thief while addressing a crowd prior to the 2024 Lok Sabha elections,en,2,Fact Crescendo,https://english.factcrescendo.com/2024/04/04/old-clipped-video-viral-as-pm-modi-confessed-that-he-is-a-thief/,India election 2024
Kangana Ranaut got the opportunity to contest in the 2024 Lok Sabha elections due to the Women's Reservation Bill.,en,1,The Quint,https://www.thequint.com/news/webqoof/kangana-ranaut-got-bjp-ticket-due-to-women-reservation-bill-false-claim-fact-check,India election 2024
India Today’s opinion poll for Lok Sabha 2024 predicted the INDIA bloc will win at least four seats in Delhi.,en,1,India Today,https://www.indiatoday.in/fact-check/story/india-today-opinion-poll-did-not-predict-4-seats-for-opposition-in-delhi-viral-post-is-misleading-2522792-2024-04-03,India election 2024
"Ahead of 2024 Lok Sabha elections, Congress MP DK Suresh slammed Karnataka Police for blocking the road during an election campaign.",en,1,Alt News,https://www.altnews.in/karnataka-congress-leader-d-k-suresh-warning-cops-old-video-viral-again/,India election 2024
Video shows press conference by RSS supporting I.N.D.I.A alliance for the 2024 Lok Sabha elections,en,1,BOOM Fact Check,https://www.boomlive.in/fact-check/factcheck-rss-india-alliance-congress-lok-sabha-elections-2024-fake-news-24728,India election 2024
TMC candidate Sujatha Khan from Bishnupur chased away by villagers while campaigning in 2024 Lok Sabha elections.,en,1,DigitEye India,https://digiteye.in/old-video-of-villagers-chasing-tmc-candidate-resurfaces-as-new-fact-check/,India election 2024
This video shows people holding up “No Vote To BJP” placards ahead of the 2024 Lok Sabha elections.,en,0,India Today,https://www.indiatoday.in/fact-check/story/fact-check-no-vote-to-bjp-video-from-bengal-polls-viral-again-ahead-of-lok-sabha-election-2518398-2024-03-22,India election 2024
Photo shows 2024 Lok Sabha schedule released by Election Commission Of India,en,1,boomlive.in,https://www.boomlive.in/fact-check/fact-check-lok-sabha-election-schedule-viral-photo-code-of-conduct-fake-news-24475,India election 2024
Official schedule of the 2024 Lok Sabha elections,en,1,FACTLY,https://factly.in/this-image-does-not-show-the-2024-lok-sabha-election-schedule/,India election 2024
Official 2024 Lok Sabha Poll Dates Released by ECI,en,1,The Quint,https://www.thequint.com/news/webqoof/fake-dates-for-2024-elections-viral-on-social-media-fact-check,India election 2024
Viral Whatsapp screenshot listing out the important dates for the upcoming 2024 Lok Sabha elections.,en,1,Newschecker,https://newschecker.in/fact-check/no-2024-lok-sabha-poll-dates-not-out-yet-fake-schedule-viral-on-whatsapp,India election 2024
These photos show Sonia Gandhi and Rahul Gandhi seated in prominent positions during meetings with heads of state of other countries when Manmohan Singh was the Prime Minister of India.,en,1,FACTLY,https://factly.in/manmohan-singh-was-not-the-prime-minister-of-india-during-the-meetings-shown-in-these-viral-photos/,Rahul Gandhi
"Fact Check: Viral images purporting to show Rahul Gandhi and Narendra Modi in Epstein Files are digitally manipulated, AI-generated",en,1,Lighthouse Journalism,https://www.lighthousejournalism.com/viral/fact-check-viral-images-purporting-to-show-rahul-gandhi-and-narendra-modi-in-epstein-files-are-digitally-manipulated-ai-generated-5104/,Rahul Gandhi
"Photos show Narendra Modi, Sonia Gandhi, Rahul Gandhi with Jeffrey Epstein",en,1,Boom Live,https://www.boomlive.in/fact-check/fake-news-viral-photos-ai-generated-narendra-modi-rahul-gandhi-sonia-gandhi-jeffrey-epstein-factcheck-30702,Rahul Gandhi
Photos Of PM Modi And Rahul Gandhi With Jeffrey Epstein,en,1,vishvasnews.com,https://www.vishvasnews.com/english/politics/fact-check-viral-photos-of-pm-modi-and-rahul-gandhi-with-jeffrey-epstein-are-ai-generated/,Rahul Gandhi
The image depicts Rahul Gandhi being mobbed by journalists with microphones outside the Parliament.,en,1,PTI,https://www.ptinews.com/fact-detail/this-social-media-post-showing-rahul-gandhi-surrounded-by-media-outside-parliament-is-not-real-ai-generated-photo-shared-as-authentic/3349711,Rahul Gandhi
This is an authentic photo of Rahul Gandhi speaking to the press outside Parliament.,en,1,The Quint,https://www.thequint.com/news/webqoof/ai-generated-photo-of-rahul-gandhi-talking-to-the-media-viral-as-real-fact-check,Rahul Gandhi
PM Modi and Rahul Gandhi Facing Off in Parliament,en,1,vishvasnews.com,https://www.vishvasnews.com/english/politics/fact-check-viral-photo-of-pm-modi-and-rahul-gandhi-facing-off-in-parliament-is-ai-generated/,Rahul Gandhi
An image allegedly showed Prime Minister Narendra Modi and Rahul Gandhi engaged in a confrontation inside Parliament.,en,1,PTI,https://www.ptinews.com/fact-detail/ai-generated-image-of-pm-modi-and-rahul-gandhi-engaged-in-confrontation-inside-parliament-shared-as-real-with-false-claim/3337047,Rahul Gandhi
A photograph shows Prime Minister Narendra Modi and Congress leader Rahul Gandhi engaged in a heated argument inside the Parliament during a recent session.,en,3,Newschecker,https://newschecker.in/fact-check/viral-photo-showing-rahul-gandhi-confronting-pm-modi-inside-parliament-is-ai-generated,Rahul Gandhi
Photo of PM Modi and Rahul Gandhi Face-Off in Parliament,en,3,News Mobile,https://www.newsmobile.in/nm-fact-checker/verified-photo-of-pm-modi-and-rahul-gandhi-face-off-in-parliament-is-ai-generated/,Rahul Gandhi
Rahul Gandhi insulted Lord Rama during a public gathering.,en,1,NewsMobile,https://www.newsmobile.in/nm-fact-checker/verified-viral-video-falsely-claims-rahul-gandhi-insulted-lord-rama/,Rahul Gandhi
This video shows Pawan Khera slamming Shankaracharya Avimukteshwaranand for labelling Rahul Gandhi as a 'non-Hindu.',en,1,The Quint,https://www.thequint.com/news/webqoof/pawan-khera-shankaracharya-rahul-gandhi-edited-video-fact-check,Rahul Gandhi
"कांग्रेस और पप्पू को आखिर ""राम"" के नाम से इतनी नफरत क्यों है ?",en,1,The Quint,https://www.thequint.com/hindi/webqoof/rahul-gandhi-comments-on-lord-ram-viral-video-shared-with-false-claims-mnrega-vb-g-ram-g-bill,Rahul Gandhi
Some businessmen in Germany have told Rahul Gandhi that he is responsible for the anti-business atmosphere in the country.,en,1,vishvasnews.com,https://www.vishvasnews.com/english/politics/fact-check-congress-leader-targeted-bjp-during-his-meeting-with-rahul-gandhi-in-delhi-over-the-problems-of-traders/,Rahul Gandhi
In his Lok Sabha speech. Rahul Gandhi stated that Pakistan's elections are more credible than India.,en,1,The Quint,https://www.thequint.com/news/webqoof/rahul-gandhi-lok-sabha-vote-chori-pakistan-elections-credible-altered-fact-check,Rahul Gandhi
A viral video shows Rahul Gandhi praising Pakistan’s elections as “more credible” than India’s.,en,3,Newschecker,https://newschecker.in/fact-check/video-claiming-to-show-rahul-gandhi-calling-pakistan-elections-more-credible-than-indias-is-doctored,Rahul Gandhi
Video shows Rahul Gandhi saying that Pakistan has a better democtatic system than India,en,1,Boom Live,https://www.boomlive.in/fact-check/fake-news-viral-video-rahul-gandhi-lok-sabha-speech-praised-pakistan-democracy-altered-ai-voiceover-factcheck-30209,Rahul Gandhi
चीलों के उड़ने के लिए राहुल ने पीएम मोदी को जिम्मेदार ठहराया,en,1,The Quint,https://www.thequint.com/hindi/webqoof/did-rahul-gandhi-hold-pm-modi-responsible-for-eagles-flying-fact-check,Rahul Gandhi
Video shows Rahul Gandhi with a young woman at an airport abroad,en,2,BOOM Fact Check,https://www.boomlive.in/fact-check/rahul-gandhi-spotted-with-young-woman-london-airport-viral-video-fact-check-29968,Rahul Gandhi
Rahul Gandhi has claimed that the same voter voted 223 times across two booths in Haryana in 2024,en,1,Alt News,https://www.altnews.in/vote-chori-rahul-gandhi-says-223-voters-used-same-image-amit-malviya-hears-1-woman-voted-223-times/,Rahul Gandhi
"This video shows the Brazilian model, whose photograph was allegedly registered in the 2024 Haryana elections voter list 22 times, according to Rahul Gandhi, calling him a failed politician who has lost 100 elections and is using her photograph for propaganda. In the video, she accused Congress party workers of harassing her on her DM’s",en,1,FACTLY,https://factly.in/a-video-of-brazilian-hairdresser-larissa-expressing-shock-over-her-old-photograph-being-misused-in-the-indian-elections-is-shared-with-misleading-claims/,Rahul Gandhi
The video shows Rahul Gandhi saying that he has a direct connection with the God during a public rally in Bihar's Darbhanga.,en,1,The Quint,https://www.thequint.com/news/webqoof/congress-rahul-gandhi-direct-connection-with-god-darbhanga-bihar-viral-video-fact-check,Rahul Gandhi
"Rahul Gandhi said he has direct connection with God, never gets diseases",en,1,Alt News,https://www.altnews.in/did-rahul-gandhi-say-i-dont-get-any-disease-i-have-direct-connection-with-god-no-viral-video-is-clipped/,Rahul Gandhi
The video shows Rahul Gandhi saying that he does not get any illness because he has a direct connection with God.,en,1,FACTLY,https://factly.in/this-video-of-rahul-gandhi-mimicking-pm-modi-is-being-falsely-shared-claiming-that-he-made-those-remarks-about-himself/,Rahul Gandhi
"This video shows Amitabh Bachchan bring Rahul Gandhi back from the US, where he was detained on drug-related charges.",en,1,The Quint,https://www.thequint.com/news/webqoof/video-of-rahul-gandhi-priyanka-gandhi-amitabh-bachchan-viral-with-false-drugs-case-claim-fact-check,Rahul Gandhi
Rahul Gandhi blamed PM Modi for eagles flying in the air.,en,1,The Quint,https://www.thequint.com/news/webqoof/rahul-gandhi-eagles-unemployment-pm-modi-fact-check-viral,Rahul Gandhi
Rahul gandhi admitted that his social media followers and views are not organic,en,1,Alt News,https://www.altnews.in/bjp-leader-shehzad-poonawala-shared-clipped-video-of-rahul-gandhi-with-misleading-claim/,Rahul Gandhi
Video shows Amitabh Bachchan picking Rahul Gandhi from the airport after he was released in a drug case in United States,en,1,Boom Live,https://www.boomlive.in/fact-check/fake-news-viral-video-1991-rahul-gandhi-amitabh-bachchan-drug-case-false-claim-factcheck-29802,Rahul Gandhi
The video shows Rahul Gandhi being greeted by Priyanka Gandhi after returning from the US following his release in a drugs case.,en,1,Newschecker,https://newschecker.in/fact-check/does-this-video-show-rahul-gandhi-returning-from-the-us-after-being-released-in-a-drugs-case,Rahul Gandhi
The video shows Amitabh Bachchan bringing Rahul Gandhi back from the US after he was released in a drug case.,en,1,FACTLY,https://factly.in/a-video-of-amitabh-bachchan-with-rahul-gandhi-at-delhi-airport-after-rajiv-gandhis-assassination-in-1991-is-being-shared-with-a-false-claim/,Rahul Gandhi
The video shows Congress President Mallikarjun Kharge criticising Rahul Gandhi and RJD leader Tejashwi Yadav.,en,1,FACTLY,https://factly.in/this-viral-video-of-mallikarjun-kharge-criticising-rahul-gandhi-and-tejashwi-yadav-is-edited/,Rahul Gandhi
Rahul Gandhi admitted that his social media followers were inorganic and not Indian.,en,1,The Quint,https://www.thequint.com/news/webqoof/rahul-gandhi-admits-social-media-following-is-fluff-false-claim-fact-check,Rahul Gandhi
Rahul Gandhi himself admits that his followers and views are not organic or Indian.,en,2,PTI,https://www.ptinews.com/fact-detail/cropped-video-falsely-claims-rahul-gandhi-admitted-his-social-media-presence-is-fluff/2987960,Rahul Gandhi
The viral video shows Congress President Mallikarjun Kharge saying that Rahul Gandhi will never become Prime Minister and referring to an eagle in the sky as a buffalo.,en,1,FACTLY,https://factly.in/this-video-of-mallikarjun-kharge-stating-that-rahul-gandhi-will-not-become-the-prime-minister-of-india-is-clipped/,Rahul Gandhi
The viral photo shows Rahul Gandhi and Tejashwi Yadav wearing ‘I Love Muhammad’ T-shirts.,en,1,FACTLY,https://factly.in/this-photo-of-rahul-gandhi-and-tejashwi-yadav-wearing-i-love-muhammad-t-shirts-is-ai-generated/,Rahul Gandhi
Photo of Rahul Gandhi and Priyanaka Gandhi Vadra holding ‘I Love Muhammad’ poster.,en,1,FACTLY,https://factly.in/this-viral-photo-of-rahul-gandhi-and-priyanka-gandhi-holding-an-i-love-muhammad-poster-is-ai-generated/,Rahul Gandhi
Yogendra Yadav 'admits' that Rahul Gandhi's 'vote chori' campaign has no proof,en,1,Alt News,https://www.altnews.in/yogendra-yadav-did-not-say-rahul-gandhis-vote-theft-allegation-lacked-evidence-bjps-claim-baseless/,Rahul Gandhi
The video shows Rahul Gandhi saying that Narendra Modi wins elections because India supports Narendra Modi and Amit Shah.,en,1,FACTLY,https://factly.in/the-video-of-rahul-gandhi-allegedly-saying-modi-wins-elections-because-india-supports-modi-and-amit-shah-is-edited/,Rahul Gandhi
Photo of Congress MP Rahul Gandhi meeting Islamic preacher Zakir Naik in Malaysia,en,1,FACTLY,https://factly.in/an-ai-generated-image-falsely-claims-to-show-rahul-gandhi-meeting-zakir-naik-in-malaysia/,Rahul Gandhi
Rahul Gandhi says Mahatma Gandhi created the Indian Constittion,en,1,Alt News,https://www.altnews.in/did-rahul-gandhi-credit-mahatma-gandhi-for-drafting-indias-constitution-no-viral-video-is-clipped/,Rahul Gandhi
Rahul Gandhi said names of 6 and 7-year-old kids had been removed from electoral roll,en,1,Alt News,https://www.altnews.in/fact-check-rahul-gandhi-didnt-say-6-7-years-old-childrens-names-have-been-cut-from-voter-list/,Rahul Gandhi
Massive crowd on the road for Rahul Gandhi's procession,en,1,Alt News,https://www.altnews.in/video-showing-massive-crowd-at-puri-rath-yatra-viral-as-rahul-gandhis-rally/,Rahul Gandhi
Shah Rukh Khan Called Rahul Gandhi Kind In This Video,en,3,NewsMobile,https://www.newsmobile.in/nm-fact-checker/fact-check-shah-rukh-khan-did-not-call-rahul-gandhi-king-edited-video-goes-viral/,Rahul Gandhi
"A viral graphic on social media, featuring Congress leader Rahul Gandhi, alleges that he said 6–7-year-old children in Bihar told him their names were removed from the voter list.",en,1,Newschecker,https://newschecker.in/fact-check/rahul-gandhi-bihar-voter-list-children-name-claim-fact-check,Rahul Gandhi
Rahul Gandhi says that only Mahatma Gandhi made the Constitution,en,2,News Mobile,https://www.newsmobile.in/nm-fact-checker/fact-check-viral-video-misrepresents-rahul-gandhis-remarks-on-constitution/,Rahul Gandhi
Rahul Gandhi solely credited Mahatma Gandhi with creating the Constitution of India.,en,1,The Quint,https://www.thequint.com/news/webqoof/rahul-gandhi-didnt-say-gandhiji-gave-his-life-for-constitution-clipped-video-fact-check,Rahul Gandhi
Congress leader Rahul Gandhi recently said that children's names were removed from the voter list in Bihar.,en,1,The Quint,https://www.thequint.com/news/webqoof/rahul-gandhi-children-complaining-name-removed-from-voter-list-viral-video-fact-check,Rahul Gandhi
The image is recent and shows Congress' Rahul Gandhi posing for a picture with an American adult actor.,en,1,The Quint,https://www.thequint.com/news/webqoof/congress-leader-rahul-gandhi-with-american-adult-actor-viral-image-fact-check,Rahul Gandhi
Video of Congress leader Rahul Gandhi crediting only Mahatma Gandhi for the making of the constitution,en,2,FACTLY,https://factly.in/a-clipped-speech-of-rahul-gandhi-is-being-shared-claiming-that-he-gave-mahatma-gandhi-the-sole-credit-for-making-the-constitution/,Rahul Gandhi
Video shows a massive crowd gathered for Rahul Gandhi’s recently launched Vote Adhikar Yatra in Bihar.,en,1,NewsMobile,https://www.newsmobile.in/nm-fact-checker/fact-check-old-video-from-maharashtra-falsely-linked-to-ragas-vote-adhikar-yatra-in-bihar/,Rahul Gandhi
"Video shows crowd at Rahul Gandhi's ""Voter Adhikar"" rally in Bihar.",en,1,BOOM Fact Check,https://www.boomlive.in/fact-check/viral-video-rahul-gandhi-rally-misrepresented-as-rath-yatra-puri-odisha-29318,Rahul Gandhi
The video is recent and shows a huge crowd gathered for Congress' Rahul Gandhi's rally in Bihar.,en,1,The Quint,https://www.thequint.com/news/webqoof/crowd-gathered-for-rahul-gandhi-voter-adhikar-yatra-bihar-viral-video-fact-check,Rahul Gandhi
"The user claimed that in a video, Rahul Gandhi asked BJP MP Rajiv Pratap Rudy if he was contesting the internal club elections, and upon Rudy’s “of course” reply, Gandhi said, “Don’t worry.”",en,2,Press Trust of India,https://www.ptinews.com/fact-detail/pti-fact-check-pti-video-clip-of-rahul-gandhi-rajiv-pratap-rudy-from-parliament-premises-shared-on-social-media-with-false-claim-details-inside/2820546,Rahul Gandhi
Kamal Nath said Rahul Gandhi is the incarnation of Shiva,en,1,vishvasnews.com,https://www.vishvasnews.com/english/politics/fact-check-viral-claim-that-kamal-nath-called-rahul-gandhi-shivas-incarnation-is-false/,Rahul Gandhi
"Names of voters mentioned by Rahul Gandhi not on voter list of Uttar Pradesh, according to UP chief electoral officer",en,1,Alt News,https://www.altnews.in/up-election-commission-fact-check-on-rahul-gandhi-claims-about-vote-chori-is-misleading/,Rahul Gandhi
Judge who granted Rahul Gandhi bail took a selfie with him.,en,1,AFP Fact Check,https://factcheck.afp.com/doc.afp.com.67FX2G3,Rahul Gandhi
"Rahul Gandhi is seen clicking a selfie with a judge, who was granting his bail regarding the recent defamatory case against him.",en,1,The Quint,https://www.thequint.com/news/webqoof/false-image-selfie-rahul-gandhi-court-not-judge-lawyer-fact-check,Rahul Gandhi
The video is recent and shows Congress leader Kanhaiya Kumar taking a dig at Rahul Gandhi.,en,1,The Quint,https://www.thequint.com/news/webqoof/congress-kanhaiya-kumar-took-recent-dig-rahul-gandhi-viral-video-fact-check,Rahul Gandhi
"Rahul Gandhi said that you have the skills and knowledge of an orthopedic surgeon, but you are not an orthopedic surgeon!",en,0,vishvasnews.com,https://www.vishvasnews.com/english/politics/fact-check-excerpts-from-rahul-gandhis-speech-on-caste-based-discrimination-circulating-with-a-misleading-claim/,Rahul Gandhi
"Video of Rahul Gandhi calling Odisha’s religious festival a ""drama"".",en,1,AFP Fact Check,https://factcheck.afp.com/doc.afp.com.66RH463,Rahul Gandhi
rahul gandhi noted that the people attending the rath yatra in odisha were doing drama,en,1,The Quint,https://www.thequint.com/news/webqoof/rahul-gandhi-jibe-at-adani-rath-yatra-drama-clipped-video-fact-check,Rahul Gandhi
The viral photo shows Rahul Gandhi taking a selfie with the judge who granted him bail in a defamation case.,en,1,FACTLY,https://factly.in/the-photo-of-rahul-gandhi-with-advocate-syed-mahmood-hasan-is-falsely-shared-to-claim-that-it-shows-the-judge-who-granted-him-bail/,Rahul Gandhi
"The viral video shows Rahul Gandhi calling the Rath Yatra in Puri, Odisha a “drama,” suggesting he insulted the religious tradition.",en,1,FACTLY,https://factly.in/the-video-of-rahul-gandhi-allegedly-calling-the-rath-yatra-at-the-jagannath-temple-a-drama-is-clipped-and-shared-out-of-context/,Rahul Gandhi
Video shows Rahul Gandhi calling Odisha's Rath Yatra 'drama',en,1,BOOM Fact Check,https://www.boomlive.in/fact-check/rahul-gandhi-called-odisha-ratha-yatra-drama-cropped-video-viral-congress-misleading-fact-check-29041,Rahul Gandhi
Images show Rahul Gandhi and Sonia Gandhi insulting former Indian Prime Minister Dr Manmohan Singh,en,3,Alt News,https://www.altnews.in/old-images-of-dr-manmohan-singh-shared-as-rahul-and-sonia-gandhi-dishonored-him-while-he-was-prime-minister/,Rahul Gandhi
Video shows Rahul Gandhi’s photo affixed on sanitary napkins distributed by the Congress in Bihar.,en,1,Newschecker,https://newschecker.in/fact-check/rahul-gandhis-photo-on-sanitary-napkins-distributed-in-bihar-no-false-claim-goes-viral,Rahul Gandhi
Video shows Rahul Gandhi's photograph on sanitary pad distributed ahead of Bihar elections,en,1,BOOM Fact Check,https://www.boomlive.in/fact-check/rahul-gandhi-photo-viral-video-sanitary-pads-napkins-bihar-elections-28994,Rahul Gandhi
Congress leader Rahul Gandhi is seen attending Gautam Adani's birthday celebration.,en,2,PTI,https://www.ptinews.com/fact-detail/pti-fact-check-old-video-of-rahul-gandhi-shared-to-falsely-claim-he-attended-adani-s-birthday-party/2699618,Rahul Gandhi
Video shows Rahul Gandhi attending Gautam Adani's birthday party,en,1,BOOM Fact Check,https://www.boomlive.in/fact-check/fake-news-rahul-gandhi-at-adani-birthday-party-video-factcheck-28977,Rahul Gandhi
Image shows Rahul Gandhi at George Soros's son's wedding,en,1,Alt News,https://www.altnews.in/ai-generated-image-viral-as-rahul-gandhi-attended-wedding-of-alexander-soros-son-of-george-soros/,Rahul Gandhi
बेतुके बयान देते राहुल गांधी का वीडियो।,en,1,विश्वास न्यूज,https://www.vishvasnews.com/politics/fact-check-rahul-gandhi-absurd-statement-videos-are-edited/,Rahul Gandhi
A paid actor who once pretended to be a railway porter in a meeting with Rahul Gandhi is now pretending to be a DU student leader.,en,1,India Today,https://www.indiatoday.in/fact-check/story/fact-check-rahul-gandhi-planting-actors-public-meetings-porters-dusu-leaders-2731991-2025-05-28,Rahul Gandhi
Wayanad Congress uses a photo of Congress MP Rahul Gandhi while observing the death anniversary (May 21) of his father and former Prime Minister Rajiv Gandhi.,en,1,Newschecker,https://newschecker.in/fact-check/news/wayanad-congress-uses-rahul-gandhis-portrait-to-observe-rajiv-gandhis-death-anniversary-no-viral-photo-is-from-old-onam-event,Rahul Gandhi
Rahul Gandhi met YouTuber Jyoti malhotra who has been arrested for spying for Pakistan,en,1,Alt News,https://www.altnews.in/fact-check-rahul-gandhi-viral-photo-with-youtuber-jyoti-malhotra-false-claim/,Rahul Gandhi
"Photographs claiming to show senior Congress leader Rahul Gandhi with travel vlogger Jyoti Malhotra, who was recently arrested on charges of spying for Pakistan.",en,3,Newschecker,https://newschecker.in/fact-check/edited-photos-of-rahul-gandhi-with-spy-jyoti-malhotra-shared-as-real,Rahul Gandhi
"Photos of Jyoti Malhotra with Rahul Gandhi, they suggest her association with the Congress party.",en,1,FACTLY,https://factly.in/these-viral-photos-of-rahul-gandhi-with-jyoti-malhotra-who-was-allegedly-arrested-for-spying-for-pakistan-are-edited/,Rahul Gandhi
LoP in Lok Sabha Rahul Gandhi was absent from the entire discussion on the Waqf (Amendment) Bill and only showed up for voting.,en,1,The Quint,https://www.thequint.com/news/webqoof/rahul-gandhi-waqf-amendment-bill-attended-lok-sabha-for-voting-viral-claim-fact-check,Rahul Gandhi
This video shows Rahul Gandhi and Priyanka Gandhi Vadra meeting victims of the New Delhi Railway Station stampede.,en,1,The Quint,https://www.thequint.com/news/webqoof/old-video-shared-as-priyanka-and-rahul-gandhi-meeting-delhi-railway-station-stampede-victims-fact-check,Rahul Gandhi
Rahul Gandhi insulted Mallikarjun Kharge by signalling him to leave at the inauguration of the new Congress headquarters,en,1,The Quint,https://www.thequint.com/news/webqoof/rahul-gandhi-did-not-insult-kharge-by-asking-to-vacate-chair-false-claim-fact-check,Rahul Gandhi
Video shows Rahul Gandhi insulted Kharge.,en,2,DigitEye India,https://digiteye.in/did-rahul-gandhi-insult-kharge-on-stage-pulling-the-chair-fact-check/,Rahul Gandhi
Rahul Gandhi called the term 'Bharat Mata' unparliamentary.,en,1,The Quint,https://www.thequint.com/news/webqoof/clip-of-rahul-gandhi-calling-bharat-mata-unparliamentary-viral-with-no-context-fact-check,Rahul Gandhi
Rahul Gandhi called 'Bharat Mata' unparliamentary,en,1,ThePrint,https://theprint.in/hoaxposed/fact-check-rahul-gandhi-didnt-call-bharat-mata-unparliamentary-term-he-was-being-sarcastic/2446660/,Rahul Gandhi
कांग्रेस सांसद राहुल गांधी ने भारत माता को असंसदीय शब्द कहा?,en,0,Navbharat Times,https://navbharattimes.indiatimes.com/india/rahul-gandhi-did-not-call-bharat-mata-unconstitutional-know-the-truth-of-viral-video/articleshow/117198289.cms,Rahul Gandhi
Rahul Gandhi smashes 140 coconuts in seconds,en,1,Alt News,https://www.altnews.in/video-shared-to-mock-the-bjp-showing-rahul-gandhi-breaking-140-coconuts-in-a-matter-of-seconds-is-morphed/,Rahul Gandhi
Rahul Gandhi reading Kannada newspaper,en,1,NewsMobile,https://www.newsmobile.in/nm-fact-checker/fact-check-rahul-gandhi-reading-kannada-newspaper-heres-the-truth-behind-this-picture/,Rahul Gandhi
Rahul Gandhi admitted to assaulting BJP MP,en,1,ThePrint,https://theprint.in/hoaxposed/fact-check-videos-showing-rahul-gandhi-admitting-to-assaulting-a-bjp-mp-are-fake/2410850/,Rahul Gandhi
Genuine magazine cover mocking India's opposition leader Rahul Gandhi,en,1,AFP Fact Check,https://factcheck.afp.com/doc.afp.com.36NL2NY,Rahul Gandhi
Kiren Rijiju woke up a sleeping Rahul Gandhi in Parliament,en,1,Alt News,https://www.altnews.in/not-rahul-gandhi-mp-who-kiren-rijiju-ridicules-in-viral-video-for-sleeping-in-house-is-not-the-leader-of-opposition/,Rahul Gandhi
Arvind Kejriwal ignored Congress leader Rahul Gandhi,en,1,vishvasnews.com,https://www.vishvasnews.com/english/politics/fact-check-no-arvind-kejriwal-did-not-ignore-rahul-gandhi-viral-video-is-edited/,Rahul Gandhi
Video shows Arvind Kejriwal refusing to shake hands with Rahul Gandhi during Hemant Soren's oath taking ceremony,en,1,Boom Live,https://www.boomlive.in/fact-check/jharkhand-elections-hemant-arvind-kejriwal-refused-handshake-with-rahul-gandhi-false-claim-video-hemant-soren-oath-ceremony-fake-news-27121,Rahul Gandhi
Rahul Gandhi’s t-shirt bore the 'Nafrat ki Dukan' slogan,en,1,Deccan Herald,https://www.deccanherald.com/elections/kerala/fact-check-rahul-gandhis-t-shirt-did-not-bear-the-nafrat-ki-dukan-slogan-viral-picture-is-edited-3278494,Rahul Gandhi
India's opposition leader threatening Hindu voters,en,1,AFP Fact Check,https://factcheck.afp.com/doc.afp.com.36MW8PH,Rahul Gandhi
"Maharashtra Congress President Nana Patole endorses Rahul Gandhi's ""we will remove reservations"" statement.",en,1,The Quint,https://www.thequint.com/news/webqoof/amit-malviya-falsely-claims-rahul-gandhi-said-he-will-remove-reservations-fact-check,Rahul Gandhi
The video shows Rahul Gandhi being introduced & ridiculed on Pakistani TV.,en,1,FACTLY,https://factly.in/a-clip-from-an-indian-podcast-is-falsely-being-shared-as-visuals-of-a-pakistani-tv-show-introducing-rahul-gandhi/,Rahul Gandhi
Rahul Gandhi stated that he would end the reservation.,en,0,vishvasnews.com,https://www.vishvasnews.com/english/politics/fact-check-rahul-gandhis-incomplete-statement-on-reservation-goes-viral/,Rahul Gandhi
San Francisco newspaper questioned Rahul Gandhi's nationality,en,1,Alt News,https://www.altnews.in/viral-us-newspaper-report-questioning-rahul-gandhis-nationality-is-fake/,Rahul Gandhi
Video shows Rahul Gandhi threatening Hindus once BJP government goes out of power,en,1,Boom Live,https://www.boomlive.in/fact-check/rahul-gandhi-did-not-talk-about-action-against-hindus-video-is-cropped-26417,Rahul Gandhi
Rahul Gandhi avoids sharing images of Hindu deities,en,1,Alt News,https://www.altnews.in/rahul-gandhi-has-shared-images-of-hindu-deities-several-times-rw-claim-opindia-article-have-no-basis/,Rahul Gandhi
This video shows Rahul Gandhi talking about launching investigations against Hindus once the BJP loses power.,en,1,The Quint,https://www.thequint.com/news/webqoof/clipped-video-shared-to-claim-rahul-gandhi-spoke-about-action-against-hindus-fact-check,Rahul Gandhi
Rahul Gandhi called the Kolkata rape and murder case unimportant.,en,1,The Quint,https://www.thequint.com/news/webqoof/rahul-gandhi-did-not-call-kolkata-rg-kar-rape-murder-case-unimportant-fact-check,Rahul Gandhi
The video shows Union Home Minister Amit Shah speaking against Pakistan and talking about the formation of 'Akhand Israel' and 'Akhand Bharat'.,en,1,The Quint,https://www.thequint.com/news/webqoof/home-minister-amit-shah-spoke-against-pakistan-akhand-bharat-akhand-israel-viral-video-fact-check,Amit Shah
"A viral video shows Union Home Minister Amit Shah stating in the Lok Sabha that Pakistan is part of “Akhand Bharat,” and making remarks about Iran, Pakistan, and Asim Munir.",en,1,FACTLY,https://factly.in/this-viral-video-of-amit-shah-allegedly-making-remarks-about-pakistans-role-in-the-iran-us-conflict-and-akhand-bharat-in-the-lok-sabha-is-a-deepfake/,Amit Shah
A video shows Amit Shah telling Parliament that India should not be concerned if Pakistan helps mediate the Iran-U.S. conflict.,en,3,Newschecker,https://newschecker.in/fact-check/manipulated-video-falsely-shows-amit-shah-saying-india-shouldnt-worry-if-pakistan-mediates-iran-us-dispute,Amit Shah
Video shows Amit Shah saying that the BJP will eradicate ‘Khalsa Raj’ in Punjab if voted to power.,en,3,Newschecker,https://newschecker.in/fact-check/video-claiming-to-show-amit-shah-saying-bjp-will-end-khalsa-raj-in-punjab-is-doctored,Amit Shah
Video allegedly shows Union Home Minister Amit Shah supporting the new UGC guidelines in his parliament speech.,en,1,DigitEye India,https://digiteye.in/__trashed/,Amit Shah
A video purporting to show Amit Shah speaking inside Parliament was shared as his response to critics of the new UGC guidelines.,en,2,Press Trust of India,https://www.ptinews.com/fact-detail/old-parliament-video-of-amit-shah-from-waqf-bill-debate-falsely-linked-to-ugc-guidelines-row/3339938,Amit Shah
Amit Shah threatens over controversial UGC bill?,en,1,AFP Fact Check,https://factcheck.afp.com/doc.afp.com.94KF39E,Amit Shah
This video shows Amit Shah's response in the parliament to the critics of the new UGC guidelines.,en,1,The Quint,https://www.thequint.com/news/webqoof/amit-shah-old-speech-waqf-bill-ugc-guidelines-fact-check,Amit Shah
The video shows protesters beating the effigies of Prime Minister Narendra Modi and Home Minister Amit Shah with shoes and slippers and burning them in protest against the 2026 UGC guidelines.,en,2,FACTLY,https://factly.in/a-protest-against-sir-in-murshidabad-west-bengal-is-being-falsely-shared-as-a-protest-against-the-2026-ugc-regulations/,Amit Shah
People threw ink at posters of PM Modi and Amit Shah in protest against the new UGC guidelines.,en,2,PTI,https://www.ptinews.com/fact-detail/old-video-of-congress-protest-in-chhattisgarh-falsely-shared-as-demonstration-against-govt-over-recent-ugc-guidelines/3325932,Amit Shah
Video shows upper-caste protesters burning effigies of Prime Minister Narendra Modi and Home Minister Amit Shah over the new UGC rules.,en,1,Boom Live,https://www.boomlive.in/fact-check/viral-video-protest-burning-effigies-pm-modi-home-minister-amit-shah-ugc-new-rules-claim-fact-check-30584,Amit Shah
"Amit Shah stated that the UGC Act, 2026, is a law passed by Parliament and must be accepted by everyone.",en,1,FACTLY,https://factly.in/an-old-statement-of-amit-shah-made-in-the-context-of-the-waqf-law-is-now-being-falsely-linked-to-the-2026-ugc-controversy/,Amit Shah
The video shows people protesting against the new UGC rules by throwing black ink on posters of PM Modi and Union Home Minister Amit Shah.,en,2,FACTLY,https://factly.in/a-december-2025-congress-protest-video-from-chhattisgarh-is-being-shared-linking-it-to-protests-against-the-new-ugc-rules/,Amit Shah
The video shows people throwing ink on a poster carrying images of PM Modi and Union Minister Amit Shah during the recent UGC protests.,en,1,The Quint,https://www.thequint.com/news/webqoof/protesters-throwing-ink-pm-modi-union-minister-amit-shah-ugc-regulations-viral-video-fact-check,Amit Shah
Amit Shah's Statement on UGC Equity Regulations,en,2,NewsMobile,https://www.newsmobile.in/nm-fact-checker/verified-old-video-of-amit-shah-falsely-linked-to-ugc-equity-regulations-protests/,Amit Shah
A viral video showing a torch march with posters of PM Narendra Modi and Amit Shah depicts protests against the new UGC Rules 2026.,en,1,Newschecker,https://newschecker.in/fact-check/viral-footage-of-torch-rally-does-not-show-protests-against-new-ugc-rules,Amit Shah
Video shows Amit Shah announcing an investment scheme during a rally.,en,3,Newschecker,https://newschecker.in/fact-check/viral-video-showing-amit-shah-announcing-an-investment-scheme-during-a-rally-is-doctored,Amit Shah
Prime Minister Narendra Modi and Home Minister Amit Shah appeared visibly disappointed after listening to Sanjay Singh’s speech in the Rajya Sabha,en,1,NewsMobile,https://www.newsmobile.in/nm-fact-checker/verified-pm-modi-amit-shah-werent-present-during-sanjay-singhs-vande-mataram-speech/,Amit Shah
"Picture of Vladimir Putin Visited Temple With PM Modi, Amit Shah and Yogi Adityanath",en,3,NewsMobile,https://www.newsmobile.in/nm-fact-checker/verified-putin-did-not-visit-a-temple-with-pm-modi-viral-image-is-ai-generated/,Amit Shah
Video shows CEC Gyanesh Kumar touching Amit Shah’s feet,en,1,NewsMobile,https://www.newsmobile.in/nm-fact-checker/fact-check-video-of-cec-gyanesh-kumar-touching-amit-shahs-feet-is-ai-generated/,Amit Shah
This video shows journalist Navika Kumar cleaning HM Amit Shah's shoe.,en,1,The Quint,https://www.thequint.com/news/webqoof/navika-kumar-cleaning-amit-shah-shoe-viral-ai-fact-check,Amit Shah
A viral post claims that Amit Shah said no Muslims were given tickets for the upcoming Bihar elections because “they don’t vote for us.”,en,1,The Quint,https://www.thequint.com/news/webqoof/amit-shah-says-bihar-muslim-ticket-false-claim,Amit Shah
Union Home Minister Amit Shah recently said that all party workers survive on five kilos of ration.,en,1,The Quint,https://www.thequint.com/news/webqoof/home-minister-amit-shah-party-workers-surviving-on-five-kilos-ration-viral-claim-bihar-elections-fact-check,Amit Shah
NDTV reported Amit Shah as saying that party workers active on social media are surviving on the government’s 5 kg ration.,en,1,FACTLY,https://factly.in/the-viral-ndtv-graphic-claiming-amit-shah-said-party-workers-on-social-media-survive-on-the-5-kg-ration-provided-by-their-government-is-fake/,Amit Shah
Amit Shah said all social media workers irrrespective of political parties survive on 5kg ration given by the BJP,en,1,BOOM Fact Check,https://www.boomlive.in/fact-check/amit-shah-social-media-workers-from-all-parties-survive-on-our-5kg-ration-fake-ndtv-india-graphic-fact-check-29914,Amit Shah
"Post claims Amit Shah called the Indian Army the “Army of Hindutva,” “Army of RSS,” and “Army of Hindu Rajya.”",en,1,PTI,https://www.ptinews.com/fact-detail/pti-fact-check-viral-video-falsely-claims-amit-shah-called-indian-army-an-army-of-hindutva-/3062739,Amit Shah
Amit Shah said social media influencers from all parties are living on their 5kg ration.,en,3,Newschecker,https://newschecker.in/fact-check/did-amit-shah-say-that-online-activists-from-all-parties-survive-on-our-5kg-ration,Amit Shah
Amish Devgn touched HM Amit Shah's feet.,en,1,The Quint,https://www.thequint.com/news/webqoof/ai-generated-clip-amit-shah-amish-devgn-touching-feet-viral-fact-check,Amit Shah
Amit Shah spoke about saffronisation of the Indian Army.,en,1,vishvasnews.com,https://www.vishvasnews.com/english/ai-check-2/fact-check-deepfake-video-falsely-claims-amit-shah-called-indian-army-army-of-hindutva-rss/,Amit Shah
"Amit Shah termed the Indian Army as “Army of Hindutva,” “Army of the RSS,” and the “Army of the Hindu Rajya.”",en,1,The Quint,https://www.thequint.com/news/webqoof/ai-altered-clip-amit-shah-rally-army-hindutva-fact-check,Amit Shah
News18 anchor Amish Devgan touches HM Amit Shah's shoe,en,1,Alt News,https://www.altnews.in/viral-video-of-news18s-amish-devgan-touching-amit-shahs-shoe-is-fake/,Amit Shah
Amit Shah threatens to bar Biharis from Delhi/Mumbai if they don't vote for BJP.,en,1,vishvasnews.com,https://www.vishvasnews.com/english/politics/fact-check-fake-postcard-claiming-amit-shah-insulted-people-of-bihar-goes-viral/,Amit Shah
"The video shows Amit Shah terming the Indian Army as “Army of Hindutva,” “Army of the RSS,” and the “Army of the Hindu Rajya.”",en,3,Newschecker,https://newschecker.in/fact-check/viral-video-of-amit-shah-calling-indian-forces-army-of-hindu-rajya-is-doctored,Amit Shah
"ABP News reported that Union Home Minister Amit Shah warned Bihar voters, saying, “If people from Bihar don’t vote for our party, we won’t let them enter Delhi and Mumbai.”",en,1,FACTLY,https://factly.in/this-viral-abp-news-graphic-claiming-that-amit-shah-threatened-bihar-voters-is-fake/,Amit Shah
Video shows Union Home Minister Amit Shah calling the Indian Army a force for the RSS and the Hindus.,en,1,BOOM Fact Check,https://www.boomlive.in/fact-check/viral-video-union-home-minister-amit-shah-indian-army-hindutva-rss-hindu-claim-fact-check-29848,Amit Shah
Video shows ADC Leh Ghulam Muhammad admits that it was Amit Shah who ordered the arrest of Sonam Wangchuk.,en,1,BOOM Fact Check,https://www.boomlive.in/fact-check/viral-video-ladakh-leh-adc-sonam-wangchuk-was-arrested-on-the-directions-of-home-minister-amit-shah-ai-voice-over-factcheck-29674,Amit Shah
"The video shows the ADC of Leh, Ghulam Muhammad, admitting that Amit Shah’s office issued orders to arrest Sonam Wangchuk and label him a Pakistani agent.",en,1,FACTLY,https://factly.in/this-video-of-leh-adc-ghulam-muhammad-stating-that-amit-shahs-office-ordered-sonam-wangchuks-arrest-and-asked-them-to-label-him-a-pakistani-agent-is-fake/,Amit Shah
Leh police said that they arrested Sonam Wangchuk on Union Home Minister Amit Shah's orders.,en,1,The Quint,https://www.thequint.com/news/webqoof/amit-shah-did-not-give-orders-to-arrest-sonam-wangchuk-leh-police-fact-check,Amit Shah
Amit Shah is criticizing PM Modi and NSA Ajit Doval for Operation Sindoor,en,1,Alt News,https://www.altnews.in/op-sindoor-did-amit-shah-say-modi-should-resign-over-pakistans-attacks-no-clip-is-digitally-manipulated/,Amit Shah
"A viral video shows Rahul Gandhi saying, “Narendra Modi wins elections and Narendra Modi and Amit Shah are helped by Hindustan.”",en,1,NewsMobile,https://www.newsmobile.in/uncategorized/fact-check-rahul-gandhi-said-modi-wins-with-indias-help-heres-the-truth/,Amit Shah
Amit Shah blames Ajit Doval for the defeat in Operation Sindoor and asks PM Modi to resign.,en,1,PTI,https://www.ptinews.com/fact-detail/pti-fact-check-viral-clip-showing-amit-shah-blaming-ajit-doval-calling-for-pm-modi-s-resignation-is-ai-generated/2944098,Amit Shah
Video shows Home Minister Amit Shah demanding the resignation of Prime Minsiter Narendra Modi over Operation Sindoor,en,1,BOOM Fact Check,https://www.boomlive.in/fact-check/fake-news-video-amit-shah-blames-ajit-doval-pakistan-strikes-modi-resign-operation-sindoor-factcheck-29572,Amit Shah
The video shows Home Minister Amit Shah criticising PM Narendra Modi over three major terror attacks under his rule.,en,1,The Quint,https://www.thequint.com/news/webqoof/home-minister-amit-shah-talking-about-terror-attacks-under-pm-modi-viral-video-fact-check,Amit Shah
Amit Shah has accepted the failure by talking about the 3 attacks that took place during the Modi government.,en,1,vishvasnews.com,https://www.vishvasnews.com/english/politics/fact-check-viral-video-of-amit-shah-is-clipped-original-statement-praised-modi-govts-response-to-terror-attacks-not-admitted-failure/,Amit Shah
"Clip shows how Amit Shah dropped the Indian national flag while hoisting it on Independence Day, 15 August 2025.",en,2,DigitEye India,https://digiteye.in/did-amit-shah-drop-indian-national-flag-on-independence-day-2025-fact-check/,Amit Shah
"Amit Shah says Sardar Vallabhbhai Patel opposed the 1960 Indus Water Treaty, even though Patel passed away in 1950.",en,2,PTI,https://www.ptinews.com/fact-detail/pti-fact-check-clipped-video-of-amit-shah-mentioning-sardar-patel-during-parliament-speech-taken-out-of-context-and-shared-with-false-claim/2800383,Amit Shah
Video shows Home Minister Amit Shah claiming that Sardar Patel in 1960 opposed the Indus Waters Treaty,en,2,BOOM Fact Check,https://www.boomlive.in/fact-check/amit-shah-1960-sardar-patel-air-india-radio-indus-treaty-speech-lok-sabha-factcheck-29193,Amit Shah
A video shows a monkey attacking Union Home Minister Amit Shah while he was standing with officials outside a building.,en,1,PTI News,https://www.ptinews.com/fact-detail/pti-fact-check-ai-generated-video-of-amit-shah-being-attacked-by-a-monkey-outside-a-building-shared-as-real-details-inside/2706804,Amit Shah
The viral video shows a monkey jumping on Union Home Minister Amit Shah as he exits a building surrounded by officials.,en,1,FACTLY,https://factly.in/ai-generated-video-is-shared-as-that-of-a-monkey-jumping-on-union-home-minister-amit-shah/,Amit Shah
Amit Shah urges citizens to invest money in his personal project.,en,1,PTI,https://www.ptinews.com/fact-detail/pti-fact-check-this-video-of-amit-shah-endorsing-investment-plan-with-huge-return-is-ai-generated-and-fake-details-inside/2558235,Amit Shah
"Union Home Minister Amit Shah says that if the ceasefire had been deferred by three days, Pok would have been a part of India.",en,2,PTI,https://www.ptinews.com/fact-detail/pti-fact-check-2023-parliament-video-of-amit-shah-s-statement-on-pakistan-occupied-kashmir-falsely-shared-after-the-recent-india-pakistan-military-conflict/2555327,Amit Shah
Union Minister Amit Shah says that if ceasefire had been deferred by three days PoK would have been a part of India.,en,2,Newschecker,https://newschecker.in/fact-check/video-of-amit-shah-saying-that-pok-would-have-been-in-india-if-ceasefire-was-deferred-is-unrelated-to-recent-india-pakistan-escalation,Amit Shah
Videos of PM Modi and Union Home Minister Amit Shah claiming that they were apologising to the world and admitting they “lost the battle” to Pakistan were shared on social media.,en,1,PTI,https://www.ptinews.com/fact-detail/pti-fact-check-ai-generated-videos-of-pm-modi-amit-shah-shared-with-false-fabricated-baseless-claims-details-inside/2549377,Amit Shah
"Videos shows Indian Prime Minister Narendra Modi, Union Home Minister Amit Shah, and External Affairs Minister Dr S. Jaishankar apologising to the world for launching Operation Sindoor.",en,1,FACTLY,https://factly.in/ai-generated-videos-are-being-falsely-shared-as-pm-modi-amit-shah-and-jaishankar-apologising-for-launching-operation-sindoor/,Amit Shah
"mit Shah claimed that there had been ‘no violence’ in the state for four months, between December 2024 and March 2025",en,1,The Quint,https://www.thequint.com/news/webqoof/amit-shah-no-violence-in-manipur-from-december-to-march-fact-check,Amit Shah
"Did Amit Shah Announce Death Penalty For Drug-Related Crimes, Ragging?",en,1,NDTV,https://www.ndtv.com/india-news/did-amit-shah-announce-death-penalty-for-drug-related-crimes-ragging-7906138,Amit Shah
Union Home Minister Amit Shah said that the government would punish ragging and drug related crimes with the death penalty.,en,1,The Quint,https://www.thequint.com/news/webqoof/amit-shah-ragging-drug-crimes-death-penalty-fact-check,Amit Shah
"US and Canada have banned the entry of Amit Shah, Ajit Doval and Gautam Adani.",en,1,Newschecker,https://newschecker.in/fact-check/us-canada-have-not-banned-entry-of-amit-shah-ajit-doval-and-gautam-adani-false-claim-goes-viral,Amit Shah
Travel ban imposed on Gautam Adani and NSA Ajit Doval by the United States and on Amit Shah by Canada.,en,1,PTI,https://www.ptinews.com/fact-detail/pti-fact-check-no-travel-ban-imposed-on-adani-amit-shah-or-doval-by-us-or-canada-social-media-posts-shared-with-fake-claim/2024745,Amit Shah
"Home Minister Amit Shah, National Security Advisor Ajit Doval, and businessman Gautam Adani are banned from the US and Canada",en,1,FACTLY,https://factly.in/there-is-no-evidence-supporting-claims-of-travel-restrictions-against-amit-shah-and-ajit-doval-by-the-u-s-and-canada/,Amit Shah
Video of Amit Shah shared as him 'disrespecting' Jharkhand BJP leaders,en,1,Deccan Herald,https://www.deccanherald.com/elections/jharkhand/fact-check-altered-video-of-amit-shah-shared-as-him-disrespecting-jharkhand-bjp-leaders-3276844,Amit Shah
Interpol has issued a “Wanted Notice” against Union home minister Amit Shah for allegedly approving a series of plots targeting Khalistani separatists inside Canada.,en,1,Newschecker,https://newschecker.in/fact-check/fake-interpol-notice-against-amit-shah-over-alleged-plot-targeting-khalistani-separatists-inside-canada-goes-viral,Amit Shah
"TMC MP Kakoli Ghosh Dastidar scolded Union Home Minister Amit Shah, pointing the finger at him and declaring, "" You do not know anything, you Sit down!""",en,3,Newschecker,https://newschecker.in/fact-check/tmc-mp-kakoli-ghosh-dastidar-scolded-amit-shah-asked-him-to-sit-down-viral-video-is-edited,Amit Shah
BJP referred to Amit Shah as their Prime Minister in an X post,en,1,NewsMobile,https://www.newsmobile.in/nm-fact-checker/fact-check-digitally-altered-screenshot-falsely-claims-bjp-declared-amit-shah-as-prime-minister/,Amit Shah
Visuals of Amit Shah calling PM Modi’s 2024 Lok Sabha election guarantees meaningless.,en,1,FACTLY,https://factly.in/a-clipped-video-is-being-shared-with-a-misleading-context-that-amit-shah-said-modis-2024-election-promises-are-meaningless/,Amit Shah
Amit Shah is taking a dig at guarantees made by BJP and PM Narendra Modi.,en,1,The Quint,https://www.thequint.com/news/webqoof/amit-shah-bjp-modi-guarantee-clipped-video-rahul-gandhi-fact-check,Amit Shah
Amit Shah called PM Modi's poll promises meaningless,en,1,ThePrint,https://theprint.in/hoaxposed/fact-check-amit-shah-didnt-call-modis-poll-promises-meaningless-he-was-talking-about-congress/2105080/,Amit Shah
Fact check: Viral video of Amit Shah talking about guarantee is edited,en,1,Lighthouse Journalism,https://www.lighthousejournalism.com/politics/fact-check-viral-video-of-amit-shah-talking-about-guarantee-is-edited-2233/,Amit Shah
Video shows Amit Shah saying that Modi's guarantees made during elections are meaningless.,en,1,BOOM Fact Check,https://www.boomlive.in/fact-check/amit-shah-election-guarantee-meaningless-cropped-video-25403,Amit Shah
"Video showing Union Home Minister and BJP leader Amit Shah saying “If the Bharatiya Janata Party forms the government, we will end the unconstitutional reservation for SC, ST, and OBC”.",en,1,FACTLY,https://factly.in/an-edited-video-is-being-shared-claiming-that-amit-shahs-statement-about-bjps-plan-to-scrap-sc-st-and-obc-reservations/,Amit Shah
"Video shows Amit Shah saying that if the BJP government is formed again, OBC and SC/ST reservation will be abolished.",en,1,BOOM Fact Check,https://www.boomlive.in/fact-check/fact-check-amit-shah-end-reservation-sc-st-obc-old-video-doctored-muslim-reservation-telangana-fake-news-25083,Amit Shah
"Union home minister Amit Shah said that the BJP would end SC/ST/OBC reservations, if voted to power again.",en,3,DigitEye India,https://digiteye.in/no-amit-shah-didnt-say-in-a-telangana-public-meeting-that-bjp-would-scrap-sc-st-obc-reservation-fact-check/,Amit Shah
Home Minister Amit Shah recently said that his party will end SC/ST reservations if voted to power.,en,1,The Quint,https://www.thequint.com/news/webqoof/home-minister-amit-shah-bjp-will-end-sc-st-reservations-fact-check,Amit Shah
"While addressing a rally, Amit Shah announced that the BJP will end SC/ST/OBC reservation if voted to power.",en,1,India Today,https://www.indiatoday.in/fact-check/story/amit-shah-did-not-talk-about-scraping-stscobc-reservation-viral-clip-is-doctored-2532540-2024-04-27,Amit Shah
Amit Shah said BJP would abolish SC/ST/OBC reservation,en,1,Alt News,https://www.altnews.in/amit-shah-did-not-say-bjp-would-end-sc-st-obc-reservation-viral-video-doctored/,Amit Shah
Amit Shah said that the BJP will end unconstitutional SC/ST and OBC reservation if voted to power.,en,3,Newschecker,https://newschecker.in/fact-check/amit-shah-bjp-unconstitutional-sc-st-obc-reservation-edited-video,Amit Shah
"Amit Shah said that the BJP will remove 4% Muslim reservations and redirect them to SC, ST and OBC communities, recently.",en,1,The Quint,https://www.thequint.com/news/webqoof/old-clip-amit-shah-bjp-will-remove-muslim-reservations-in-telangana-false-claim-fact-check,Amit Shah
Home Minister Amit Shah publicly implied that BJP has murdered Mukhtar Ansari.,en,1,Alt News,https://www.altnews.in/mukhtar-ansari-se-mukti-amit-shahs-2019-remark-falsely-viral-after-ansaris-death/,Amit Shah
"Amit Shah, in a recent speech, stated that BJP liberated people from Mukhtar Ansari after Mukhtar Ansari’s death.",en,2,FACTLY,https://factly.in/amit-shahs-old-speech-is-being-misrepresented-as-a-recent-statement-on-mukhtar-ansaris-death/,Amit Shah
"Video of Amit shah saying, “this country should be divided into two parts, South India and North India”.",en,1,FACTLY,https://factly.in/a-clipped-video-shared-as-amit-shahs-comments-that-india-should-be-divided-into-south-india-and-north-india/,Amit Shah
Video shows Amit Shah's speech after Mukhtar Ansari's death saying that the BJP gave people freedom from him,en,1,Boom Live,https://www.boomlive.in/fact-check/factcheck-amit-shah-mukhtar-ansari-death-amit-shah-2019-speech-uttar-pradesh-fake-news-24799,Amit Shah
"Arvind Kejriwal asked ASG Raju, ""So if I say I gave 100 crores to Modi and Amit Shah, will you go and arrest them basd on my statement?""",en,1,BOOM Fact Check,https://www.boomlive.in/fact-check/factcheck-arvind-kejriwal-ed-arrest-fake-quote-court-fake-news-24751,Amit Shah
The ECI skipped a journalist's question about the lack of action against PM Modi and Amit Shah's hate speech while campaigning.,en,1,The Quint,https://www.thequint.com/news/webqoof/eci-question-on-hate-speech-mcc-violation-pm-modi-amit-shah-clipped-video-fact-check,Amit Shah
"Union Home Minister Amit Shah said that the total amount of electoral bonds encashed by political parties was Rs 20,000 crore.",en,1,The Quint,https://www.thequint.com/news/webqoof/home-minister-amit-shah-remark-opposition-received-14-thousand-crore-electoral-bonds-fact-check,Amit Shah
Amit Shah – Our party prioritizes elections over concerns for Manipur,en,1,FACTLY,https://factly.in/selective-excerpts-from-amit-shahs-speech-taken-out-of-context-falsely-suggesting-partys-apathy-towards-manipur/,Amit Shah
This video shows PM Modi and Amit Shah listening to Premanand ji Maharaj's sermon.,en,1,India Today,https://www.indiatoday.in/fact-check/story/fact-check-doctored-video-shows-pm-modi-and-amit-shah-listening-to-premanand-ji-maharaj-2477454-2023-12-18,Amit Shah
"Amit Shah stated that the Bhartiya Janata Party (BJP) was the first political party to successfully establish prestigious institutes such as IIT, IIIT, NIT, IIM, and AIIMS in India",en,2,FACTLY,https://factly.in/a-clipped-video-of-amit-shahs-speech-on-iit-iimiiit-and-aiims-is-being-shared-out-of-context/,Amit Shah
"Video shows Amit Shah urging people not to vote for the BJP candidate from Depalpur, MP.",en,1,BOOM Fact Check,https://www.boomlive.in/fact-check/viral-video-union-home-minister-amit-shah-madhya-pradesh-assembly-elections-social-media-23597,Amit Shah
Amit Shah asked the voters not to vote for BJP in the upcoming Madhya Pradesh Assembly Elections.,en,1,The Quint,https://www.thequint.com/news/webqoof/clipped-video-of-amit-shah-speech-manoj-nirbhay-singh-madhya-pradesh-election-fact-check,Amit Shah
Now even the Home Minister of the country is saying not to vote for the BJP candidate from Depalpur.,en,1,vishvasnews.com,https://www.vishvasnews.com/english/politics/fact-check-amit-shah-did-not-discourage-voting-for-bjp-candidate-viral-video-misleading/,Amit Shah
"Amit Shah claimed BJP had built India's first IIT, IIM, AIIMS, NIT, IIIT etc",en,1,Alt News,https://www.altnews.in/no-amit-shah-did-not-claim-bjp-built-indias-first-iit-iim-clipped-video-viral/,Amit Shah
"Amit Shah said that BJP built IIT, IIIT, NIT, IIM and AIMS in India.",en,1,The Quint,https://www.thequint.com/news/webqoof/clipped-video-of-amit-shah-speech-goes-viral-iit-iim-institutes-in-india-fact-check,Amit Shah
Amit Shah ignored CJI DY Chandrachud at I Day function,en,1,Alt News,https://www.altnews.in/amit-shah-didnt-ignore-cji-dy-chandrachud-during-the-independence-day-celebrations-at-red-fort/,Amit Shah
Video of the public saying ‘zindabad’ when Amit Shah said – ‘Congress Party’,en,1,FACTLY,https://factly.in/the-public-said-murdabad-not-zindabad-when-amit-shah-said-congress-party-in-this-video/,Amit Shah
Was Home Minister Amit Shah Sleeping in the Parliament?,en,1,The Quint,https://www.thequint.com/news/webqoof/amit-shah-sleeping-parliament-viral-photo-home-minister-napping-fact-check,Amit Shah
Need to file RTI applications is reduced.,en,0,FACTLY,https://factly.in/fact-check-has-there-been-a-reduction-in-the-number-of-rti-applications-filed-in-the-last-few-years/,Amit Shah
IAS officer Pooja Singhal’s recent picture when she met Amit Shah just days before she was caught in ED raids,en,2,FACTLY,https://factly.in/2017-photo-shared-as-recent-picture-ias-officer-pooja-singhal-with-amit-shah-before-ed-raids-on-her/,Amit Shah
Vande Mataram and Bharat Mata ki Jai not chanted in Mahagathbandhan rally,en,1,Alt News,https://www.altnews.in/amit-shah-falsely-claims-vande-mataram-bharat-mata-ki-jai-slogans-not-raised-at-tmcs-mega-rally/,Amit Shah
Amit Shah met IAS Pooja Singhal just a few days ago ED raided her house in Ranchi.,en,1,The Quint,https://www.thequint.com/news/webqoof/old-photo-of-amit-shah-and-pooja-singhal-shared-as-new-fact-check,Amit Shah
A viral video shows Uttar Pradesh Chief Minister Yogi Adityanath and BJP MP Ravi Kishan arriving for a special screening of Dhurandhar 2.,en,1,Newschecker,https://www.newschecker.in/fact-check/viral-video-claiming-to-show-yogi-adityanath-at-dhurandhar-2-special-show-is-old,Yogi Adityanath
This viral video shows Yogi Adityanath arriving at a venue to watch the movie Dhurandhar The Revenge (Dhurandhar 2).,en,1,FACTLY,https://factly.in/this-2023-video-of-yogi-adityanath-visiting-the-governor-in-maharashtra-is-being-falsely-shared-as-him-going-to-watch-the-movie-dhurandhar-2/,Yogi Adityanath
"Social media users shared multiple videos and images claiming they showed recent events, including Yogi Adityanath arriving for a screening of “Dhurandhar 2,” a woman falling into a lion’s enclosure at a zoo in Jamshedpur, the “Dhurandhar” cast visiting the Ram Mandir in Ayodhya, and a recent temple vandalism incident in Alwar.",en,1,PTI,https://www.ptinews.com/fact-detail/from-misattributed-yogi-adityanath-video-to-ai-generated-jamshedpur-zoo-clip-five-misleading-claims-debunked-this-week/3512007,Yogi Adityanath
The video shows Uttar Pradesh CM Yogi Adityanath attending a special show of the recently released film 'Dhurandhar: The Revenge'.,en,1,The Quint,https://www.thequint.com/news/webqoof/up-cm-yogi-adityanath-attending-special-show-of-dhurandhar-film-viral-video-fact-check,Yogi Adityanath
Video of Yogi Adityanath Going to watch ‘Dhurandhar 2,en,2,NewsMobile,https://www.newsmobile.in/nm-fact-checker/verified-yogi-adityanath-didnt-watch-dhurandhar-2-old-video-resurfaces/,Yogi Adityanath
Video allegedly shows Uttar Pradesh Chief Minister Yogi Adityanath arriving at a venue to attend a special screening of “Dhurandhar: The Revenge.”,en,2,Press Trust of India,https://www.ptinews.com/fact-detail/old-video-of-yogi-adityanaths-mumbai-visit-falsely-shared-as-him-arriving-for-dhurandhar-2-screening-details-inside/3494999,Yogi Adityanath
Yogi Adityanath said only those practicing caste discrimination are opposing the UGC and have something to fear.,en,1,NewsMobile,https://www.newsmobile.in/nm-fact-checker/verified-statement-on-ugc-falsely-attributed-to-yogi-adityanath/,Yogi Adityanath
हाल ही में अपनी मां से मिलने पहुंचे सीएम योगी आदित्यनाथ,en,0,विश्वास न्यूज,https://www.vishvasnews.com/politics/2024-video-of-cm-yogi-adityanath-meeting-his-mother-falsely-shared-as-recent/,Yogi Adityanath
Video of Yogi Adityanath asking people to make him India's prime minister,en,1,AFP Fact Check,https://factcheck.afp.com/doc.afp.com.963Y463,Yogi Adityanath
"A video shared on social media claimed that Uttar Pradesh Chief Minister Yogi Adityanath, while addressing a public gathering, said, “Let me become the Prime Minister, and within the next six months, Pakistan-occupied Kashmir will also become a part of India.”",en,2,PTI,https://www.ptinews.com/fact-detail/clipped-video-of-yogi-adityanath-shared-to-falsely-claim-he-said-pok-would-become-part-of-india-if-he-became-prime-minister/3342804,Yogi Adityanath
The video shows Uttar Pradesh Chief Minister Yogi Adityanath urging people to make him the Prime Minister so that Pakistan-occupied Kashmir will become part of India within six months.,en,1,FACTLY,https://factly.in/this-video-claiming-yogi-adityanath-said-pok-would-become-part-of-india-if-he-were-elected-prime-minister-is-clipped/,Yogi Adityanath
Video Shows Yogi Adityanath and Rajnath Singh Celebrating Stay On UGC Regulations,en,2,NewsMobile,https://www.newsmobile.in/nm-fact-checker/verified-video-does-not-show-adityanath-rajnath-celebrating-stay-on-ugc-regulations/,Yogi Adityanath
Video shows Yogi Adityanath protesting against UGC regulations,en,2,News Mobile,https://www.newsmobile.in/nm-fact-checker/verified-this-video-does-not-show-yogi-adityanath-protesting-ugc-regulations/,Yogi Adityanath
The video shows Uttar Pradesh Chief Minister Yogi Adityanath and Gorakhpur MP Ravi Kishan participating in a public march protesting the new UGC regulations.,en,2,FACTLY,https://factly.in/this-viral-video-shows-the-gst-awareness-drive-in-gorakhpur-conducted-by-cm-yogi-adityanath-and-mp-ravi-kishan/,Yogi Adityanath
A viral video shows Uttar Pradesh Chief Minister Yogi Adityanath and MP Ravi Kishan marching in protest against the new UGC rules.,en,1,Newschecker,https://newschecker.in/fact-check/fact-check-old-video-falsely-shared-to-show-yogi-adityanath-joining-protests-against-new-ugc-rules,Yogi Adityanath
वीडियो में दिखाया गया कि यूजीसी की नई गाइडलाइंस के विरोध में योगी आदित्यनाथ सड़क पर उतरे हैं.,en,1,Boom Live,https://hindi.boomlive.in/fact-check/yogi-adityanath-gst-reforms-old-video-shared-as-he-is-protesting-against-ugc-rules-30559,Yogi Adityanath
"The viral video shows a recent rally in Uttar Pradesh where men are raising violent slogans against the RSS, suggesting a lack of fear of Yogi Adityanath’s rule.",en,1,NewsMobile,https://www.newsmobile.in/nm-fact-checker/verified-video-of-men-chanting-slogans-against-rss-is-not-from-up/,Yogi Adityanath
"Yogi, Rajnath Singh seen celebrating after SC orders stay on UGC guidelines",en,2,PTI,https://www.ptinews.com/fact-detail/old-video-of-yogi-adityanath-rajnath-singh-eating-jalebis-falsely-linked-to-supreme-court-stay-on-ugc-guidelines/3336817,Yogi Adityanath
Video shows Yogi Adityanath asking Prime Minister Narendra Modi to resign for not invading Bangladesh.,en,1,Boom Live,https://www.boomlive.in/fact-check/cm-yogi-demanding-resigns-from-narendra-modi-on-bangladesh-violence-is-fake-30362,Yogi Adityanath
The video shows Uttar Pradesh Chief Minister Yogi Adityanath asking Prime Minister Narendra Modi to resign if he cannot attack Bangladesh.,en,1,FACTLY,https://factly.in/this-viral-video-of-cm-yogi-allegedly-asking-pm-modi-to-resign-if-he-cannot-attack-bangladesh-is-fake/,Yogi Adityanath
CM Yogi Adityanath Demanding PM Modi’s Resignation Over Bangladesh Crisis,en,1,vishvasnews.com,https://www.vishvasnews.com/english/politics/fact-check-deepfake-video-of-cm-yogi-adityanath-demanding-pm-modis-resignation-over-bangladesh-crisis-goes-viral/,Yogi Adityanath
Uttar Pradesh Chief Minister Yogi Adityanath directed Prime Minister Modi to either attack Bangladesh or resign following the lynching incident.,en,1,PTI,https://www.ptinews.com/fact-detail/digitally-altered-video-of-yogi-adityanath-shared-to-falsely-claim-he-urged-pm-modi-to-carry-out-full-blown-attack-on-bangladesh/3224814,Yogi Adityanath
बांग्लादेश को लेकर पीएम मोदी का इस्तीफा मांगते योगी आदित्यनाथ,en,1,विश्वास न्यूज,https://www.vishvasnews.com/ai-check/fact-check-this-video-of-yogi-adityanath-demanding-pm-modis-resignation-over-bangladesh-is-a-deepfake/,Yogi Adityanath
Video of Yogi Adityanath Playing With Monkey,en,3,NewsMobile,https://www.newsmobile.in/nm-fact-checker/verified-video-of-yogi-adityanath-playing-with-monkey-is-ai-generated/,Yogi Adityanath
योगी आदित्यनाथ ने दी दिल्ली विस्फोट के बाद बिहार के मतदाताओं को धमकी,en,1,विश्वास न्यूज,https://www.vishvasnews.com/politics/fact-check-yogi-adityanath-did-not-threaten-bihar-voters-after-delhi-blast-fake-clip-goes-viral/,Yogi Adityanath
The video is recent and shows UP CM Yogi Adityanath warning voters in Bihar about a similar blast like Delhi.,en,1,The Quint,https://www.thequint.com/news/webqoof/up-cm-yogi-adityanath-warned-voters-in-bihar-delhi-like-blast-viral-video-fact-check,Yogi Adityanath
UP CM Yogi warns Bihar voters to pick BJP for the Assembly polls or else ‘what happened in Delhi could happen in Bihar too.’,en,1,PTI,https://www.ptinews.com/fact-detail/ai-generated-video-shared-to-falsely-claim-up-cm-threatened-bihar-voters-after-delhi-blast-details-inside/3087409,Yogi Adityanath
Video shows Yogi Adityanath threatening the people of Bihar to vote for the BJP in the wake of the Red Fort blast incident.,en,1,BOOM Fact Check,https://www.boomlive.in/fact-check/viral-video-uttar-pradesh-chief-minister-yogi-adityanath-threatening-bihar-voters-new-delhi-blast-fact-check-29951,Yogi Adityanath
Uttar Pradesh Chief Minister Yogi Adityanath warns Bihar voters to support the BJP or face consequences similar to the Delhi blast.,en,3,Newschecker,https://newschecker.in/fact-check/bihar-polls-2025-did-up-cm-yogi-adityanath-warn-voters-of-delhi-blast-like-consequences-if-they-go-against-bjp,Yogi Adityanath
The video shows U.P. CM Yogi Adityanath openly buying votes by distributing money in Bihar for the 2025 Assembly elections.,en,1,FACTLY,https://factly.in/a-2012-video-of-cm-yogi-extending-monetary-support-to-crop-damage-victims-is-shared-falsely-as-him-bribing-voters-in-the-2025-bihar-elections/,Yogi Adityanath
"A singer used abusive, indecent language against the government while performing in front if UP CM Yogi Adityanath and Ravi Kishan",en,1,Alt News,https://www.altnews.in/yogi-adityanath-left-to-hear-criticism-of-govt-while-ravi-kishan-was-enjoying-doctored-video-viral/,Yogi Adityanath
Yogi Adityanath’s Remark About Azam Khan,en,2,NewsMobile,https://www.newsmobile.in/nm-fact-checker/fact-check-old-video-of-yogi-adityanaths-remark-about-azam-khan-resurfaces/,Yogi Adityanath
The video shows Tauqeer Raza praising CM Yogi Adityanath following the police action during the September 2025 Bareilly violence.,en,2,FACTLY,https://factly.in/a-june-2022-video-of-tauqeer-raza-praising-cm-yogi-is-falsely-shared-linking-it-to-the-september-2025-bareilly-violence/,Yogi Adityanath
This video shows a recent meeting between Yogi Adityanath and Azam Khan,en,1,The Quint,https://www.thequint.com/news/webqoof/video-yogi-adityanath-azam-khan-meeting-after-release-from-jail-false-claim-fact-check,Yogi Adityanath
The viral video shows Azam Khan meeting Yogi Adityanath after his prison release in October 2025.,en,1,FACTLY,https://factly.in/old-2017-video-falsely-shared-as-visuals-of-a-recent-meeting-between-yogi-adityanath-and-azam-khan/,Yogi Adityanath
हाल में जेल से रिहा होने के बाद सपा नेता आजम खान ने सीएम योगी से मुलाकात की.,en,1,AajTak,https://www.aajtak.in/fact-check/story/yogi-adityanath-azam-khan-old-video-2017-fact-check-ntc-rptc-2348677-2025-10-05,Yogi Adityanath
The viral video depicts a recent immolation attempt of a woman in front of Uttar Pradesh CM Yogi Adityanath’s residence,en,2,FACTLY,https://factly.in/old-and-unrelated-video-from-2020-is-falsely-shared-as-a-female-police-officer-attempting-immolation-in-front-of-up-cm-yogi-adityanaths-residence/,Yogi Adityanath
नेपाल में योगी आदित्यनाथ के समर्थन में इन्हीं विरोध- प्रदर्शनों के बीच रैली निकाली गई है,en,0,विश्वास न्यूज,https://www.vishvasnews.com/world/fact-check-viral-image-of-rally-in-support-of-yogi-adityanath-amid-nepal-gen-z-protests-is-old/,Yogi Adityanath
Tauqeer Raza's Pro-Yogi Remarks Are Recent,en,1,vishvasnews.com,https://www.vishvasnews.com/english/politics/fact-check-tauqeer-razas-pro-yogi-remarks-are-not-recent-viral-after-his-arrest/,Yogi Adityanath
These visuals show recent incidents of people holding posters and banners showing Yogi Adityanath and PM Modi during the recent protests in Nepal.,en,1,The Quint,https://www.thequint.com/news/webqoof/pm-modi-yogi-adityanath-posters-not-related-to-recent-nepal-protests-fact-check,Yogi Adityanath
"Social media posts claim that during the Gen-Z protest in Nepal, students and youth carried a portrait of Uttar Pradesh chief minister Yogi Adityanath.",en,1,Newschecker,https://newschecker.in/fact-check/old-photo-shared-as-yogi-adityanaths-portrait-being-displayed-during-gen-z-protest-in-nepal,Yogi Adityanath
Photo shows Gen Z protesters in Nepal carrying a picture of UP CM Yogi Adityanath during their recent protest.,en,2,BOOM Fact Check,https://www.boomlive.in/fact-check/viral-uttar-pradesh-chief-minister-yogi-adityanath-banner-nepal-protest-claim-fact-check-29483,Yogi Adityanath
Akhilesh Yadav's picture was hung in the gurudwara where Yogi Adityanath went,en,2,NewsMobile,https://www.newsmobile.in/nm-fact-checker/fact-check-akhilesh-yadavs-photo-at-up-cm-residence-viral-with-false-claims/,Yogi Adityanath
PTI CEO and Editor-in-Chief Vijay Joshi interviews Uttar Pradesh CM Yogi Adityanath regarding health issues and methods to eradicate the root cause of ageing in seven days.,en,1,PTI,https://www.ptinews.com/fact-detail/Deepfake-Alert!-UP-CM-Yogi-Adityanath%E2%80%99s-PTI-interview-shared-with-superimposed-audio-to-falsely-claim-he-endorsed-salt-cinnamon-cure-for-ageing/2700012,Yogi Adityanath
जोड़ों के दर्द का घरेलू इलाज बताते योगी आदित्यनाथ का वीडियो।,en,3,Newschecker,https://newschecker.in/hi/ai-deepfake-hi/yogi-adityanath-deepfake,Yogi Adityanath
योगी आदित्यनाथ ने जनता से शाहरुख खान की फिल्में न देखने की अपील की.,en,0,AajTak,https://www.aajtak.in/fact-check/story/did-yogi-adityanath-appeal-to-not-watch-shah-rukh-khans-movies-knew-the-reality-to-video-ntc-rptc-2247514-2025-05-23,Yogi Adityanath
UP CM Yogi Adityanath’s wife Sunita and daughter Kriti Rawat made donations to a relief fund.,en,1,FACTLY,https://factly.in/donations-made-by-ex-uttarakhand-cm-trivendra-singh-rawats-family-were-incorrectly-attributed-to-the-family-of-up-cm-yogi-adityanath/,Yogi Adityanath
The image shows UP CM Yogi Adityanath recently celebrating Eid at BJP leader Mukhtar Abbas Naqvi's residence.,en,1,The Quint,https://www.thequint.com/news/webqoof/up-cm-yogi-adityanath-eating-at-mukhtar-abbas-naqvi-house-during-eid-fact-check,Yogi Adityanath
योगी आदित्यनाथ ने पूर्व केंद्रीय मंत्री मुख्तार अब्बास नकवी के घर जाकर ईद की मुबारकबाद देने और बेगम नकवी के हाथ की सिवैयां खा कर तोड़ा मुस्लिम विरोधी होने का मिथक।,en,1,विश्वास न्यूज,https://www.vishvasnews.com/politics/up-cm-yogi-adityanath-mathura-photo-falsely-shared-as-eid-at-mukhtar-abbas-naqvi-house/,Yogi Adityanath
Video Shows Kangana Ranaut & Yogi Adityanath Hugging,en,1,The Quint,https://www.thequint.com/news/webqoof/kangana-ranaut-hugging-yogi-adityanath-ai-generated-video-fact-check,Yogi Adityanath
Waqf Board claimed that land in Prayagraj where Maha Kumbh 2025 happened belonged to them,en,1,Alt News,https://www.altnews.in/waqf-board-did-not-stake-claim-on-maha-kumbh-mela-ground-yogi-adityanaths-claim-false/,Yogi Adityanath
Did Shankaracharya Slam Yogi Adityanath Over Maha Kumbh Stampede? A Fact Check,en,1,NDTV,https://www.ndtv.com/india-news/did-shankaracharya-slam-yogi-adityanath-over-maha-kumbh-stampede-a-fact-check-7714326,Yogi Adityanath
Swami Avimukteshwara scolded Yogi Adityanath for the arrangements at the Kumbh,en,1,The Quint,https://www.thequint.com/news/webqoof/swami-avimukteshwara-scolded-yogi-adityanath-for-kumbh-stampede-false-claim-fact-check,Yogi Adityanath
Video shows Shankaracharya Avimukteshwaranand reprimanding CM Yogi Adityanath for Maha Kumbh stampede and demanding his resignation over a video call,en,1,BOOM Fact Check,https://www.boomlive.in/fact-check/maha-kumbh-stampede-did-shankaracharya-avimukteshwarananda-scold-cm-yogi-over-video-call-27746,Yogi Adityanath
"The viral video shows Swami Avimukteshwaranand confronting CM Yogi Adityanath in a video call, chiding him over the mismanagement of the 2025 Maha Kumbh Mela.",en,2,FACTLY,https://factly.in/interview-visuals-of-swami-avimukteshwaranand-on-kumbh-mela-shared-as-his-call-with-u-p-cm-yogi-adityanath/,Yogi Adityanath
यूपी के सीएम योगी आदित्यनाथ ने पहनी कुफी?,en,1,Navbharat Times,https://navbharattimes.indiatimes.com/india/up-cm-yogi-adityanath-wearing-a-muslim-cap-is-ai-generated-video-fact-check/articleshow/116850097.cms,Yogi Adityanath
A post reveals unknown facts about Uttar Pradesh Chief Minister Yogi Adityanath.,en,2,FACTLY,https://factly.in/not-all-the-information-about-uttar-pradesh-chief-minister-yogi-adityanath-in-the-viral-post-is-true/,Yogi Adityanath
screenshot shows a controversial post by Uttar Pradesh Chief Minister Yogi Adityanath,en,2,NewsMobile,https://www.newsmobile.in/nm-fact-checker/fact-check-this-screenshot-claiming-to-show-controversial-post-by-up-cm-yogi-adityanath-is-fake/,Yogi Adityanath
Yogi Adityanath is riding a bulldozer.,en,1,vishvasnews.com,https://www.vishvasnews.com/english/politics/fact-check-yogi-adityanath-look-alike-atop-bulldozer-video-goes-viral-in-up-cm-yogis-name-during-maharashtra-election-campaign/,Yogi Adityanath
Uttar Pradesh Chief Minister Yogi Adityanath referred to actor Salman Khan during an interview.,en,1,ThePrint,https://theprint.in/hoaxposed/fact-check-yogi-didnt-refer-to-salman-khan-in-interview-video-altered-to-replace-islam-with-salman/2354072/,Yogi Adityanath
Yogi Showing Concern For Salman Khan,en,1,NewsMobile,https://www.newsmobile.in/nm-fact-checker/fact-check-video-of-yogi-adityanath-expressing-concern-for-salman-khan-heres-the-truth/,Yogi Adityanath
योगी आदित्यनाथ ने कहा कि सलमान खान अगर माफी मांग ले तो लॉरेंस बिश्नोई और बिश्नोई समाज उन्हें माफ कर देगा.,en,1,Boom Live,https://hindi.boomlive.in/fact-check/yogi-adityanath-video-viral-with-the-claim-of-advising-salman-khan-to-apologize-lawrence-bishnoi-26947,Yogi Adityanath
"Geeta Jain, an MLA from Maharashtra attacked Uttar Pradesh CM Yogi Adityanath by calling him a “rakshas”.",en,0,India Today,https://www.indiatoday.in/fact-check/story/fact-check-maharashtra-mla-geeta-jain-call-yogi-adityanath-rakshas-demon-assembly-elections-2630331-2024-11-08,Yogi Adityanath
Yogi Adityanath campaigned on a bulldozer in Mahasrashtra.,en,1,The Quint,https://www.thequint.com/news/webqoof/clip-from-maharashtra-rally-shared-as-yogi-adityanath-on-bulldozer-fact-check,Yogi Adityanath
"Fact Check: Viral video of Yogi Adityanath campaigning on a JCB features his lookalike, not him",en,1,Lighthouse Journalism,https://www.lighthousejournalism.com/politics/fact-check-viral-video-of-yogi-adityanath-campaigning-on-a-jcb-features-his-lookalike-not-him-3191/,Yogi Adityanath
Viral video shows UP Chief Minister advising actor Salman Khan to apologize to gangster Lawrence Bishnoi,en,1,TeluguPost,https://www.telugupost.com/english-factcheck/up-cm-yogi-adityanath-did-not-advise-salman-khan-to-apologise-to-gangster-lawrence-bishnoi-1557976,Yogi Adityanath
"पत्रकार रजत शर्मा और योगी आदित्यनाथ, देवी शेट्टी द्वारा घुटने के इलाज की नई तकनीक पर बात कर रहे हैं.",en,1,Boom Live,https://hindi.boomlive.in/fact-check/rajat-sharma-and-yogi-adityanath-promoting-the-treatment-of-arthritis-viral-video-is-fake-26759,Yogi Adityanath
CM Yogi Advise Salman To Apologize to Bishnoi,en,1,vishvasnews.com,https://www.vishvasnews.com/english/politics/fact-check-cm-yogi-did-not-advise-salman-to-apologize-to-bishnoi-edited-clip-viral/,Yogi Adityanath
Recent video of Yati Narsinghanand making derogatory remarks on CM Yogi Adityanath.,en,2,Newschecker,https://newschecker.in/fact-check/amidst-row-over-comments-on-prophet-yati-narsinghanands-old-remarks-on-up-cm-viral,Yogi Adityanath
Video of UP Chief Minister Yogi Adityanath Talking About joint Pains,en,1,NewsMobile,https://www.newsmobile.in/nm-fact-checker/fact-check-this-video-of-yogi-adityanath-talking-about-joint-pain-is-a-deepfake/,Yogi Adityanath
योगी आदित्यनाथ ने प्रधानमंत्री नरेंद्र मोदी और केंद्रीय गृहमंत्री अमित शाह को नजरअंदाज किया ?,en,1,The Quint,https://www.thequint.com/hindi/webqoof/yogi-adityanath-did-not-ignore-pm-modi-viral-video-is-edited-rajnath-singh-fake-news,Yogi Adityanath
Yogi Adityanath did not greet PM Modi,en,1,Alt News,https://www.altnews.in/did-not-cm-yogi-greet-pm-modi-and-amit-shah-false-claim-by-congress-leaders/,Yogi Adityanath
Video shows UP CM Yogi Adityanath ignoring PM Modi,en,1,The Quint,https://www.thequint.com/news/webqoof/clipped-video-yogi-adityanath-did-not-ignore-om-narendra-modi-fact-check,Yogi Adityanath
PM Modi has ignored CM Yogi due to arrogance.,en,0,vishvasnews.com,https://www.vishvasnews.com/english/viral/fact-check-viral-claim-about-pm-modi-patting-up-cm-yogi-adityanaths-back-at-parliamentary-party-meet-is-misleading/,Yogi Adityanath
उत्तर प्रदेश की जनता ने योगी जी के सुर ही बदल डाले ?,en,1,The Quint,https://www.thequint.com/hindi/webqoof/yogi-adtiyanath-video-saying-that-muslims-have-first-right-on-institutions-of-country-is-edited-fake-news,Yogi Adityanath
Fact check: Clipped video of UP CM Yogi Adityanath goes viral,en,1,Lighthouse Journalism,https://www.lighthousejournalism.com/politics/fact-check-clipped-video-of-up-cm-yogi-adityanath-goes-viral-2439/,Yogi Adityanath
Yogi Adityanath said that Muslims have first right to resouces of the country.,en,1,The Quint,https://www.thequint.com/news/webqoof/clipped-video-yogi-adityanath-muslims-have-the-first-right-to-resources-fact-check,Yogi Adityanath
Yogi Adityanath said that Muslims have the first right to the resources of India.,en,1,FACTLY,https://factly.in/a-clipped-video-is-falsely-shared-as-visuals-of-yogi-adityanth-saying-muslims-have-the-first-right-to-the-resources-of-india/,Yogi Adityanath
UP CM Yogi Adityanath has passed the UP Population Control Bill which debars people who have more than two children from government schemes and perks.,en,1,India Today,https://www.indiatoday.in/fact-check/story/fact-check-yogi-govt-has-not-implemented-2-child-policy-viral-claims-are-false-2551317-2024-06-10,Yogi Adityanath
CM योगी आदित्यनाथ का कबीर की मजार पर जाने का पुराना वीडियो वायरल,en,0,Navbharat Times,https://navbharattimes.indiatimes.com/india/fact-check-old-video-of-yogi-adityanath-visiting-kabir-mazar-goes-viral/articleshow/109195270.cms,Yogi Adityanath
A video showing Modi’s visit to the Kashi Vishwanath temple with Yogi Adityanath’s face blurred.,en,2,FACTLY,https://factly.in/no-yogi-adityanaths-face-was-not-intentionally-blurred-in-this-video-to-emphasize-modi/,Yogi Adityanath
Yogi Adityanath was deliberately blurred out of this video of PM Modi in Varanasi.,en,1,The Quint,https://www.thequint.com/news/webqoof/yogi-adityanath-blurred-in-pm-modi-varanasi-video-fact-check,Yogi Adityanath
"छात्र नौजवानों को योगी जी मंच से खुली धमकी दे रहे हैं ""बैनर हटाओ नहीं तो हमेशा के लिए बेरोजगार कर दूंगा ?",en,1,The Quint,https://www.thequint.com/hindi/webqoof/yogi-adityanath-old-video-goes-viral-amid-lok-sabha-elections-2024-btc-protest-agra-banner-uttar-pradesh,Yogi Adityanath
Fact check: CM Yogi Adityanath did not slam PM Modi on ‘mangalsutra’ comment,en,1,Lighthouse Journalism,https://www.lighthousejournalism.com/politics/fact-check-cm-yogi-adityanath-did-not-slam-pm-modi-on-mangalsutra-comment-1932/,Yogi Adityanath
Yogi Adityanath is promoting a herbal remedy for hypertension,en,1,THIP Media,https://www.thip.media/health-news-fact-check/fact-check-is-up-cm-yogi-adityanath-promoting-a-herbal-remedy-for-hypertension/62758/,Yogi Adityanath
Video depicting PM Narendra Modi insulting Yogi Adityanath by pushing him away when the latter attempted to pull up a chair to sit.,en,1,FACTLY,https://factly.in/video-depicting-a-candid-moment-between-modi-and-yogi-is-misconstrued-as-modi-insulting-yogi/,Yogi Adityanath
वीडियो में सीएम योगी आदित्यनाथ को डायबिटीज की बीमारी के इलाज को लेकर बोलते हुए देखा जा सकता है।,en,1,विश्वास न्यूज,https://www.vishvasnews.com/ai-check/fact-check-up-cm-yogi-adityanath-deepfake-video-viral/,Yogi Adityanath
UP first state to have cyber crime PS in every district,en,1,Alt News,https://www.altnews.in/cm-yogi-adityanath-falsely-claim-that-up-first-to-have-cyber-police-station-in-every-dist/,Yogi Adityanath
CM Yogi Adityanath has declared a re-exam for UP Police constable recruitment exam after it got leaked.,en,1,The Quint,https://www.thequint.com/news/webqoof/up-cm-yogi-adityanath-speech-re-exam-police-recruitment-paper-leak-fact-check,Yogi Adityanath
"News clip featuring Yogi Adityanath assuring aspiring candidates of a re-examination concerning the police constable exam, tarnished by allegations of paper leak",en,1,FACTLY,https://factly.in/outdated-video-of-yogi-adityanath-promising-uptet-re-exam-erroneously-connected-to-recent-police-constable-recruitment-exam/,Yogi Adityanath
"Amid claims of paper leak, CM Yogi Adityanath announces cancellation of the recently held UP Police Exam, and orders reconvening of the examination.",en,1,Newschecker,https://newschecker.in/fact-check/up-police-exam-yogi-adityanath-old-video,Yogi Adityanath
सपा सांसद के बच्चा पैदा करने के बयान पर योगी आदित्यनाथ ने किया पलटवार।,en,0,विश्वास न्यूज,https://www.vishvasnews.com/viral/fact-check-up-cm-yogi-adityanath-viral-statement-about-shafiqur-rahman-is-false/,Yogi Adityanath
"Yogi Adityanath government in Uttar Pradesh has terminated reservation for SC, ST, and OBC candidates in private medical colleges",en,1,FACTLY,https://factly.in/the-policy-disallowing-reservations-for-sc-st-and-obcs-in-private-institutions-predated-the-yogi-governments-tenure-in-up/,Yogi Adityanath
Uttar Pradesh government has recently ended reservations in private medical and dental colleges in the state.,en,1,The Quint,https://www.thequint.com/news/webqoof/up-cm-yogi-adityanath-removed-reservations-private-medical-colleges-viral-claim-fact-check,Yogi Adityanath
This video shows UP police thrashing Muslims for flouting Yogi Adityanath’s ban on roadside Namaz.,en,1,India Today,https://www.indiatoday.in/fact-check/story/fact-check-this-video-does-not-show-up-police-thrashing-muslims-after-namaz-ban-2481548-2023-12-28,Yogi Adityanath
Video of Yogi Adityanath waving at people while standing on a bulldozer during a campaign event,en,1,FACTLY,https://factly.in/the-individual-dressed-in-saffron-attire-waving-at-people-in-this-video-is-not-yogi-adityanath/,Yogi Adityanath
Yogi Aditya declared Baba Balak Nath as the new CM of Rajasthan.,en,1,The Quint,https://www.thequint.com/news/webqoof/camapign-video-of-yogi-adityanath-shared-without-full-context-fact-check,Yogi Adityanath
"Video of Yogi Adityanath along with Union Ministers receiving the pious stone on which Sita Mata sat in Ashoka Vatika (Sri Lanka), brought to Ayodhya by Sri Lankan airlines.",en,2,FACTLY,https://factly.in/these-visuals-depict-buddhist-relics-transported-from-sri-lanka-for-the-inauguration-of-kushinagar-airport/,Yogi Adityanath
Yogi Adityanath has betrayed BJP and has joined Akhilesh Yadav in campaigning for Assembly elections in Madhya Pradesh.,en,1,The Quint,https://www.thequint.com/news/webqoof/2017-photo-of-yogi-adityanath-akhilesh-yadav-linked-to-madhya-pradesh-elections-fact-check,Yogi Adityanath
Fact Check: Did Arvind Kejriwal Admit To AAP Government's Failures?,en,1,NDTV,https://www.ndtv.com/india-news/fact-check-did-arvind-kejriwal-admit-to-aap-governments-failures-7553890,Kejriwal Delhi
Arvind Kejriwal said that he is not cleaning Yamuna as it will not get him any votes.,en,2,Newschecker,https://newschecker.in/election-watch/did-arvind-kejriwal-say-that-he-is-not-cleaning-yamuna-as-it-will-not-get-him-any-votes,Kejriwal Delhi
"Letter by AAP convenor Arvind Kejriwal to the Election Commission of India, alleging discrimination against Muslim voters and demanding special facilities for them on voting day",en,1,Newschecker,https://newschecker.in/fact-check/kejriwal-demanded-special-facilities-for-muslim-voters-fake-letter-to-eci-goes-viral,Kejriwal Delhi
First teachers' training institute will be set up by Delhi government,en,1,Alt News,https://www.altnews.in/fact-check-delhi-cm-arvind-kejriwal-indias-first-teachers-university-false-claim/,Kejriwal Delhi
Video shows Kejriwal saying he will not clean the Yamuna River as it will not secure votes for him,en,1,Boom Live,https://www.boomlive.in/fact-check/viral-video-aam-aadmi-party-chief-arvind-kejriwal-yamuna-river-pollution-not-get-votes-claim-fact-check-27394,Kejriwal Delhi
BJP shared a video of Arvind Kejriwal where he is saying that cleaning yamuna river will not bring him votes so AAP isn't doing it.,en,1,The Quint,https://www.thequint.com/news/webqoof/bjp-shares-clipped-video-arvind-kejriwal-votes-clean-yamuna-river-fact-check,Kejriwal Delhi
"Photos show a ""Kejriwal Aayenge"" banner in front of the Tihar Jail gate in Delhi.",en,1,Boom Live,https://www.boomlive.in/fact-check/kejriwal-aayenge-banner-outside-tihar-jail-viral-photos-fact-check-27417,Kejriwal Delhi
Photograph shows Arvind Kejriwal with Elon Musk.,en,3,Newschecker,https://newschecker.in/fact-check/ai-generated-photo-of-arvind-kejriwal-with-elon-musk-shared-ahead-of-delhi-polls,Kejriwal Delhi
Autos in Delhi say Kejriwal ko Delhi se bhagayenge,en,1,Alt News,https://www.altnews.in/bjp-delhi-and-its-leaders-shared-an-edited-image-of-an-auto-rickshaw-targetting-arvind-kejriwal/,Kejriwal Delhi
The video shows Arvind Kejriwal asking people to vote for Congress in the 2025 Delhi assembly elections.,en,1,The Quint,https://www.thequint.com/news/webqoof/arvind-kejriwal-asked-people-vote-for-congress-2025-delhi-elections-fact-check,Kejriwal Delhi
"Mother Teresa converted Delhi CM Arvind Kejriwal into Christianity and thereafter, he volunteered for Missionary of Charity for 6 months",en,2,FACTLY,https://factly.in/delhi-cm-aravind-kejriwal-had-not-converted-to-christianity-for-volunteering-in-missionaries-for-charity/,Kejriwal Delhi
"Video shows Arvind Kejriwal admitting that the AAP government failed to resolve issues with drinking water, sewage, and roads in Delhi.",en,1,FACTLY,https://factly.in/a-clipped-video-is-being-shared-showing-kejriwal-admitting-that-his-government-has-failed-in-creating-infrastructure-in-delhi/,Kejriwal Delhi
AAP convener Arvind Kejriwal criticised Delhi CM Atishi for not working during his absence.,en,2,PTI,https://www.ptinews.com/fact-detail/Clipped-video-of-Arvind-Kejriwal-shared-on-social-media-to-falsely-claim-he-criticised-Delhi-CM-Atishi%3B-details-inside/2227349,Kejriwal Delhi
Video shows Delhi CM Arvind Kejriwal accepting that he takes corruption money that comes his way through the system along with his party members.,en,1,The Quint,https://www.thequint.com/news/webqoof/arvind-kejriwal-did-not-accept-taking-bribes-video-is-edited-fact-check,Kejriwal Delhi
Hoarding of Arvind Kejriwal congratulating Delhi for installing 10 dustbins in Kirti Nagar Industrial area,en,1,FACTLY,https://factly.in/hoarding-showing-kejriwal-congratulating-delhi-for-installation-of-dustbins-is-morphed/,Kejriwal Delhi
Kejriwal urged the voters to vote for Congress in the Delhi elections.,en,1,vishvasnews.com,https://www.vishvasnews.com/english/politics/fact-check-arvind-kejriwals-video-appealing-to-vote-for-congress-during-delhi-assembly-elections-is-edited/,Kejriwal Delhi
Delhi CM Arvind Kejriwal asked ASG Raju if they will arrest PM Modi or HM Shah if he said that he has paid both of them Rs 100 crore.,en,1,The Quint,https://www.thequint.com/news/webqoof/savage-arvind-kejriwal-response-asg-raju-court-pm-modi-amit-shah-viral-claim-fact-check,Kejriwal Delhi
The image shows Delhi CM Arvind Kejriwal urinating his pants after being arrested by the Enforcement Directorate (ED).,en,1,The Quint,https://www.thequint.com/news/webqoof/delhi-chief-minister-arvind-kejriwal-urinating-pants-ed-arrest-viral-image-fact-check,Kejriwal Delhi
https://scontent.fdel72-1.fna.fbcdn.net/v/t1.18169-9/15202571_1104142389699424_9173742771543124334_n.jpg?stp=dst-jpg_p350x350&_nc_cat=108&ccb=1-7&_nc_sid=5f2048&_nc_ohc=xQXBr3-3xeAAX99wZLE&_nc_ht=scontent.fdel72-1.fna&edm=AN6CN6oEAAAA&oh=00_AfBf2g6qWWJYaiSl1lcmNqvjbsDasrjrJqfdC_9lUjG2eQ&oe=6632F2E5,en,1,ThePrint,https://theprint.in/hoaxposed/fact-check-kejriwal-isnt-accused-in-1980s-rape-case-newspaper-clip-on-social-media-is-fake/2024368/,Kejriwal Delhi
Delhi CM Arvind Kejriwal was seen having alcohol and meat alongside Punjab CM Bhagwant Mann.,en,1,India Today,https://www.indiatoday.in/fact-check/story/fact-check-no-kejriwal-alcohol-meat-bhagwant-mann-morphed-photo-delhi-punjab-cm-1935566-2022-04-09,Kejriwal Delhi
Kejriwal offered namaz in Delhi's Jama Masjid on 1 January 2021,en,1,The Quint,https://www.thequint.com/news/webqoof/kejriwal-offering-namaz-at-jama-masjid-for-new-years-day-fact-check,Kejriwal Delhi
"Arvind Kejriwal and Manish Sisodia are campaigning in favour of masks during the pandemic, but refuse to wear them.",en,1,India Today,https://www.indiatoday.in/fact-check/story/fact-check-this-picture-of-kejriwal-without-mask-is-not-related-to-the-pandemic-1787446-2021-04-05,Kejriwal Delhi
Delhi government put out an advertisement on Gandhi Jayanti showing a huge photograph of CM Arvind Kejriwal.,en,1,The Quint,https://www.thequint.com/news/webqoof/edited-photo-of-delhi-government-ad-on-mahatma-gandhi-jayanti-fact-check,Kejriwal Delhi
"Video shows Delhi CM Arvind Kejriwal saying he takes corruption money, along with his party members.",en,1,BOOM Fact Check,https://www.boomlive.in/fact-check/arvind-kejriwal-naveen-kumar-jindal-bjp-bhagwant-mann-aam-aadmi-party-corruption-money-doctored-video-fact-check-17444,Kejriwal Delhi
Supreme Court advocate Harish Salve critisises Delhi CM Arvind Kejriwal for exodus of migrant workers due to lockdown,en,1,Alt News,https://www.altnews.in/viral-audio-clip-blaming-kejriwal-for-exodus-of-migrants-workers-falsely-attributed-to-harish-salve/,Kejriwal Delhi
Kejriwal meeting Imran Khan ahead of the upcoming Delhi elections 2020.,en,1,FACTLY,https://factly.in/the-image-in-the-post-showing-delhi-cm-arvind-kejriwal-and-pakistan-pm-imran-khan-together-was-taken-in-2016/,Kejriwal Delhi
Delhi CM Arvind Kejriwal offered namaz in Delhi's Jama Masjid wearing a skull cap on the first day of the New Year.,en,1,India Today,https://www.indiatoday.in/fact-check/story/kejriwal-did-not-begin-new-year-2021-by-offering-namaz-at-jama-masjid-1755152-2021-01-01,Kejriwal Delhi
This is a video of Delhi CM Arvind Kejriwal singing in jail.,en,1,The Quint,https://www.thequint.com/news/webqoof/ai-generated-audio-images-of-arvind-kejriwal-in-jail-viral-video-fact-check,Kejriwal Delhi
Arvind Kejriwal provided financial assistance to only Dr Anas Mujahid's family,en,1,The Quint,https://www.thequint.com/news/webqoof/kejriwal-provided-financial-assistance-to-only-dr-anas-mujahid-family-not-covid-warriors-fact-check,Kejriwal Delhi
Delhi CM and Deputy CM giving mask to child and not wearing themselves amid COVID,en,1,Alt News,https://www.altnews.in/photo-of-delhi-cm-kejriwal-giving-mask-to-school-boy-predates-covid-19/,Kejriwal Delhi
Delhi CM Arvind Kejriwal admitted he and Bhagwant Mann take bribes,en,1,Alt News,https://www.altnews.in/bjp-member-tweets-delhi-cm-kejriwals-doctored-video-to-claim-he-admitted-taking-bribes/,Kejriwal Delhi
Arvind Kejriwa; accused of rape in 1987 during his times in IIT Kharagpur,en,1,Alt News,https://www.altnews.in/fake-newspaper-clipping-shared-to-claim-delhi-cm-kejriwal-accused-of-rape-in-1987/,Kejriwal Delhi
Photo shows Arvind praised Delhi government’s efforts in installing 10 dustbins in the Kirti Nagar Industrial Area.,en,1,Boom Live,https://www.boomlive.in/fact-check/fact-check-fake-news-delhi-government-arvind-kejriwal-dustbin-poster-edited-photoshopped-morphed-bjp-kapil-mishra-tajinder-singh-bagga-14137,Kejriwal Delhi
A survey shows Delhi and Punjab as the states that face the least amount of daily power cuts.,en,1,The Quint,https://www.thequint.com/news/webqoof/arvind-kerjiwal-lowest-power-cut-delhi-punjab-fact-check,Kejriwal Delhi
"India's first smog tower was installed in Delhi's Connaught Place on August 23, 2021",en,1,Factchecker,https://www.factchecker.in/fact-check/delhi-pollution-smog-tower-india-first-kejriwal-claim-770089,Kejriwal Delhi
Audio note of Harish Salve criticising Arvind Kejriwal,en,1,The Quint,https://www.thequint.com/news/webqoof/ex-solicitor-general-harish-salve-criticising-arvind-kejriwal-fact-check,Kejriwal Delhi
Arvind Kejriwal left the house of the Gujarat auto-driver who invited him for dinner after he saw a portrait of PM Modi inside his home,en,1,FACTLY,https://factly.in/morphed-picture-shared-as-portrait-of-pm-modi-inside-the-house-of-a-gujarat-man-where-delhi-cm-arvind-kejriwal-dined/,Kejriwal Delhi
Arvind Kejirwal said India should give up Kashmir,en,1,Alt News,https://www.altnews.in/fake-quote-ascribed-to-delhi-cm-kejriwal-claims-he-said-india-should-give-up-kashmir/,Kejriwal Delhi
An aerial photo of an illuminated building is viral as a Delhi government school in the city's Dwarka area.,en,1,The Quint,https://www.thequint.com/news/webqoof/kejriwal-fan-page-shares-mp-hospital-photo-as-delhi-govt-school-fact-check,Kejriwal Delhi
A new variant of COVID-19 was found in Singapore that could result in a third wave of infections in India and impact kids.,en,1,The Quint,https://www.thequint.com/news/webqoof/arvind-kejriwal-singapore-variant-fact-check,Kejriwal Delhi
Image of AAP chief Arvind Kejriwal with Nikita Jacob,en,1,The Quint,https://www.thequint.com/news/webqoof/image-of-arvind-kejriwal-with-aap-supporter-ankita-shah-not-nikita-jacob-fact-check,Kejriwal Delhi
Delhi Chief Minister Arvind Kejriwal has slashed diesel price by 8 rupees.,en,1,The Quint,https://www.thequint.com/news/webqoof/old-video-shared-as-delhi-cm-arvind-kejriwal-slashing-diesel-price-amid-recent-hike,Kejriwal Delhi
"A purported exchange in a Delhi court, where chief minister Arvind Kejriwal sarcastically asks additional solicitor general Suryaprakash V Raju, appearing for ED, whether he would arrest Prime Minister Narendra Modi and Home Minister Amit Shah if Kejriwal merely stated he paid them ₹100 crore.",en,1,Newschecker,https://newschecker.in/fact-check/kejriwal-hearing-fake-courtroom-exchange-between-delhi-cm-and-asg-goes-viral,Kejriwal Delhi
This is a recent photo of Delhi CM Arvind Kejriwal apologising to Union Transport Minister Nitin Gadkari.,en,1,The Quint,https://www.thequint.com/news/webqoof/arvind-kejriwal-apologises-to-nitin-gadkari-fact-check,Kejriwal Delhi
"Delhi deputy chief minister Manish Sisodia slams CM Arvind Kejriwal for ""no vaccination, only ads"".",en,1,The Quint,https://www.thequint.com/news/webqoof/manish-sisodia-slams-delhi-cm-arvind-kejriwal-over-advertisements-video-is-edited,Kejriwal Delhi
people of delhi have annouced their result by painiting Arvind Kejriwal and Atishi's poster in black,en,1,The Quint,https://www.thequint.com/news/webqoof/posters-of-atishi-and-kejriwal-painted-black-false-claim-viral,Kejriwal Delhi
Newly elected Delhi CM Rekha Gupta buys a luxury car for herself immediately after assuming the office.,en,1,Newschecker,https://newschecker.in/fact-check/rekha-gupta-buys-luxury-car-after-assuming-delhi-cms-office-no-false-claim-goes-viral,Kejriwal Delhi
Delhi CM Rekha Gupta shared a post making objectionable remarks against AAP convener Arvind Kejriwal after India’s victory against Pakistan in the Champions Trophy match held yesterday,en,1,PTI,https://www.ptinews.com/fact-detail/pti-fact-check-social-media-post-falsely-claimed-delhi-cm-rekha-gupta-posted-a-comment-on-x-against-arvind-kejriwal-after-india-s-victory-against-pak-in-champions-trophy-match/2325128,Kejriwal Delhi
Arvind Kejriwal in a letter to the Election Commission of India sought special benefits for Muslims during the Delhi Assembly election day.,en,1,BOOM Fact Check,https://www.boomlive.in/fact-check/arvind-kejriwal-letter-eci-muslim-voter-benefits-delhi-election-claim-fact-check-27734,Kejriwal Delhi
An X post by Delhi CM Rekha Gupta targeted Arvind Kejriwal after India's Champions Trophy win against Pakistan,en,1,ThePrint,https://theprint.in/hoaxposed/fact-check-viral-x-post-targeting-kejriwal-from-a-parody-account-not-delhi-cm-rekha-gupta/2511000/,Kejriwal Delhi
"Image shows an auto rickshaw with a political graffiti saying, ""Drive Kejriwal away from Delhi.""",en,1,Boom Live,https://www.boomlive.in/fact-check/arvind-kejriwal-bjp-delhi-auto-rickshaw-26850,Kejriwal Delhi
Delhi CM Atishi Marlena tweeted about sexual assault on Kejriwal in Tihar Jail,en,1,Deccan Herald,https://www.deccanherald.com/india/delhi/fact-check-post-from-a-parody-account-is-shared-as-delhi-cm-atishi-marlenas-tweet-about-sexual-assault-on-kejriwal-in-tihar-jail-3278471,Kejriwal Delhi
AAP convenor Arvind Kejriwal urges people to vote for Congress in the Delhi election.,en,1,Newschecker,https://newschecker.in/fact-check/2025-delhi-election-kejriwal-urges-voters-to-pick-congress-viral-video-is-old-and-clipped,Kejriwal Delhi
Suhana Khan and Rinku Singh were in UK hotel,en,1,ThePrint,https://theprint.in/hoaxposed/fact-check-kejriwal-messiah-of-muslims-pamphlet-are-old-aap-didnt-circulate-them/2466667/,Kejriwal Delhi
Pamphlets saying Kejriwal is the messiah of Muslims distributed in Delhi ahead of 2025 assembly polls,en,1,Alt News,https://www.altnews.in/5-years-old-pamphlets-calling-kejriwal-muslim-messiah-is-viral-ahead-of-delhi-election/,Kejriwal Delhi
"This photo shows two autos in Delhi displaying a quote that says, “We will oust Kejriwal from Delhi.”",en,1,FACTLY,https://factly.in/an-edited-photo-is-falsely-shared-as-visuals-of-delhi-auto-rickshaws-displaying-an-anti-kejriwal-quote/,Kejriwal Delhi
Visuals of AAP MP Swati Maliwal being assaulted inside the Chief Minister’s Office (CMO) by Arvind Kejriwal’s personal assistant.,en,2,FACTLY,https://factly.in/an-unrelated-video-is-shared-as-visuals-of-assault-on-aap-mp-swati-maliwal-at-delhi-cmo-by-kejriwals-pa/,Kejriwal Delhi
a picture of a banner featuring Kejriwal aayege in front of Tihar central jail,en,1,Alt News,https://www.altnews.in/viral-images-of-kejriwal-ayenge-hoardings-at-tihar-jail-are-fake/,Kejriwal Delhi
The video shows former Delhi Chief Minister Arvind Kejriwal admitting that he won’t clean the Yamuna River because it won’t help him win the upcoming 2025 Delhi assembly elections.,en,2,FACTLY,https://factly.in/a-clipped-video-of-arvind-kejriwal-is-shared-claiming-he-admitted-he-wont-clean-the-yamuna-river-as-it-wont-help-him-win-the-upcoming-2025-delhi-assembly-elections/,Kejriwal Delhi
Delhi cabinet minister Saurabh Bharadwaj has unfollowed Delhi Chief Minister Arvind Kejriwal on X (formerly Twitter).,en,1,The Quint,https://www.thequint.com/news/webqoof/saurabh-bharadwaj-unfollowed-delhi-cm-arvind-kejriwal-on-x-twitter-viral-claim-fact-check,Kejriwal Delhi
Fake Twitter accounts of Naresh Tikait,en,1,The Quint,https://www.thequint.com/news/webqoof/kejriwal-falls-for-bku-leader-naresh-tikaits-fake-twitter-account,Kejriwal Delhi
Photo shows Arvind Kejriwal’s banner erected outside the Tihar Jail gate with the message ‘Kejriwal Aayenge’.,en,1,FACTLY,https://factly.in/an-edited-photo-is-shared-as-visuals-of-a-satirical-banner-on-arvind-kejriwal-erected-outside-tihar-jail/,Kejriwal Delhi
AAP supporters in the streets of Delhi against Kejriwal's arrest,en,1,Alt News,https://www.altnews.in/photo-from-ethiopia-peddled-as-aap-supporters-on-delhi-street-protesting-against-kejriwals-arrest/,Kejriwal Delhi
Arvind Kejriwal admits of his family having links with the RSS,en,1,Alt News,https://www.altnews.in/no-arvind-kejriwal-didnt-admit-of-having-family-ties-with-rss-clipped-video-viral/,Kejriwal Delhi
Arvind Kejriwal's campaign poster reads vote for jhantu,en,1,BOOM Fact Check,https://www.boomlive.in/bjp-mla-vijender-gupta-tweets-photoshopped-pic-targeting-delhi-cm-arvind-kejriwal,Kejriwal Delhi
Arvind Kejriwal is holding bow and arrow in reverse direction,en,1,Alt News,https://www.altnews.in/fact-check-did-delhi-cm-arvind-kejriwal-seen-with-inverted-bow-and-arrow-false/,Kejriwal Delhi
An image of massive crowds shows protests being held after Delhi CM Arvind Kejriwal's arrest.,en,1,DigitEye India,https://digiteye.in/jagannath-rath-yatra-image-passed-off-as-crowds-protesting-delhi-cm-kejriwals-arrest-fact-check/,Kejriwal Delhi
Photo is of Rahul Gandhi congratulating Arvind Kejriwal even after losing the Delhi elections badly.,en,0,India Today,https://www.indiatoday.in/fact-check/story/fact-check-old-photo-of-rahul-gandhi-and-arvind-kejriwal-goes-viral-with-misleading-claim-1647083-2020-02-16,Kejriwal Delhi
Only students from the Muslim community studying in private schools will receive tuition fees reimbursement.,en,1,The Quint,https://www.thequint.com/news/webqoof/delhi-government-tuition-fees-reimbursement-to-muslim-students-fact-check,Kejriwal Delhi
"Arvind Kejriwal told ASG Raju in Court: if I say I gave 100 crores to Modi and Amit Shah, will you go and arrest them based on my statement?",en,1,Alt News,https://www.altnews.in/viral-kejriwal-asg-raju-conversation-on-arresting-modi-shah-a-work-of-imagination-did-not-happen-in-court/,Kejriwal Delhi
A woman threw dirty water on Delhi CM Arvind Kejriwal.,en,1,India Today,https://www.indiatoday.in/fact-check/story/fact-check-did-a-woman-throw-dirty-water-at-arvind-kejriwal-1642646-2020-02-02,Kejriwal Delhi
"As per a survey, AAP-ruled Delhi and Punjab have the least hours of power cuts in the country.",en,0,India Today,https://www.indiatoday.in/fact-check/story/fact-check-kejriwal-shares-congress-era-power-cut-data-showcase-bright-shining-punjab-2380118-2023-05-16,Kejriwal Delhi
Arvind Kejriwal speaking in support of farm laws,en,1,Alt News,https://www.altnews.in/bjps-sambit-patra-shared-edited-clip-to-claim-arvind-kejriwal-came-in-support-of-new-farm-bill/,Kejriwal Delhi
"Delhi CM Arvind Kejriwal wore shoes while paying respects to Bhagat Singh at the National Martyrs Memorial in Hussainiwala, Punjab.",en,1,The Quint,https://www.thequint.com/news/webqoof/kejriwal-wore-shoes-at-bhagat-singh-memorial-fact-check,Kejriwal Delhi
Kejriwal was distributing masks during the pandemic without wearing one,en,1,The Quint,https://www.thequint.com/news/webqoof/delhi-chief-minister-arvind-kejriwal-no-mask-fact-check,Kejriwal Delhi
Arvind Kejriwal Blame Manish Sisodia For The Liquor Scam,en,1,News Mobile,https://www.newsmobile.in/nm-fact-checker/fact-check-did-delhi-cm-kejriwal-blame-sisodia-for-the-liquor-scam-heres-the-truth/,Kejriwal Delhi
Arvind Kejriwal joined hands with Pakistan PM Imran Khan to win Delhi election.,en,1,India Today,https://www.indiatoday.in/fact-check/story/fact-check-old-picture-of-kejriwal-imran-khan-meet-linked-to-delhi-election-1645816-2020-02-12,Kejriwal Delhi
"Facebook user ""ईमानदार, सत्यवादी, युगपुरुष, सेक्युलर श्री श्री 787-1 अरविन्द खुजलीवाल"" shared this picture and wrote: Three wise men without a mask explaining to a child how to wear a mask.",en,1,vishvasnews.com,https://www.vishvasnews.com/english/viral/fact-check-this-picture-of-delhi-cm-kejriwal-helping-a-child-wear-mask-is-from-2019-no-relation-to-covid-19/,Kejriwal Delhi
Kejriwal government in Delhi is refunding fees of Muslim students for political appeasement,en,1,Alt News,https://www.altnews.in/no-kejriwal-govt-is-not-reimbursing-fees-of-only-muslim-students-in-delhi/,Kejriwal Delhi
Arvind Kejriwal is putting a mask on the face of a kid but is not wearing one himself.,en,1,Boom Live,https://www.boomlive.in/fact-check/arvind-kejriwal-face-mask-corona-virus-covid-19-second-wave-fact-check-fake-news-12627,Kejriwal Delhi
"AAP chief Arvind Kejriwal may slip into a coma, says senior leader Sanjay Singh",en,2,Newschecker,https://newschecker.in/fact-check/old-news-flash-on-kejriwals-deteriorating-health-in-tihar-jail-viral-after-delhi-poll-loss,Kejriwal Delhi
Photo shows Arvind Kejriwal's cut out is larger than Mahatma Gandhi's photo in the Gandhi Jayanti newspaper ad,en,1,Boom Live,https://www.boomlive.in/fact-check/politics/fake-news-arvind-kejriwal-newspaper-ad-delhi-aam-aadmi-party-photoshopped-image-mahatma-gandhi-ad-factcheck-14945,Kejriwal Delhi
"Kejriwal wrote to the Election Commission (EC) demanding special facilities for Muslims, including exemptions from ID checks and increased voting time.",en,1,vishvasnews.com,https://www.vishvasnews.com/english/politics/fact-check-viral-letter-attributed-to-arvind-kejriwal-requesting-special-facilities-for-muslims-in-delhi-elections-is-false/,Kejriwal Delhi
Water crisis in Delhi presented by Goel in a misleading way. The photo was from 2009.,en,1,Factchecker,https://www.factchecker.in/fact-check/delhi-water-crisis-vijay-goel-bjp-aap-congress-delhi-jal-board-ndmc-756771,Kejriwal Delhi
Photo shows Arvind Kejriwal is requesting for coal donations amid the power crisis.,en,1,BOOM Fact Check,https://www.boomlive.in/fact-check/politics/viral-image-coal-donation-request-arvind-kejriwal-morphed-image-satire-15089,Kejriwal Delhi
Water logged drain in Delhi,en,1,Alt News,https://www.altnews.in/old-image-from-punjab-where-a-family-having-tea-on-waterlogged-road-shared-as-delhi/,Kejriwal Delhi
Poster of CM Arvind Kejriwal celebrating inauguration of a speed breaker,en,1,Alt News,https://www.altnews.in/morphed-poster-of-cm-kejriwal-congratulating-delhi-for-a-speed-breaker/,Kejriwal Delhi
Recent photo of Delhi CM Aravind Kejriwal standing without wearing a mask while teaching a student how to wear a mask,en,1,FACTLY,https://factly.in/this-photo-of-delhi-cm-aravind-kejriwal-distributing-masks-is-not-related-covid-19-pandemic/,Kejriwal Delhi
Article 370 and Article 35A kept Jammu and Kashmir poor and delayed development of the state.,en,1,Scroll.in,https://scroll.in/article/933319/fact-checking-amit-shahs-claim-that-article-370-and-article-35a-kept-jammu-and-kashmir-poor,Article 370 Kashmir
The BJP portrays Sardar Patel as a “strong man” who was opposed to Nehru’s move to grant special status to J&K.,en,1,The Quint,https://www.thequint.com/news/webqoof/fact-check-was-sardar-patel-as-opposed-to-article-370-as-claimed,Article 370 Kashmir
Tenure of the Jammu and Kashmir Assembly is 6 years.,en,0,FACTLY,https://factly.in/not-all-the-claims-explaining-article-370-are-true/,Article 370 Kashmir
Indian Supreme Court has no jurisdiction in J&K.,en,1,FACTLY,https://factly.in/not-all-the-claims-explaining-article-370-are-true/,Article 370 Kashmir
Outsiders cannot buy land in Kashmir.,en,0,FACTLY,https://factly.in/not-all-the-claims-explaining-article-370-are-true/,Article 370 Kashmir
A Pakistani resident gains J&K citizenship if he marries a J&K woman.,en,1,FACTLY,https://factly.in/not-all-the-claims-explaining-article-370-are-true/,Article 370 Kashmir
Disrespecting Indian flag and other national symbols is not a crime in J&K.,en,1,FACTLY,https://factly.in/not-all-the-claims-explaining-article-370-are-true/,Article 370 Kashmir
CAG (Comptroller and Auditor General) of India cannot audit the documents related to J&K.,en,1,FACTLY,https://factly.in/not-all-the-claims-explaining-article-370-are-true/,Article 370 Kashmir
Jammu and Kashmir state has separate flag.,en,0,FACTLY,https://factly.in/not-all-the-claims-explaining-article-370-are-true/,Article 370 Kashmir
"Hindu, Sikhs, Jains and other minorities do not get the 16% reservation provided under the Constitution",en,0,FACTLY,https://factly.in/not-all-the-claims-explaining-article-370-are-true/,Article 370 Kashmir
Panchayats in Kashmir do not have any powers.,en,1,FACTLY,https://factly.in/not-all-the-claims-explaining-article-370-are-true/,Article 370 Kashmir
RTI laws are not applicable in Kashmir.,en,2,FACTLY,https://factly.in/not-all-the-claims-explaining-article-370-are-true/,Article 370 Kashmir
A Kashmiri woman loses her residency rights if she marries a man from another state.,en,1,FACTLY,https://factly.in/not-all-the-claims-explaining-article-370-are-true/,Article 370 Kashmir
"Kashmir forces sharia law on its citizens, especially women.",en,0,FACTLY,https://factly.in/not-all-the-claims-explaining-article-370-are-true/,Article 370 Kashmir
People of Jammu and Kashmir have dual citizenship.,en,0,FACTLY,https://factly.in/not-all-the-claims-explaining-article-370-are-true/,Article 370 Kashmir
"Congress, in its 2024 manifesto, has promised to uphold Article 370, remove Section 124A, abolish the Citizenship Amendment Act (CAA), reduce the number of Army-CRPF personnel in Kashmir and make changes to Armed Forces (Special Powers) Act (AFSPA).",en,1,ThePrint,https://theprint.in/hoaxposed/fact-check-congress-has-not-promised-to-uphold-article-370-or-abolish-caa-in-its-2024-manifesto/2036494/,Article 370 Kashmir
Farmers want article 370 and 35A to be restored in Kashmir,en,1,Alt News,https://www.altnews.in/old-unrelated-photo-shared-as-farmers-protesting-revocation-of-article-370-and-uapa/,Article 370 Kashmir
"According to Article 370, if a Kashmiri woman marries a person from a different state then the girl will lose her Kashmiri Citizenship. But, if she marries a person from Pakistan then that Pakistan man will get Kashmiri Citizenship.",en,1,FACTLY,https://factly.in/a-kashmiri-woman-will-not-lose-residency-rights-if-married-to-a-non-permanent-resident-and-a-pakistani-will-not-get-kashmiri-citizenship-by-marrying-a-kashmiri-woman/,Article 370 Kashmir
Dr BR Ambedkar was against Article 370.,en,1,The Quint,https://www.thequint.com/news/webqoof/ambedkar-and-article-370-facts-or-propaganda-to-fit-the-current-discourse,Article 370 Kashmir
Recent atrocities in Kashmir after Article 370 dilution,en,1,Alt News,https://www.altnews.in/old-images-from-kashmir-shared-amidst-recent-unrest-after-dilution-of-article-370/,Article 370 Kashmir
Arnab Goswami says 'Kill thousands' after Article 370 was deemed ineffective,en,1,Alt News,https://www.altnews.in/did-arnab-goswami-say-kill-thousands-after-dilution-of-article-370-no-old-clip-shared-on-social-media/,Article 370 Kashmir
Modi the Dracula of Kashmir poster put up by Aligarh Muslim University students,en,1,Alt News,https://www.altnews.in/article-370-derogatory-poster-on-pm-modi-used-in-london-protest-attributed-to-amu-students/,Article 370 Kashmir
Farmers want article 370 and 35A to restored in Kashmir.,en,1,BOOM Fact Check,https://www.boomlive.in/fake-news/2019-photo-of-protest-against-article-370-linked-to-farmers-march-10908,Article 370 Kashmir
Article 370: Children in Kashmir celebrating by singing 'Hindustan Hamara Hai',en,1,Alt News,https://www.altnews.in/article-370-old-bjp-rally-video-shared-as-kashmiri-children-singing-hindustan-hamara-hai/,Article 370 Kashmir
Video of Kashmiris protesting against centre's move to repeal provisions of Article 370,en,1,Alt News,https://www.altnews.in/youtube-channel-live-tv-shares-old-clip-as-protest-in-srinagar-against-dilution-of-article-370/,Article 370 Kashmir
Video of women's march in Kashmir after revocation of article 370,en,1,Alt News,https://www.altnews.in/old-video-of-womens-march-shared-as-protest-in-kashmir-after-repeal-of-article-370-provisions/,Article 370 Kashmir
Hundreds Of Thousands Kashmiris Took Street Yesterday In Kashmir,en,1,BOOM Fact Check,https://www.boomlive.in/did-kashmiri-women-protest-abrogation-of-article-370-a-factcheck,Article 370 Kashmir
Video is of police beating up Kashmiris.,en,1,India Today,https://www.indiatoday.in/fact-check/story/jammu-kashmir-article-370-35a-lathicharge-police-beat-people-bihar-1578382-2019-08-07,Article 370 Kashmir
Uttar Pradesh government has eliminated reservations entirely from employment and education sectors,en,1,FACTLY,https://factly.in/no-the-uttar-pradesh-government-has-not-abolished-the-reservation-system-within-the-state/,reservation policy India
"Since 2008, reservations were given to Muslims and Christians in Central government institutions; hence such low number of Hindu officers in those institutions",en,1,FACTLY,https://factly.in/there-are-no-reservations-in-central-government-institutions-solely-based-on-religion/,reservation policy India
: Rahul Gandhi announced that the I.N.D.I.A alliance would reduce reservations by 50% if they are voted to power,en,1,FACTLY,https://factly.in/rahul-gandhi-did-not-announce-that-the-i-n-d-i-a-alliance-would-reduce-reservations-by-50-if-they-are-voted-to-power/,reservation policy India
Uttar Pradesh and Gujarat have completely abolished caste-based reservations in their respective states.,en,1,India Today,https://www.indiatoday.in/fact-check/story/fact-check-no-uttar-pradesh-government-has-not-abolished-the-reservation-policy-1834893-2021-07-30,reservation policy India
These videos show Indian Army camps and trucks being attacked by locals in Manipur.,en,1,The Quint,https://www.thequint.com/news/webqoof/indian-army-attacked-in-manipur-violence-misleading-claims-fact-check,Manipur violence
The video shows recent visuals of violence breaking out in Manipur's Churachandpur.,en,1,The Quint,https://www.thequint.com/news/webqoof/violence-breaking-out-churachandpur-manipur-viral-video-fact-check,Manipur violence
A video shows the recent outbreak of violence in Manipur’s Churachandpur.,en,1,Newschecker,https://newschecker.in/fact-check/manipur-old-video-shared-as-recent-violence-in-churachandpur,Manipur violence
Kukis were refugees from Myanmar who were allowed to settle in Manipur by Congress govt in 1968,en,1,Alt News,https://www.altnews.in/no-all-kukis-did-not-come-to-manipur-under-congress-rule-in-1968-as-refugees-from-myanmar/,Manipur violence
This video shows a recent protest in Manipur in which women marched on the streets with torches in their hands.,en,0,India Today,https://www.indiatoday.in/fact-check/story/fact-check-video-manipuri-women-protesting-torches-2704224-2025-04-04,Manipur violence
Video of protesters holding a torch rally in Manipur after declaring independence from India.,en,1,Newschecker,https://newschecker.in/fact-check/manipur-rally-after-declaring-independence-from-india-no-video-of-protest-from-2024-shared-with-false-claim,Manipur violence
Video shows a Hindu man trying to rape a Christian Kuki girl in Manipur.,en,1,Boom Live,https://www.boomlive.in/fact-check/viral-video-manipur-violence-hindu-christian-kuki-claim-online-social-media-26413,Manipur violence
"Armed group speaking in Manipuri will capture Kangla area in Imphal, Manipur within two months.",en,1,The Quint,https://www.thequint.com/news/webqoof/video-from-myanmar-shared-as-people-threatening-to-capture-kangla-manipur-violence-fact-check,Manipur violence
Video shows retired Commissioner of Mumbai Police speaking about Manipur violence,en,1,NewsMobile,https://www.newsmobile.in/nm-fact-checker/fact-check-does-this-video-show-former-mumbai-cp-julius-rebiero-speaking-on-manipur-violence-heres-the-truth/,Manipur violence
"The latest edition of the India Today Magazine that highlights the Manipur violence features the photo of PM Modi with the text ""shamful blunders.""",en,1,The Quint,https://www.thequint.com/news/webqoof/edited-image-of-the-latest-india-today-cover-goes-viral,Manipur violence
Photo shows India Today Magazine cover criticising Narendra Modi for the violence in Manipur,en,1,BOOM Fact Check,https://www.boomlive.in/fact-check/politics/fake-news-viral-photo-india-today-magazine-pm-modi-manipur-violence-factcheck-22680,Manipur violence
Images show protests against Manipur violence,en,1,NewsMobile,https://www.newsmobile.in/nm-fact-checker/fact-check-old-images-of-nirbhaya-protests-shared-in-connection-with-manipur-violence/,Manipur violence
Video clip shows the St Joseph's church set ablaze by BJP workers amid the violence in Manipur.,en,1,DigitEye India,https://digiteye.in/video-of-a-church-burning-in-france-passed-off-as-manipurs-st-josephs-church-fact-check/,Manipur violence
Men protesting naked over Manipur violence,en,1,Newschecker,https://newschecker.in/fact-check/nude-protest-by-sc-st-men-in-chhattisgarh-falsely-linked-to-manipur-violence,Manipur violence
Video shows the St Joseph's church set ablaze by BJP workers amid the violence in Manipur.,en,1,BOOM Fact Check,https://www.boomlive.in/fact-check/france-protests-church-manipur-fact-check-22537,Manipur violence
A church set ablaze in Manipur amid ongoing Kuki-Meitei conflict.,en,1,Newschecker,https://newschecker.in/fact-check/video-from-france-shared-as-church-set-ablaze-in-manipur-amid-ongoing-conflict,Manipur violence
Video shows Manipur Police beating up unarmed Kuki-Zo villagers,en,1,Boom Live,https://www.boomlive.in/fact-check/politics/fake-news-viral-video-manipur-police-poll-violence-2022-manipur-violence-kukis-meitei-factcheck-22646,Manipur violence
Video shows Kukis raising open call for genocide against Meiteis in march,en,1,boomlive.in,https://www.boomlive.in/fact-check/manipur-violence-video-of-kuki-memorial-service-peddled-with-misleadingsubtitles-22610,Manipur violence
More than 300 years old St. Joseph's Church burnt by pro-BJP militants,en,1,vishvasnews.com,https://www.vishvasnews.com/english/politics/fact-check-viral-church-fire-video-is-from-france-not-manipur/,Manipur violence
Video shows actor Akshay Kumar strongly condemning the Manipur gangrape incident,en,2,BOOM Fact Check,https://www.boomlive.in/fact-check/akshay-kumar-old-video-on-bengaluru-molestation-shared-as-recent-reaction-on-manipur-incident-22573,Manipur violence
"This video is from Manipur, where BJP-backed militants are practicing using dangerous weapons.",en,1,BOOM Fact Check,https://www.boomlive.in/fact-check/video-of-man-firing-gun-is-not-from-india-and-not-related-to-manipur-violence-22559,Manipur violence
A church in Manipur was set on fire by pro-BJP extremists.,en,1,The Quint,https://www.thequint.com/news/webqoof/church-on-fire-video-from-france-shared-as-from-mnaipur-violence-fact-check,Manipur violence
Video shows Kuki/meitei woman shot dead in Manipur,en,1,Alt News,https://www.altnews.in/manipur-woman-shot-dead-on-road-viral-video-is-actually-from-myanmar-misreprot-by-assam-newspaper/,Manipur violence
"The photo shows a bleeding woman, a victim of the ongoing violence in Manipur, breastfeeding a child.",en,1,India Today,https://www.indiatoday.in/fact-check/story/breastfeeding-mother-not-manipur-violence-victim-old-photo-viral-clashes-fact-check-2394932-2023-06-19,Manipur violence
Video shows an India Today report on Manipur Congress President blaming Congress for violence in Manipur.,en,1,BOOM Fact Check,https://www.boomlive.in/fact-check/politics/fake-news-viral-video-manipur-congress-president-letter-rahul-gandhi-factcheck-22506,Manipur violence
Naked woman chasing policemen in Manipur,en,1,AFP Fact Check,https://factcheck.afp.com/doc.afp.com.33MD46L,Manipur violence
Indian government refused visas to American citizens intending to visit Manipur,en,1,FACTLY,https://factly.in/old-news-report-about-the-indian-government-denying-visas-to-us-delegates-is-being-falsely-shared-linking-it-to-the-manipur-violence/,Manipur violence
Photo related to Manipur violance,en,1,vishvasnews.com,https://www.vishvasnews.com/english/politics/fact-check-photo-of-injured-woman-breastfeeding-child-is-unrelated-to-ongoing-manipur-violence/,Manipur violence
These visuals shows landmines planted in Manipur by Kuki militants.,en,1,The Quint,https://www.thequint.com/news/webqoof/pictures-of-landmines-planted-in-manipur-kuki-militants-fact-check,Manipur violence
Latest video from Manipur violance,en,1,vishvasnews.com,https://www.vishvasnews.com/english/politics/fact-check-video-of-woman-being-brutally-beaten-up-is-unrelated-to-manipur-violence/,Manipur violence
"Video of Kukis firing rounds at Meiteis, the ethnic groups at the centre of the Manipur clashes",en,1,Newschecker,https://newschecker.in/fact-check/2020-video-uploaded-by-gamer-falsely-linked-to-manipur-violence,Manipur violence
Kuki militants from Myanmar have illegally migrated and joined tribals in Manipur,en,1,Alt News,https://www.altnews.in/manipur-violence-clip-of-bnei-menashe-soldiers-in-israel-falsely-viral-as-immigrant-kuki-militants/,Manipur violence
These images of burning vehicles in from the recent Manipur protests of 2023.,en,1,The Quint,https://www.thequint.com/news/webqoof/old-visuals-from-manipur-violence-shared-as-recent-fact-check,Manipur violence
This video shows a crowd looting a clothing store in Manipur amid the ongoing violence in the state.,en,1,India Today,https://www.indiatoday.in/fact-check/story/manipur-violence-looting-stores-old-video-from-philippines-2371993-2023-05-05,Manipur violence
This video shows Kukis firing at Meiteis in Manipur amid the recent violence in the state.,en,1,India Today,https://www.indiatoday.in/fact-check/story/fact-check-old-gunfire-video-passed-off-as-manipur-violence-amid-riots-in-the-ne-state-2368710-2023-05-04,Manipur violence
This video shows clashes betwen Kuki tribe and Meiki people in Manipur.,en,1,The Quint,https://www.thequint.com/news/webqoof/old-video-of-gun-firing-linked-with-manipur-violence-fact-check,Manipur violence
Video shows Kuki tribes opening fire on the Meitei community in Manipur.,en,1,BOOM Fact Check,https://www.boomlive.in/fact-check/politics/viral-video-shooting-gun-kuki-meitei-community-manipur-old-video-social-media-21859,Manipur violence
machine gun going off relentlessly in video from Manipur,en,1,Alt News,https://www.altnews.in/burst-fire-from-machine-gun-gaming-video-viral-as-manipur-violence-scene/,Manipur violence
Video of people from Kuki community looting shops owned by Meiteis,en,1,Newschecker,https://newschecker.in/fact-check/manipur-violence-video-falsely-claims-kukis-looted-cloth-shop-owned-by-meiteis,Manipur violence
"This picture is of a nurse from the Meitei community, who was raped and murdered inside a hospital by rioters from the Kuki community",en,1,vishvasnews.com,https://www.vishvasnews.com/english/politics/fact-check-image-of-old-murder-case-shared-with-false-claim-of-links-to-manipur-violence/,Manipur violence
Indian-Chinese soldiers began disengagement at Depsang and Demchok with chants of “Jai Shri Ram”,en,1,Newschecker,https://newschecker.in/fact-check/viral-posts-falsely-claim-jai-shri-ram-chants-during-disengagement-at-india-china-border,India China border
A news report by ‘TV9 Bharatvarsh’ on the latest threat issued by China to India through its newspaper ‘Global Times’,en,2,FACTLY,https://factly.in/2020-news-report-of-tv-9-bharatvarsh-is-shared-as-recent-news-on-the-india-china-border-conflict/,India China border
A mysterious glow in the sky was seen along the India-China border after the clash between the two countries.,en,1,Boom Live,https://www.boomlive.in/world/this-video-has-nothing-to-do-with-the-india-china-clash-in-galwan-valley-8599,India China border
The video is of recent clash from galwan valley,en,3,NewsMobile,https://www.newsmobile.in/nm-fact-checker/fact-check-old-video-india-china-faceoff-shared-as-recent-clash-at-galwan-valley/,India China border
These are dead Indian soldiers after the fighting in the Galwan valley,en,1,BBC,https://www.bbc.co.uk/news/world-asia-53092492,India China border
An Indian and a Chinese soldier arguing near the site of the recent clashes in the Galwan valley,en,3,BBC,https://www.bbc.co.uk/news/world-asia-53092492,India China border
Opposition contested Centre's statement about no infiltration case across India-China border in last 3 years by bringing up Galwan Valley violence,en,2,Factchecker,https://www.factchecker.in/fact-check/did-china-infiltrate-or-transgress-the-line-of-actual-control-791624,India China border
These videos show China-India border standoff in June 2020,en,1,AFP Fact Check,https://factcheck.afp.com/these-videos-were-all-circulating-online-china-and-indias-june-2020-border-skirmish,India China border
"China has approached the United Nations, pleading that India is misusing its power.",en,1,India Today,https://www.indiatoday.in/fact-check/story/did-china-seek-un-mediation-on-border-face-off-with-india-1721266-2020-09-12,India China border
Indian soldiers mourning casualties after the fighting Chinese troops in the Galwan valley,en,1,BBC,https://www.bbc.co.uk/news/world-asia-53092492,India China border
“… Indian troops crossed the border and launched provocative attacks against Chinese personnel.”,en,2,VOA,https://www.voanews.com/a/china-india-galwan-clash/6742706.html,India China border
Video shows India-China border clash in December 2022,en,2,AFP Fact Check,https://factcheck.afp.com/doc.afp.com.333N23L,India China border
Recent video of Indian Army stopping the Chinese soldiers from entering the Indian territory,en,1,FACTLY,https://factly.in/a-video-taken-at-least-half-a-decade-ago-is-being-shared-in-the-context-of-recent-border-standoff-between-india-and-china/,India China border
"This shows the ""real fight"" between Indian and Chinese soldiers near a disputed Himalayan border region, the site of deadly clashes on 16 June",en,3,BBC,https://www.bbc.co.uk/news/world-asia-53092492,India China border
Image shows Chinese soldiers captured by Indian Army in Arunachal Pradesh,en,1,AFP Fact Check,https://factcheck.afp.com/doc.afp.com.9PN29T,India China border
Video of Indian Army tanks being sent to the India-China border as tensions rise after the border clash in the Galwan valley (Ladakh),en,1,FACTLY,https://factly.in/old-and-unrelated-video-shared-as-indian-army-tanks-being-sent-to-the-india-china-border/,India China border
Chinese vehicle and a soldier captured in Ladakh after 20 Indian soldiers killed,en,1,Alt News,https://www.altnews.in/india-china-dispute-video-from-may-shared-as-recent/,India China border
"Isreal, Rusia, US, Japan offer support to India over tensions with China",en,1,Alt News,https://www.altnews.in/viral-fake-quotes-by-world-leaders-offering-support-to-india-over-tensions-with-china/,India China border
Video shows Chinese solider injured in 2022 India-China border clash,en,2,AFP Fact Check,https://factcheck.afp.com/doc.afp.com.334X7Q6,India China border
Rahul Gandhi thinks that the Indian Army can be replaced by labourers and farmers.,en,1,India Today,https://www.indiatoday.in/fact-check/story/fact-check-rahul-gandhi-did-not-suggest-replacing-indian-army-with-labourers-at-china-border-1762983-2021-01-26,India China border
Video of India-China border tensions in Eastern Ladakh,en,1,Alt News,https://www.altnews.in/times-now-airs-old-videos-during-broadcast-on-recent-india-china-border-tensions/,India China border
Video shows face-off between Indian and Chinese armies in Galwan Valley,en,1,The Quint,https://www.thequint.com/news/webqoof/video-from-2017-viral-as-india-china-clash-at-galwan-valley,India China border
Video shows the Sikh Regiment of the Indian Army raising the Nishan Sahib at a Gurudwara near the Chinese border.,en,1,The Quint,https://www.thequint.com/news/webqoof/viral-clip-of-army-personnel-raising-nishan-sahib-is-not-from-indo-china-border-fact-check,India China border
Video shows Chinese Army provoking India to go to war at Ladakh border,en,1,The Quint,https://www.thequint.com/news/webqoof/old-video-used-to-claim-china-provoking-india-troops-in-ladakh-fact-check,India China border
"NGO called ""Citizens For Green Doon"" filed a petition to stop road construction in Indo-China border",en,1,Alt News,https://www.altnews.in/fact-check-did-an-ngo-citizen-for-green-doon-filed-a-petition-to-stop-road-construction-at-indo-china-border/,India China border
Video shows December 2022 China-India border clash,en,2,AFP Fact Check,https://factcheck.afp.com/doc.afp.com.334U4JY,India China border
43 Chinese soldiers killed in India-China dispute,en,1,Alt News,https://www.altnews.in/india-china-dispute-43-chinese-soldiers-killed-media-outlets-and-journalists-mislead/,India China border
Sikh flag installed at China border by Indian army,en,1,Alt News,https://www.altnews.in/video-of-indian-army-men-installing-sikh-flag-is-from-leh-not-indo-china-border/,India China border
Videos related to the recent India-China border stand-off,en,1,FACTLY,https://factly.in/old-videos-revived-in-the-context-of-recent-india-china-border-standoff/,India China border
Visuals related to recent India-China fight in the Galwan valley (Ladakh).,en,1,FACTLY,https://factly.in/old-videos-revived-again-in-the-context-of-recent-india-china-fight-in-the-galwan-valley-ladakh/,India China border
This video shows Indians trying to block China’s border construction in June 2020,en,2,AFP Fact Check,https://factcheck.afp.com/video-has-circulated-online-least-march-2020-india-china-border-clash,India China border
Japan deploy ballistic missiles at China border,en,1,Alt News,https://www.altnews.in/fact-check-did-japan-deploy-missiles-to-counter-chinese-threat-after-india-china-conflict/,India China border
Photos and videos related to the recent India-China border fight at the Galwan valley in Ladakh,en,1,FACTLY,https://factly.in/india-china-galwan-fight-old-photos-and-videos-shared-by-pakistani-and-bangladeshi-users/,India China border
Video showing Chinese soldier captured by Indian Army in recent attack at Galwan Valley,en,1,BOOM Fact Check,https://www.boomlive.in/fake-news/undated-video-viral-as-recent-india-china-clash-at-galwan-valley-ladakh-8544,India China border
Photo shows environmental Ngo Citizens For Green Doon holding a placard 'No road on Indo-China border,en,1,BOOM Fact Check,https://www.boomlive.in/fact-check/politics/fake-news-environmental-ngo-citizens-for-green-doon-edited-photo-against-road-on-india-china-border-factcheck-15563,India China border
This is a funeral for an Indian soldier involved in the Galwan valley incident,en,1,BBC,https://www.bbc.co.uk/news/world-asia-53092492,India China border
The vaccine will make you impotent,en,1,BBC,https://www.bbc.co.uk/news/55768656,COVID India vaccine
The vaccine is free in India but in the US and England people have to pay,en,3,BBC,https://www.bbc.co.uk/news/55768656,COVID India vaccine
COVID-19 surge in India connected to rollout of vaccine,en,1,USA Today,https://www.usatoday.com/story/news/factcheck/2021/05/11/fact-check-indias-covid-19-surge-not-connected-vaccinations/4988690001/,COVID India vaccine
"“Bharat ne apni nagrikon ko 100 crore vaccine dose lagai hain, aur woh bhi muft, bina paise liye (India has not only administered 100 crore vaccine doses to its citizens but has also done that free of cost).”",en,2,Factchecker,https://www.factchecker.in/fact-check/no-all-100-crore-covid-19-vaccine-doses-werent-given-for-free-in-india-782799,COVID India vaccine
86 percent of children who received the Pfizer-BioNTech vaccine reported adverse effects during clinical trials.,en,1,The Quint,https://www.thequint.com/news/webqoof/pfizer-covid-19-vaccine-shows-adverse-effects-in-children-delhi-arvind-kejriwal-fact-check,COVID India vaccine
“Till date we have vaccinated 18cr+ [180 million+] Indians.”,en,2,VOA,https://www.voanews.com/a/fact-check-indian-politician-gloats-vaccine-efforts-as-covid19-rages-in-the-country/6742968.html,COVID India vaccine
Modi's photo removed from vaccine certificate after news about rare side effects of Covishield,en,1,Alt News,https://www.altnews.in/covishield-astrazeneca-vaccine-certificate-pm-modi-photo-removed/,COVID India vaccine
India's Ministry of Health spokesman died after Covid-19 vaccination,en,1,AFP Fact Check,https://factcheck.afp.com/doc.afp.com.9DZ483,COVID India vaccine
India is the first country in the world to administer 100 crore COVID vaccine doses,en,1,The Quint,https://www.thequint.com/news/webqoof/india-first-country-to-administer-one-billion-covid-vaccine-doses-fact-check,COVID India vaccine
100 crore people have been vaccinated for free in India.,en,1,The Quint,https://www.thequint.com/news/webqoof/free-vaccination-for-100-crore-people-pm-modi-fact-check,COVID India vaccine
"1. More than five crore vaccines were exported because the central government had no other option. It was a “liability and compulsion”, part of the commercial obligations and was not given as aid or grant 2. India needed to export vaccines to countries that gave us raw materials.",en,1,Factchecker,https://www.factchecker.in/explained/data-experts-prove-sambit-patras-vaccine-diplomacy-claims-wrong-covid-19-india-vaccine-export-750242,COVID India vaccine
The new Covid-19 strain appeared within a week of the United Kingdom getting its first vaccine. This is not a coincidence but a conspiracy.,en,1,India Today,https://www.indiatoday.in/fact-check/story/fact-check-conspiracy-theory-claims-covid-19-vaccine-caused-new-strain-in-uk-1760761-2021-01-19,COVID India vaccine
220 crore people in India inoculated against coronavirus for free,en,1,Alt News,https://www.altnews.in/bjp-false-claim-220-crore-people-vaccinated-in-india/,COVID India vaccine
Video shows healthcare worker faking Covid-19 vaccination at a hospital in India. The syringe is withdrawn from an elderly man without administering the vaccine.,en,0,India Today,https://www.indiatoday.in/fact-check/story/fact-check-video-from-mexico-shared-as-fake-vaccination-drive-in-india-1795648-2021-04-27,COVID India vaccine
Price of COVID-19 vaccine in different countries,en,1,FACTLY,https://factly.in/all-these-nations-are-providing-covid-19-vaccinations-free-of-charge-to-their-citizens/,COVID India vaccine
COVID-19 vaccines are provided at no cost only in India across the world.,en,1,The Quint,https://www.thequint.com/news/webqoof/vaccination-free-for-all-only-in-india-fact-check,COVID India vaccine
"Bharat Biotech’s Made-in-India vaccine against Covid-19, Covaxin, has been approved for children above the age of 12 years.",en,0,India Today,https://www.indiatoday.in/fact-check/story/covaxin-bharat-biotech-children-above-12-years-1801330-2021-05-11,COVID India vaccine
New COVID-19 vaccination guidelines of India,en,2,FACTLY,https://factly.in/inaccurate-information-related-to-new-covid-19-vaccination-policy-is-being-shared/,COVID India vaccine
The government is implanting microchips into human bodies through COVID-19 vaccine in order to take them under control,en,1,FACTLY,https://factly.in/no-government-is-not-implanting-microchips-into-human-bodies-through-covid-19-vaccine/,COVID India vaccine
Microsoft co-founder Bill Gates has said in an interview to CNBC that 7 lakh people face death or disability due to the Covid-19 vaccines.,en,1,India Today,https://www.indiatoday.in/fact-check/story/fact-check-bill-gates-never-said-covid-vaccines-will-kill-or-disable-7-lakh-people-1761114-2021-01-20,COVID India vaccine
Video shows Karnataka government officials faking the Covid-19 vaccination process.,en,1,India Today,https://www.indiatoday.in/fact-check/story/fact-check-officials-posing-for-covid-19-vaccine-is-not-what-it-looks-like-1761512-2021-01-21,COVID India vaccine
Nobel laureate Luc Montagnier has said that all those who have been vaccinated for Covid-19 will die within two years.,en,1,India Today,https://www.indiatoday.in/fact-check/story/fact-check-nobel-laureate-luc-montagnier-didn-t-say-covid-vaccine-recipients-will-die-in-two-years-1807023-2021-05-26,COVID India vaccine
India is providing lowest prices covid vaccine in the world,en,1,Alt News,https://www.altnews.in/india-today-falsely-claims-indian-covid-19-vaccine-prices-are-the-lowest-in-the-world/,COVID India vaccine
Only five countries in the world have made COVID-19 vaccine. India’s vaccine is the most effective one,en,1,FACTLY,https://factly.in/not-just-five-but-many-more-countries-are-developing-and-manufacturing-various-covid-19-vaccines/,COVID India vaccine
COVID Vaccines cost Rs 5500 in US and Rs 3000 in UK,en,1,The Quint,https://www.thequint.com/news/webqoof/free-covid-vaccine-in-india-but-not-in-uk-us-abp-news-misreports,COVID India vaccine
Pakistan has requested for made-in-India vaccines/ India is giving free vaccines to Pakistan,en,1,Alt News,https://www.altnews.in/is-india-supplying-free-covid-vaccines-to-pakistan/,COVID India vaccine
86.16 lakh COVID19 vaccine doses administered on Jun 21! Highest ever single day coverage across world!”,en,1,Factchecker,https://www.factchecker.in/fact-check/no-india-didnt-make-world-record-for-highest-single-day-covid-19-vaccination-757178,COVID India vaccine
“[T]he Modi Govt has admitted that COVAXIN consists Newborn Calf Serum. This is heinous! This information should have been made public before.”,en,1,VOA,https://www.voanews.com/a/fact-check-covid-cows-and-politics-how-a-vaccine-falsehood-spread-in-india/6743011.html,COVID India vaccine
The Deccan Chronicle claims that vaccine hesitancy is as high as 74.53%,en,2,Newschecker,https://newschecker.in/coronavirus/vaccine-hesitancy-india-over-74-percent-claims-deccan-chronicle,COVID India vaccine
Muslim man in India claims COVID-19 vaccine will have mind controlling substance,en,1,Alt News,https://www.altnews.in/fact-check-corona-vaccine-chip-maulvi-false-claim-india/,COVID India vaccine
“U.S. blocked Iran’s access to 10 million doses of coronavirus vaccine.”,en,1,VOA,https://www.voanews.com/a/fact-check-iran-covax-india/6742900.html,COVID India vaccine
“Vaccine crew in Indian village attacked by locals”,en,0,Science Feedback,https://science.feedback.org/review/video-didnt-show-villagers-in-india-attacking-a-covid-19-vaccine-crew-as-claimed-by-charlie-kirk-but-a-police-van-instead/,COVID India vaccine
Union Power Minister Raj K Singh was quoted as saying that India became the first country in the world to administer 100 crore vaccine doses.,en,1,Factchecker,https://www.factchecker.in/fact-check/health-ministry-claim-india-first-to-cross-100-crore-vaccine-doses-factcheck-782640,COVID India vaccine
"In new interview to Fox, President Trump suggests India could have early access to Covid19 vaccines",en,1,Alt News,https://www.altnews.in/false-rahul-kanwals-claim-about-trump-suggesting-early-access-of-covid-19-vaccine-to-india/,COVID India vaccine
US and UK are charging Rs 3000 and Rs 5000 respectively for COVID-19 vaccine,en,1,Alt News,https://www.altnews.in/fact-check-abp-news-misreports-free-vaccine-in-india-but-not-in-us-uk/,COVID India vaccine
South Africa will return AstraZeneca vaccine bought from Serum Institute of India,en,0,Alt News,https://www.altnews.in/report-south-africa-wont-return-1-million-covid-vaccine-to-sii-will-sell-to-african-union/,COVID India vaccine
We don't need COVID-19 vaccines because of high recovery rate,en,1,The Quint,https://www.thequint.com/fit/fit-webqoof/yes-harbhajan-india-needs-covid-19-vaccine-despite-high-recovery,COVID India vaccine
"Picture of Turkish immigrant family when they newly arrived in Germany. The boy in yellow is Dr Ugur Sahin, CEO of German firm BioNTech SE, which developed the Covid-19 vaccine along with Pfizer Inc.",en,1,India Today,https://www.indiatoday.in/fact-check/story/fact-check-this-is-not-the-childhood-family-photo-of-covid-19-vaccine-inventor-1748508-2020-12-10,COVID India vaccine
Bill Gates is being sued by India over the deaths of girls resulting from vaccinations.,en,1,Snopes,https://www.snopes.com/fact-check/bill-gates-india-sued/,COVID India vaccine
"Barack Obama has asked Africans not to accept vaccines that'll come from America and Europe, calling it ""an evil act white people want to do to Africans"".",en,1,India Today,https://www.indiatoday.in/fact-check/story/fact-check-obama-never-warned-africans-against-covid-19-vaccines-from-us-europe-1757718-2021-01-10,COVID India vaccine
Russian President Vladimir Putin has claimed that Russia has successfully developed a vaccine for Covid-19 and it has passed all checks.,en,0,India Today,https://www.indiatoday.in/fact-check/story/fact-check-is-the-russian-covid-19-vaccine-a-syringe-full-of-hot-air-1710538-2020-08-12,COVID India vaccine
Pfizer’s first Covid-19 vaccination was staged. Ninety-year-old Margaret Keenan who was shown getting the first vaccine is actually crisis actor Liz Scott.,en,1,India Today,https://www.indiatoday.in/fact-check/story/fact-check-was-pfizer-s-first-covid-19-vaccination-in-the-uk-a-staged-event-1749168-2020-12-13,COVID India vaccine
Healthcare workers in India are inserting needles and taking them out without administering vaccines on patients,en,1,Alt News,https://www.altnews.in/a-set-of-videos-from-out-of-india-where-health-worker-pushing-empty-syringe-without-vaccine-viral-on-indian-social-media/,COVID India vaccine
Videos show health care workers in India injecting empty syringes instead of vaccines.,en,1,BOOM Fact Check,https://www.boomlive.in/fact-check/foreign-videos-of-empty-covid-19-vaccine-shots-administered-viral-in-india-13690,COVID India vaccine
Covid-19 vaccine causes impotence,en,3,AFP Fact Check,https://factcheck.afp.com/covid-19-vaccine-does-not-cause-impotence-health-experts-say-0,COVID India vaccine
Infectious disease expert Dr. Rajendra Kapila died from COVID-19 after receiving both doses of the Pfizer vaccine.,en,2,Snopes,https://www.snopes.com/fact-check/dr-rajendra-kapila-dies-covid-19/,COVID India vaccine
No opposition leader in India took the COVID-19 vaccination until PM Narendra Modi got vaccinate,en,1,FACTLY,https://factly.in/pm-modi-is-not-the-first-politician-to-receive-covid-19-vaccination-in-india/,COVID India vaccine
"India is providing COVID-19 vaccine free of cost, whereas US & UK are charging Rs. 5000 and Rs. 3000 per dose",en,1,FACTLY,https://factly.in/not-only-india-even-uk-us-is-providing-free-vaccine-to-their-citizens/,COVID India vaccine
Women should not take the COVID-19 vaccine before and after five days of their periods,en,1,FACTLY,https://factly.in/there-is-no-such-contraindication-saying-women-cant-take-covid-vaccine-on-their-period/,COVID India vaccine
Vaccines to cure Covid-19 are ready,en,1,India Today,https://www.indiatoday.in/fact-check/story/covid-19-testing-kit-fact-check-coronavirus-1658750-2020-03-23,COVID India vaccine
"Negative side effects of COVID-19 vaccine on virgins, diabetics, people who suffer from pneumonia, asthma, those with neurological conditions, and people who smoke or consume alcohol.",en,1,Newschecker,https://newschecker.in/coronavirus/covid-19-vaccine-related-pamphlet-by-biswaroop-chaudhary-includes-false-and-misleading-claims,COVID India vaccine
House to house screening of TB symptoms covering 5.5 crore population under active case finding.,en,0,FACTLY,https://factly.in/how-true-are-government-claims-about-programs-for-elimination-of-tuberculosis-tb/,tuberculosis India
"Treatment for drug sensitive TB is provided through 4,00,000 DOT centers.",en,2,FACTLY,https://factly.in/how-true-are-government-claims-about-programs-for-elimination-of-tuberculosis-tb/,tuberculosis India
500 rupees monthly nutritional support to patients for the duration of treatment through DBT.,en,0,FACTLY,https://factly.in/how-true-are-government-claims-about-programs-for-elimination-of-tuberculosis-tb/,tuberculosis India
A person can be infected with TB only once.,en,3,First Check,https://firstcheck.in/fact-check-expert-take-on-6-tuberculosis-myths/,tuberculosis India
Tuberculosis is hereditary.,en,3,First Check,https://firstcheck.in/fact-check-expert-take-on-6-tuberculosis-myths/,tuberculosis India
TB only affects poor people or those in low-income countries.,en,3,First Check,https://firstcheck.in/fact-check-expert-take-on-6-tuberculosis-myths/,tuberculosis India
TB cannot be cured.,en,3,First Check,https://firstcheck.in/fact-check-expert-take-on-6-tuberculosis-myths/,tuberculosis India
TB is a disease of the past.,en,3,First Check,https://firstcheck.in/fact-check-expert-take-on-6-tuberculosis-myths/,tuberculosis India
Smoking causes TB.,en,3,First Check,https://firstcheck.in/fact-check-expert-take-on-6-tuberculosis-myths/,tuberculosis India
The anti-tuberculosis Bacillus Calmette-Guérin (BCG) vaccine protects people against coronavirus infection.,en,1,India Today,https://www.indiatoday.in/fact-check/story/fact-check-can-this-anti-tuberculosis-vaccine-prevent-coronavirus-1672829-2020-04-30,tuberculosis India
There were no communal riots in India in the past 10 years.,en,1,The Quint,https://www.thequint.com/news/webqoof/sadhguru-incorrectly-claims-no-communal-riots-in-last-10-years,communal riot India
Sadhguru claimed that no communal riots have occurred in India in the past 10 years.,en,1,BOOM Fact Check,https://www.boomlive.in/fact-check/sadhguru-jaggi-vasudev-communal-riots-india-mha-home-affairs-ministry-18164,communal riot India
The video shows people putting black ink on posters of PM Modi while protesting the new UGC rules on caste discrimination.,en,1,India Today,https://www.indiatoday.in/fact-check/story/fact-check-this-video-doesnt-show-an-anti-ugc-protest-its-old-2858942-2026-01-28,caste discrimination India
"A video shows poor, low-caste Hindu people being served food on the floor.",en,2,PTI,https://www.ptinews.com/fact-detail/pti-fact-check-temple-ritual-from-udupi-falsely-shared-online-as-caste-based-bias-incident-in-india-details-inside/3046654,caste discrimination India
This video shows a Brahmin woman not allowing a Dalit lady to stand near her house.,en,1,India Today,https://www.indiatoday.in/fact-check/story/fact-check-no-caste-discrimination-this-video-was-staged-to-raise-covid-19-awareness-2424287-2023-08-21,caste discrimination India
Video shows woman discriminating against cleaning workers based on caste,en,1,Alt News,https://www.altnews.in/caste-discrimination-claim-false-viral-clip-an-awareness-video-by-bengaluru-sanitation-workers-during-pandemic/,caste discrimination India
Video of an Indian bodybuilder’s unruly behaviour as he was discriminated on the basis of caste at an award ceremony,en,2,FACTLY,https://factly.in/unrelated-video-from-bangladesh-is-shared-as-an-incident-of-caste-discrimination-in-india/,caste discrimination India
In India the number of reported rape cases increased from 1638 in 2013 to 3051 in 2018.,en,1,FACTLY,https://factly.in/in-2013-the-number-of-reported-rape-cases-in-india-was-33707-not-1638-2018-ncrb-data-is-yet-to-be-released/,rape India statistics
This is an imprint of India’s national emblem and ISRO’s logo left by Pragyan's wheel on the lunar surface.,en,1,India Today,https://www.indiatoday.in/fact-check/story/chandrayaan-3-mission-related-fact-check-2426140-2023-08-24,Chandrayaan ISRO moon
These are the visuals of the moon sent by Chandrayaan-3.,en,1,India Today,https://www.indiatoday.in/fact-check/story/fact-check-animated-ai-generated-videos-viral-as-visuals-shot-by-chandrayaan-3-2424341-2023-08-21,Chandrayaan ISRO moon
Photo of the Earth shot from the Moon’s surface by Chandrayaan-3.,en,1,India Today,https://www.indiatoday.in/fact-check/story/captivating-photo-of-earth-from-moon-was-not-taken-chandrayaan-3-ai-generated-2427906-2023-08-28,Chandrayaan ISRO moon
Video shows a glimpse of Chandrayaan 3 captured by NASA.,en,1,BOOM Fact Check,https://www.boomlive.in/fact-check/viral-video-chandrayaan-3-isro-nasa-old-video-social-media-22850,Chandrayaan ISRO moon
Moon Inside View capture by Chandrayaan-3,en,1,vishvasnews.com,https://www.vishvasnews.com/english/viral/fact-check-nasa-video-based-on-apollo-mission-data-falsely-circulated-as-chandrayaan-3-footage/,Chandrayaan ISRO moon
Photo shows an imprint of ISRO's logo and national emblem on the moon's surface.,en,1,Boom Live,https://www.boomlive.in/fact-check/isro-chandrayaan-3-space-mission-national-emblem-moon-fact-check-22844,Chandrayaan ISRO moon
The Chandrayaan-3's tyres imprinted ISRO logo and India's national emblem on the moon's surface.,en,1,The Quint,https://www.thequint.com/news/webqoof/isro-logo-indias-national-emblem-imprinted-on-the-moon-by-chandrayaan-3-fake-fact-check,Chandrayaan ISRO moon
The video is recent and shows visuals of the moon that were captured by Chandrayaan-3.,en,1,The Quint,https://www.thequint.com/news/webqoof/chandrayaan-3-stunning-moon-visuals-animation-viral-video-fact-check,Chandrayaan ISRO moon
NASA released footage of CHandrayaan landing on moon; Ashoka Stambh will be imprinted on lunar surface,en,1,Alt News,https://www.altnews.in/nasa-footage-ashoka-stambh-on-lunar-surface-fake-visuals-related-to-chandrayaan-3-flood-social-media/,Chandrayaan ISRO moon
"Image depicting imprints on the Moon’s surface created by the wheels of the Pragyan rover, featuring the State Emblem of India and ISRO’s logo",en,2,FACTLY,https://factly.in/viral-image-is-an-artistic-representation-not-a-real-photograph-of-pragyan-rover-imprints-on-moon/,Chandrayaan ISRO moon
This clear image of the moon was shot by Chandrayaan 3.,en,1,The Quint,https://www.thequint.com/news/webqoof/clear-image-of-moon-not-clicked-by-isro-chandrayaan-3-fact-check,Chandrayaan ISRO moon
"Washington Post praises India for Chandrayaan-3's success despite having ""second string"" talent",en,1,BOOM Fact Check,https://www.boomlive.in/fact-check/washington-post-chandrayaan-3-isro-fact-check-22931,Chandrayaan ISRO moon
"footage taken by the Indian space agency ISRO's rover on the Moon, capturing a view of Earth.",en,1,vishvasnews.com,https://www.vishvasnews.com/english/viral/fact-check-viral-video-of-earth-from-moon-not-captured-by-isro-rover/,Chandrayaan ISRO moon
Amazing view of Earth from outer space shot by ISRO’s Chandrayaan 3.,en,1,Newschecker,https://newschecker.in/fact-check/no-this-video-does-not-show-amazing-view-of-earth-shot-by-chandrayaan-3,Chandrayaan ISRO moon
The video shows the live footage of the Chandrayaan-3 landing.,en,1,The Quint,https://www.thequint.com/news/webqoof/digitally-edited-video-shared-as-chandrayaan-3-live-footage,Chandrayaan ISRO moon
Actual video of Chandrayaan-3 landing by NASA.,en,1,The Quint,https://www.thequint.com/news/webqoof/old-video-shared-as-nasa-footage-of-chandrayaan-3-fact-check,Chandrayaan ISRO moon
Pragyaan rover transmitted the footage of aliens to ISRO and ISRO chairman stated that they discovered 700 aliens on Moon,en,1,FACTLY,https://factly.in/isros-chandrayaan-3-mission-finds-no-evidence-of-aliens-on-the-moon/,Chandrayaan ISRO moon
The video is recent and shows live visuals of the moon captured by ISRO's Chandrayaan-3.,en,1,The Quint,https://www.thequint.com/news/webqoof/live-visuals-of-moon-isro-chandrayaan-3-viral-video-fact-check,Chandrayaan ISRO moon
This is a visual of the moon's surface from Chandrayaan-3,en,1,Boom Live,https://www.boomlive.in/fact-check/stock-footage-shared-as-moon-surface-video-captured-from-chandrayaan-3-22838,Chandrayaan ISRO moon
Visuals of Earth from space shot by Chandrayaan 3,en,1,BOOM Fact Check,https://www.boomlive.in/fact-check/fake-news-viral-video-visuals-of-earth-chandrayaan-3-isro-india-factcheck-22821,Chandrayaan ISRO moon
This video shows visuals from Chandrayaan-3 of the Earth from moon.,en,1,The Quint,https://www.thequint.com/news/webqoof/digitally-edited-video-passed-off-as-chandrayaan-3-visuals-fact-check,Chandrayaan ISRO moon
Animation of India's lunar rocket proves its Moon landing was faked.,en,1,AFP Fact Check,https://factcheck.afp.com/doc.afp.com.33U48GT,Chandrayaan ISRO moon
Video of Earth recorded from the moon during the Chandrayaan-3 mission.,en,1,vishvasnews.com,https://www.vishvasnews.com/english/society/fact-check-edited-video-of-earth-going-viral-in-the-name-of-chandrayaan-3-mission/,Chandrayaan ISRO moon
Visuals taken by Chandrayaan on the surface of the moon,en,1,Boom Live,https://www.boomlive.in/fact-check/chandrayaan-3-moon-nasa-mars-perseverance-fact-check-22885,Chandrayaan ISRO moon
Video of ISRO Chairman Somanath dancing with his colleagues post the success of Chandrayaan-3,en,2,BOOM Fact Check,https://www.boomlive.in/fact-check/old-video-of-isro-chief-dancing-viral-as-chandrayaan-3-celebrations-22852,Chandrayaan ISRO moon
News Graphic Shows PM Modi Has Declared An Internet Shutdown,en,1,BOOM Fact Check,https://www.boomlive.in/fake-news/no-pm-modi-has-not-announced-an-internet-shutdown-during-lockdown-7405,India internet shutdown
"In 2022, the internet was suspended, not even a single time in Kashmir.",en,1,India Today,https://www.indiatoday.in/fact-check/story/fact-checks-mislead-internet-actually-shut-down-jammu-kashmir-2022-2324306-2023-01-20,India internet shutdown
Prime Minister Narendra Modi has said that internet will be shut from 12 am onwards,en,1,The Quint,https://www.thequint.com/news/webqoof/morphed-images-used-to-claim-modi-ordered-internet-shut-down-coronavirus-fact-check,India internet shutdown
"Indian givernment is imposing GST on UPI transactions above Rs 2,000",en,1,Alt News,https://www.altnews.in/false-claim-of-gst-on-upi-payments-above-rs-2000-goes-viral/,UPI payment India
"1.1% tax will be levied on UPI transactions over Rs 2,000 starting 1 April, 2025",en,1,ThePrint,https://theprint.in/hoaxposed/fact-check-no-tax-on-regular-upi-payments-1-1-charge-only-on-ppi-instruments-like-digital-wallets/2405073/,UPI payment India
"All UPI transactions more than ₹2000 to be charged 1.1%, starting from April 1",en,2,FACTLY,https://factly.in/all-upi-transactions-are-free-for-general-users-interchange-fee-is-between-merchants-and-banks/,UPI payment India
"UPI service will be discontinued from April 1, 2025.",en,1,vishvasnews.com,https://www.vishvasnews.com/english/business/fact-check-claim-of-upi-being-shut-down-from-april-1-2025-is-fake-new-guidelines-address-blocked-mobile-numbers/,UPI payment India
"Former President Donald Trump won 2,497 counties in 2020, far more than President Joe Biden’s 477 counties, suggesting Trump actually won the election.",en,1,AP News,https://apnews.com/article/fact-check-trump-biden-counties-won-2020-election-770301657627,Trump Biden election
"""Biden won 477 counties. Trump won 2,497 counties... Something isn't adding up.""",en,3,FactCheck.org,https://www.factcheck.org/2023/08/number-of-counties-won-in-presidential-election-doesnt-determine-outcome/,Trump Biden election
Former President Donald Trump won the 2020 election. Democrats cheated.,en,1,AP News,https://apnews.com/article/fact-checking-10048575157,Trump Biden election
"""In actuality, there is no evidence Joe Biden won” the 2020 election, citing a report’s allegations from five battleground states.",en,1,PolitiFact,https://www.politifact.com/factchecks/2024/jan/05/donald-trump/trumps-new-evidence-that-biden-lost-in-2020-is-rid/,Trump Biden election
"States ""were supposed to get legislative approval to do the things they did,"" such as changing the rules for mail voting.",en,3,PolitiFact,https://www.politifact.com/article/2024/oct/26/fact-checking-donald-trumps-claims-about-the-2020/,Trump Biden election
"States used ""COVID to cheat"" in the 2020 election.",en,1,PolitiFact,https://www.politifact.com/article/2024/oct/26/fact-checking-donald-trumps-claims-about-the-2020/,Trump Biden election
"""If you take a look at Wisconsin, they virtually admitted that the election was rigged, robbed and stolen.""",en,1,PolitiFact,https://www.politifact.com/article/2024/oct/26/fact-checking-donald-trumps-claims-about-the-2020/,Trump Biden election
"""I won that second election"" in 2020.",en,1,PolitiFact,https://www.politifact.com/article/2024/oct/26/fact-checking-donald-trumps-claims-about-the-2020/,Trump Biden election
"""Joe Biden won with ... a landslide.""",en,1,FactCheck.org,https://www.factcheck.org/2020/11/no-landslide-for-biden-either/,Trump Biden election
The U.S. Supreme Court will hear a case to remove President Joe Biden from office and reinstate former President Donald Trump in his place.,en,1,AP News,https://apnews.com/article/fact-check-supreme-court-trump-biden-election-850929590422,Trump Biden election
"Joe Biden won the most votes in history, though he won a record low number of counties",en,2,USA Today,https://www.usatoday.com/story/news/factcheck/2020/12/09/fact-check-joe-biden-won-most-votes-ever-and-fewest-counties/3865097001/,Trump Biden election
President Donald Trump won the 2020 election,en,1,USA Today,https://www.usatoday.com/story/news/factcheck/2020/12/08/fact-check-president-donald-trump-did-not-win-2020-election/6467942002/,Trump Biden election
A meme of election statistics discredits Biden's victory.,en,2,USA Today,https://www.usatoday.com/story/news/factcheck/2020/12/31/fact-check-5-election-statistics-do-not-discredit-joe-bidens-victory/4086497001/,Trump Biden election
"“In the 2020 election, President Trump voted from behind the desk in the White House in Florida.”",en,0,PolitiFact,https://www.politifact.com/factchecks/2022/jan/13/joe-biden/trump-has-spread-falsehoods-about-voting-mail-whil/,Trump Biden election
"In more than 60 cases, judges “looked at the allegations that Trump was making and determined they were without any merit.”",en,0,PolitiFact,https://www.politifact.com/factchecks/2021/jan/08/joe-biden/joe-biden-right-more-60-trumps-election-lawsuits-l/,Trump Biden election
The claim: Joe Biden did not legally win the presidential election,en,1,USA Today,https://www.usatoday.com/story/news/factcheck/2020/12/15/fact-check-joe-biden-legally-won-presidential-election/6537586002/,Trump Biden election
Video shows Trump’s lawyer revealing evidence that proves Biden’s election was fraudulent,en,1,USA Today,https://www.usatoday.com/story/news/factcheck/2022/10/20/fact-check-no-clip-trumps-lawyer-does-not-prove-election-fraud/8200900001/,Trump Biden election
"""Chances of Biden winning Pennsylvania, Michigan, Georgia, Wisconsin independently after @realDonaldTrump’s early lead is less than one in a quadrillion.""",en,1,FactCheck.org,https://www.factcheck.org/2020/12/false-claim-about-bidens-win-probability/,Trump Biden election
"In the 2020 election, Donald Trump received more votes than any other Republican candidate or sitting president before him.",en,0,Snopes,https://www.snopes.com/fact-check/trump-votes-sitting-presidents-2020/,Trump Biden election
"Says Biden's vote tally should raise eyebrows because it's way more than Obama got in 2008, but Biden won far fewer counties.",en,3,PolitiFact,https://www.politifact.com/article/2020/dec/15/how-biden-managed-win-far-more-votes-2020-obama-di/,Trump Biden election
Trump got 74 million votes and there are only 133 million registered voters in the USA,en,1,USA Today,https://www.usatoday.com/story/news/factcheck/2020/12/30/fact-check-fals-president-than-were-registered-u-s/4010087001/,Trump Biden election
The 2020 presidential election was 'rigged',en,1,USA Today,https://www.usatoday.com/story/news/factcheck/2022/01/06/fact-check-donald-trump-2020-election-results/9115875002/,Trump Biden election
"""Making sure we tell the American public what the president is doing, saying he wants to cut off money for the post office so they cannot deliver mail-in ballots.”",en,3,FactCheck.org,https://www.factcheck.org/2020/06/biden-floats-baseless-election-conspiracy/,Trump Biden election
50 Cent and Ice Cube wearing Trump hats,en,1,BBC,https://www.bbc.co.uk/news/live/election-us-2020-54588859,Trump Biden election
"CNN clip shows ""HAMMER SCORECARD caught on camera in PA"" and votes getting ""taken from...Trump"" and ""given to Biden.""",en,1,FactCheck.org,https://www.factcheck.org/2020/11/bogus-theory-claims-supercomputer-switched-votes-in-election/,Trump Biden election
"Biden won fewer counties than Trump and Obama but more votes, suggesting election fraud",en,2,USA Today,https://www.usatoday.com/story/news/factcheck/2020/12/23/fact-check-biden-won-most-populous-counties-despite-winning-fewer/3992000001/,Trump Biden election
"President-elect Joe Biden ""beat crooked Hillary [Clinton] in the swing states, but she beat him everywhere else.""",en,1,FactCheck.org,https://www.factcheck.org/2020/12/trumps-bogus-swing-state-claim/,Trump Biden election
"""‘Simple Math’ Shows Biden Claims 13 MILLION More Votes Than There Were Eligible Voters Who Voted in 2020 Election""",en,1,FactCheck.org,https://www.factcheck.org/2020/12/flawed-calculation-behind-false-claim-of-fraudulent-votes/,Trump Biden election
"""They were heard by more than 80 judges across this country. And in every case, no cause or evidence was found to reverse or question or dispute the results.""",en,0,PolitiFact,https://www.politifact.com/article/2020/dec/15/fact-checking-joe-bidens-speech-after-electoral-co/,Trump Biden election
"The Texas lawsuit was ""a position so extreme, we’ve never seen it before.""",en,3,PolitiFact,https://www.politifact.com/article/2020/dec/15/fact-checking-joe-bidens-speech-after-electoral-co/,Trump Biden election
"""A few states went for recounts. All the counts were confirmed. The results in Georgia were counted three times. It didn’t change the outcome. The recount conducted in Wisconsin actually saw our margin grow.""",en,0,PolitiFact,https://www.politifact.com/article/2020/dec/15/fact-checking-joe-bidens-speech-after-electoral-co/,Trump Biden election
"""306 electoral votes is the same number of electoral votes that Donald Trump and Vice President (Mike) Pence received when they won in 2016. At the time, President Trump called his Electoral College tally a landslide.""",en,0,PolitiFact,https://www.politifact.com/article/2020/dec/15/fact-checking-joe-bidens-speech-after-electoral-co/,Trump Biden election
"""His own cybersecurity chief overseeing this election said it was the most secure in American history.""",en,0,PolitiFact,https://www.politifact.com/article/2020/dec/15/fact-checking-joe-bidens-speech-after-electoral-co/,Trump Biden election
"""They voted in record numbers. More Americans voted this year than have ever voted in the history of the United States of America.""",en,0,PolitiFact,https://www.politifact.com/article/2020/dec/15/fact-checking-joe-bidens-speech-after-electoral-co/,Trump Biden election
"RealClearPolitics ""withdraws its call of Pennsylvania for Biden.""",en,1,FactCheck.org,https://www.factcheck.org/2020/11/falsehood-tells-of-withdrawn-pennsylvania-projection/,Trump Biden election
"In Georgia, Joe Biden received 95,801 votes on ""ballots where the voter ONLY voted for President.""",en,3,FactCheck.org,https://www.factcheck.org/2020/11/faulty-claim-about-biden-only-ballots-in-georgia/,Trump Biden election
Trump won the 2020 election based on legal votes,en,1,USA Today,https://www.usatoday.com/story/news/factcheck/2020/12/01/fact-check-biden-won-several-battleground-states/6413973002/,Trump Biden election
Donald Trump leads Joe Biden in Electoral College votes.,en,1,Boom Live,https://www.boomlive.in/world/joe-biden-leads-in-electoral-college-votes-and-not-donald-trump-as-claimed-10669,Trump Biden election
"221,000 votes were switched from Donald Trump to Joe Biden Pennsylvania.",en,1,BOOM Fact Check,https://www.boomlive.in/world/trump-falsely-claims-votes-cast-for-him-in-penn-were-switched-to-biden-10646,Trump Biden election
Former Vice President Joe Biden “invented the Office of President-elect.”,en,1,FactCheck.org,https://www.factcheck.org/2020/11/biden-did-not-invent-the-office-of-president-elect/,Trump Biden election
Trump is leading in Electoral College votes,en,1,AFP Fact Check,https://factcheck.afp.com/joe-biden-not-donald-trump-leads-electoral-college-votes,Trump Biden election
"As of mid-November 2020, the U.S. presidential election remained ""far from over,"" thus enough uncertainty about the outcome remained that U.S. President Donald Trump could reasonably claim he might still be the winner.",en,2,Snopes,https://www.snopes.com/fact-check/2020-election-over/,Trump Biden election
"Joe Biden tried to destroy the life and reputation of Clarence Thomas, who is in control of the Supreme Court, which will most likely decide the election.",en,1,USA Today,https://www.usatoday.com/story/news/factcheck/2020/11/21/fact-check-its-unlikely-supreme-court-decide-election/6357180002/,Trump Biden election
There were 133 million registered voters in the 2020 US election,en,1,AFP Fact Check,https://factcheck.afp.com/doc.afp.com.33EN3WT,Trump Biden election
More than 8 million excess votes for Biden counted during the 2020 election,en,1,USA Today,https://www.usatoday.com/story/news/factcheck/2021/08/10/fact-check-8-million-excess-biden-votes-werent-counted-2020/5512962001/,Trump Biden election
Joe Biden received a fraudulent 'dump' of 143K ballots in Wisconsin in the early morning hours after Election Day 2020.,en,1,Snopes,https://www.snopes.com/fact-check/wisconsin-vote-dump/,Trump Biden election
A lawyer for former President Donald Trump released new proof of 2020 election fraud.,en,1,PolitiFact,https://www.politifact.com/factchecks/2023/jun/22/facebook-posts/new-evidence-of-fraud-in-biden-trump-election-no-t/,Trump Biden election
"Donald Trump left a letter for Joe Biden, the 46th President of the United States, at his Oval Office in The White House. The letter with Trump’s signature on The White House letterhead reads, “Joe, you know I won.”",en,1,India Today,https://www.indiatoday.in/fact-check/story/fact-check-trump-letter-needling-biden-election-victory-is-fake-1761494-2021-01-21,Trump Biden election
The Pennsylvania Supreme Court ruled that the 2020 election was rigged,en,1,USA Today,https://www.usatoday.com/story/news/factcheck/2022/11/11/fact-check-2020-election-valid-contrary-trumps-latest-claim-pennsylvania/8318157001/,Trump Biden election
"“So this is just a way they’re trying to steal the election, and everybody knows that. Because the only way they’re going to win is by a rigged election.”",en,1,PolitiFact,https://www.politifact.com/factchecks/2020/aug/24/donald-trump/donald-trump-says-joe-biden-can-only-win-rigged-el/,Trump Biden election
Image shows Hunter Biden painting 'Trump won Democrats cheated',en,3,USA Today,https://www.usatoday.com/story/news/factcheck/2021/07/16/fact-check-photo-hunter-biden-altered-trump-lost-election/7993775002/,Trump Biden election
"Joe Biden won key states in the 2020 U.S. presidential election due to fraudulent late-night ""vote dumps.""",en,1,Snopes,https://www.snopes.com/fact-check/trump-biden-vote-dumps/,Trump Biden election
“It was just Biden and Trump in 2020” general election ballots.,en,1,PolitiFact,https://www.politifact.com/factchecks/2024/nov/13/threads-posts/biden-and-trump-werent-the-only-two-presidential-c/,Trump Biden election
"221,000 votes were switched from Trump to Biden in Pennsylvania",en,1,AFP Fact Check,https://factcheck.afp.com/trump-spreads-false-claim-switched-deleted-votes,Trump Biden election
People in Germany saw this electoral map that shows Trump beating Biden with 410 electoral votes before Dominion’s servers were seized.,en,1,PolitiFact,https://www.politifact.com/factchecks/2020/dec/08/facebook-posts/map-showing-trump-winning-election-410-electoral-v/,Trump Biden election
“Biden did not win legally.”,en,1,PolitiFact,https://www.politifact.com/factchecks/2020/dec/14/facebook-posts/joe-biden-won-presidential-election-legally/,Trump Biden election
"U.S. President-elect Joe Biden created the ""Office of the President Elect"" to convince Americans the 2020 elections results were final when they weren't.",en,1,Snopes,https://www.snopes.com/fact-check/biden-president-elect-office/,Trump Biden election
"The actual electoral vote count has Donald Trump at 410, Joe Biden at 128",en,1,USA Today,https://www.usatoday.com/story/news/factcheck/2020/11/18/fact-check-fake-map-shows-trump-with-410-electoral-votes/3767048001/,Trump Biden election
"President-elect Joe Biden won 306 Electoral College votes, the same total President Donald Trump won in 2016.",en,2,Snopes,https://www.snopes.com/fact-check/biden-306-electoral-votes/,Trump Biden election
President Donald Trump leads Joe Biden in the presidential contest,en,1,USA Today,https://www.usatoday.com/story/news/factcheck/2020/12/09/fact-check-joe-biden-has-already-secured-enough-electors-win/3831296001/,Trump Biden election
"""The real electoral map"" shows Donald Trump leading Joe Biden in electoral votes.",en,1,PolitiFact,https://www.politifact.com/factchecks/2020/nov/12/facebook-posts/trump-does-not-have-more-electoral-votes-biden/,Trump Biden election
What will happen in Donald Trump’s New York state criminal case now that he is president-elect?,en,3,FactCheck.org,https://www.factcheck.org/2024/11/trumps-new-york-case-what-happens-now/,Donald Trump conviction
"""I'm supposed to go to jail for 187 years,"" for the 34-count felony conviction in New York state.",en,1,FactCheck.org,https://www.factcheck.org/2024/05/qa-on-trumps-criminal-conviction/,Donald Trump conviction
"Trump had convictions ‘overturned’ as of Oct. 10, awarded $500 million",en,1,USA Today,https://www.usatoday.com/story/news/factcheck/2024/10/16/donald-trump-conviction-overturned-false-fact-check/75699912007/,Donald Trump conviction
New York Supreme Court Justice Juan Merchan wouldn’t allow Donald Trump’s defense team to use an “advice of counsel” defense.,en,1,FactCheck.org,https://www.factcheck.org/2024/05/trumps-repeated-claims-on-his-new-york-hush-money-trial/,Donald Trump conviction
"“[E]very single legal scholar and expert said this is no case,” referring to the ""hush money"" case against former President Donald Trump in New York criminal court.",en,3,FactCheck.org,https://www.factcheck.org/2024/05/trumps-repeated-claims-on-his-new-york-hush-money-trial/,Donald Trump conviction
New York Supreme Court Justice Juan Merchan “wouldn’t let” Donald Trump’s defense team call campaign finance expert Bradley Smith as a witness.,en,1,FactCheck.org,https://www.factcheck.org/2024/05/trumps-repeated-claims-on-his-new-york-hush-money-trial/,Donald Trump conviction
"“Every time I speak to you, you ask me simple questions. I’m not allowed to give you the answer because I’m gagged by the judge,"" New York Supreme Court Justice Juan Merchan",en,3,FactCheck.org,https://www.factcheck.org/2024/05/trumps-repeated-claims-on-his-new-york-hush-money-trial/,Donald Trump conviction
Image shows police taking Trump into custody,en,3,USA Today,https://www.usatoday.com/story/news/factcheck/2024/05/31/ai-image-police-donald-trump-custody/73922386007/,Donald Trump conviction
Trump faces up to 187 years in prison after conviction,en,1,USA Today,https://www.usatoday.com/story/news/factcheck/2024/05/31/trump-prison-time-fact-check/73916922007/,Donald Trump conviction
Trump was found guilty by a jury stacked with Biden voters,en,1,USA Today,https://www.usatoday.com/story/news/factcheck/2024/06/28/trump-jury-party-biden-voters-claim-fact-check/74209442007/,Donald Trump conviction
Jury in Trump hush money trial did not need a unanimous verdict to convict,en,1,USA Today,https://www.usatoday.com/story/news/factcheck/2024/05/31/trump-guilty-verdict-required-unanimous-jury-fact-check/73917128007/,Donald Trump conviction
"‘All charges’ in Trump hush money case 'dropped' as of Nov. 19, 2024",en,1,USA Today,https://www.usatoday.com/story/news/factcheck/2024/11/21/judge-merchan-trump-hush-money-case-dropped-fact-check/76453902007/,Donald Trump conviction
Post implies video of crowd celebrating Trump’s conviction is real,en,2,USA Today,https://www.usatoday.com/story/news/factcheck/2024/05/31/trump-conviction-celebration-edited-fact-check/73924635007/,Donald Trump conviction
Fox News didn't report on Trump's guilty verdict in hush money case,en,1,USA Today,https://www.usatoday.com/story/news/factcheck/2024/05/31/trumps-historic-guilty-verdict-reported-by-fox/73921040007/,Donald Trump conviction
"Former President Donald Trump was found guilty in the New York criminal trial ""by a jury stacked with Biden voters.""",en,3,FactCheck.org,https://www.factcheck.org/2024/07/tucker-carlson-post-makes-unsupported-claim-about-trump-jurors/,Donald Trump conviction
New York Judge Juan M. Merchan told the jury in former President Donald Trump’s hush money trial that they don’t need a unanimous verdict to convict Trump.,en,1,AP News,https://apnews.com/article/fact-check-trump-trial-jury-unanimous-verdict-679053515836,Donald Trump conviction
Donald Trump loses post-presidency perks if he's impeached,en,1,USA Today,https://www.usatoday.com/story/news/factcheck/2021/01/14/fact-check-donald-trump-loses-presidency-perks-if-removed-jan-20/6615505002/,Donald Trump conviction
"Michael Cohen, a former personal attorney to Donald Trump, “took back everything he said in court,” leaving New York state with no civil case against Trump for business fraud.",en,1,FactCheck.org,https://www.factcheck.org/2024/01/trump-distorts-the-facts-about-his-new-york-civil-trial/,Donald Trump conviction
The lawyers for the New York Attorney General’s office “don’t have any evidence against us.”,en,3,FactCheck.org,https://www.factcheck.org/2024/01/trump-distorts-the-facts-about-his-new-york-civil-trial/,Donald Trump conviction
"""We won this case already in the court of appeals, the court of appeals voted in favor of us, but this judge has been very, very slow to accept that opinion.""",en,1,FactCheck.org,https://www.factcheck.org/2024/01/trump-distorts-the-facts-about-his-new-york-civil-trial/,Donald Trump conviction
New Jersey suspended Trump's liquor license after criminal conviction,en,1,USA Today,https://www.usatoday.com/story/news/factcheck/2024/06/14/new-jersey-trump-liquor-licenses-fact-check/74085421007/,Donald Trump conviction
"Under the Manhattan hush money case, I'm ""supposed to go to jail for 187 years""",en,3,PolitiFact,https://www.politifact.com/article/2024/may/31/fact-checking-trumps-speech-at-trump-tower-after-n/,Donald Trump conviction
"""It’s only a misdemeanor.""",en,2,PolitiFact,https://www.politifact.com/article/2024/may/31/fact-checking-trumps-speech-at-trump-tower-after-n/,Donald Trump conviction
Trump 'faces up to 4 years in prison’ at Jan. 10 sentencing,en,2,USA Today,https://www.usatoday.com/story/news/factcheck/2025/01/06/trump-merchan-prison-sentence-fact-check/77484423007/,Donald Trump conviction
"""Trump can’t be on the Texas ballot because of our state constitution.""",en,1,PolitiFact,https://www.politifact.com/factchecks/2024/jun/14/threads-posts/the-false-claim-that-trumps-felony-conviction-bars/,Donald Trump conviction
There have been 317 criminal indictments under three recent Republican presidents and only three indictments under three recent Democratic presidents.,en,0,PolitiFact,https://www.politifact.com/factchecks/2020/jan/09/facebook-posts/many-more-criminal-indictments-under-trump-reagan-/,Donald Trump conviction
Merchan was ‘fired’ after jury in Trump trial illegally leaked verdict,en,1,USA Today,https://www.usatoday.com/story/news/factcheck/2024/06/13/juan-merchan-not-fired-trump-verdict-claim-fact-check/74060341007/,Donald Trump conviction
Trump is now required to register as a sex offender,en,1,USA Today,https://www.usatoday.com/story/news/factcheck/2023/05/16/no-trump-is-not-required-to-register-as-a-sex-offender-fact-check/70217795007/,Donald Trump conviction
The judge in former U.S. President Donald Trump's hush-money trial told jurors they didn't have to unanimously agree on which crime Trump committed for his conviction so long as they agreed that some crime occurred.,en,1,Snopes,https://www.snopes.com/fact-check/unanimously-agree-trump-jury/,Donald Trump conviction
"""President Trump is a convicted felon, and he cannot enter UAE, UK, Canada, South Africa, Donald Trump cannot enter like 42 countries.""",en,2,VOA,https://www.voanews.com/a/nigerian-journalist-misleads-on-trump-s-ability-to-travel-internationally-/7949457.html,Donald Trump conviction
Video shows a crowd celebrating former President Donald Trump’s conviction.,en,1,PolitiFact,https://www.politifact.com/factchecks/2024/jun/03/viral-image/no-this-isnt-a-real-video-of-a-crowd-reacting-to-f/,Donald Trump conviction
"The special counsel investigation into Russia's interference in the 2016 election was ""absolutely baseless.""",en,3,FactCheck.org,https://www.factcheck.org/2020/07/trumps-misleading-spin-on-roger-stones-conviction/,Donald Trump conviction
Post implies Biden can pardon Trump,en,2,USA Today,https://www.usatoday.com/story/news/factcheck/2024/05/31/biden-trump-pardon-state-conviction-fact-check/73928037007/,Donald Trump conviction
Donald Trump ‘blew off his post-sentencing probation report’,en,1,USA Today,https://www.usatoday.com/story/news/factcheck/2024/06/12/trump-did-pre-sentencing-interview-fact-check/74063854007/,Donald Trump conviction
Image shows Trump probation officer 'Rohondra Williams',en,1,USA Today,https://www.usatoday.com/story/news/factcheck/2024/06/04/trump-probation-officer-rohondra-williams-fact-check/73959102007/,Donald Trump conviction
"In November 2016, Donald Trump stated that a candidate under federal investigation ""has no right to be running"" and that it would be ""virtually impossible"" for a president under indictment to govern.",en,0,Snopes,https://www.snopes.com/fact-check/trump-no-right-to-run/,Donald Trump conviction
U.S. President-elect Donald Trump has never been convicted of any felonies.,en,1,Snopes,https://www.snopes.com/fact-check/trump-convicted-felonies/,Donald Trump conviction
Section 3 of the 14th Amendment in the U.S. Constitution expressly specifies that a criminal conviction for insurrection is needed to disqualify a candidate from state or federal office.,en,1,Snopes,https://www.snopes.com/fact-check/trump-criminal-conviction-ballot/,Donald Trump conviction
Donald Trump can't travel to Canada because he is a convicted felon,en,1,USA Today,https://www.usatoday.com/story/news/factcheck/2024/12/13/trump-canada-conviction-ban-fact-check/76968398007/,Donald Trump conviction
Lifestyle entrepreneur Martha Stewart is the genuine author of a quote comparing her past criminal convictions to allegations of U.S. President Donald Trump's second administration engaging in insider trading.,en,3,Snopes,https://www.snopes.com/fact-check/trump-insider-trading-martha-stewart/,Donald Trump conviction
Trump not allowed to vote because Florida law bans convicted felons,en,3,Lead Stories,https://leadstories.com/hoax-alert/2024/10/fact-check-trump-can-vote-in-florida-despite-felony-conviction.html,Donald Trump conviction
A viral video authentically shows a crowd celebrating former U.S. President Donald Trump’s guilty verdict in his hush-money trial.,en,1,Snopes.com,https://www.snopes.com/fact-check/trump-guilty-verdict-video/,Donald Trump conviction
"Fox News reported on Taco Bell instead of former President Donald Trump’s conviction.
truefalse",en,1,PolitiFact,https://www.politifact.com/factchecks/2024/jun/03/viral-image/fox-news-covered-former-president-donald-trumps-co/,Donald Trump conviction
What I want to know is how did Dr. Jill Biden miss stage five metastatic cancer or is this yet another coverup???,en,1,DW.com,https://www.dw.com/en/fact-check-misinformation-after-bidens-cancer-diagnosis/a-72605716,Joe Biden health
"Prostate cancer is the easiest cancer to diagnose when it first starts and to watch it progress to bone metastases. […] For even with the most aggressive form, it is a 5-7 year journey without treatment before it becomes metastatic. [...] It is highly likely he was carrying a diagnosis of prostate cancer throughout his White House tenure and the American people were uninformed.",en,3,DW.com,https://www.dw.com/en/fact-check-misinformation-after-bidens-cancer-diagnosis/a-72605716,Joe Biden health
"“Joe Biden is currently in hospice care and is unlikely to survive the night""",en,1,FactCheck.org,https://www.factcheck.org/2024/07/online-rumors-baselessly-claim-biden-experienced-medical-emergency-after-covid-19-diagnosis/,Joe Biden health
Joe Biden's prostate cancer was caused by Covid-19 vaccination,en,3,AFP Fact Check,https://factcheck.afp.com/doc.afp.com.47GV9WD,Joe Biden health
Biden is in hospice care,en,1,USA Today,https://www.usatoday.com/story/news/factcheck/2024/07/25/biden-hospice-fact-check/74519995007/,Joe Biden health
“I don’t think there’s any doubt (Joe) Biden’s senile.”,en,1,PolitiFact,https://www.politifact.com/factchecks/2020/oct/01/brit-hume/geriatrics-experts-say-brit-humes-claim-joe-biden-/,Joe Biden health
President Joe Biden was “rushed to hospital unexpectedly.”,en,1,PolitiFact,https://www.politifact.com/factchecks/2024/mar/06/benny-johnson/joe-biden-visited-walter-reed-in-february-for-a-ph/,Joe Biden health
"“Joe Biden and Kamala Harris’ government-run health care plan… could lead to hospitals being closed, put Medicare coverage at risk, and give benefits to illegal immigrants.”",en,1,PolitiFact,https://www.politifact.com/factchecks/2020/nov/01/donald-trump/trumps-misleading-attack-bidens-health-care-plan/,Joe Biden health
"""If you like your employer-based plan, you can keep it. If you have private insurance, you can keep it.""",en,3,PolitiFact,https://www.politifact.com/article/2019/jul/18/if-you-your-plan-you-can-keep-it-bidens-healthcare/,Joe Biden health
"Democratic presidential candidate Joe Biden said U.S. taxpayers have an obligation to fund health care for 11 million ""illegal immigrants.""",en,1,Snopes,https://www.snopes.com/fact-check/biden-undocumented-healthcare/,Joe Biden health
“Mitt Romney has been asked to lead Health and Human Services in Biden administration.”,en,1,PolitiFact,https://www.politifact.com/factchecks/2020/nov/09/blog-posting/no-joe-biden-hasnt-asked-mitt-romney-be-his-health/,Joe Biden health
"""We've got over 600,000 illegal aliens with criminal records walking the streets of this nation.""",en,2,FactCheck.org,https://www.factcheck.org/2025/07/border-czar-makes-misleading-claim-about-immigrants-with-criminal-records/,US immigration border
"President Joe Biden has ""allowed an invasion to occur at our border, almost 10 million migrants have crossed into our country.""",en,2,FactCheck.org,https://www.factcheck.org/2024/02/breaking-down-the-immigration-figures/,US immigration border
"""4.2 million illegal aliens have crossed since Joe Biden became president""",en,0,The Conversation,https://theconversation.com/why-the-number-of-encounters-at-the-southern-u-s-border-does-not-mean-what-the-gop-says-it-means-191144,US immigration border
"Says Joe Biden “is restricting travel for Americans into Mexico, but is keeping the border wide open for illegal aliens to walk right into our country.”",en,1,PolitiFact,https://www.politifact.com/factchecks/2021/jul/28/tweets/us-mexico-border-not-wide-open-most-people-trying-/,US immigration border
“I hate the children being taken away. The Democrats have to change their law. That’s their law.”,en,3,The Washington Post,https://www.washingtonpost.com/news/fact-checker/wp/2018/06/19/the-facts-about-trumps-policy-of-separating-families-at-the-border/,US immigration border
“We do not have a policy of separating families at the border. Period.”,en,3,The Washington Post,https://www.washingtonpost.com/news/fact-checker/wp/2018/06/19/the-facts-about-trumps-policy-of-separating-families-at-the-border/,US immigration border
"Democrats want ""open borders.""",en,1,The New York Times,https://www.nytimes.com/2018/06/27/us/politics/fast-check-donald-trump-democrats-open-borders.html,US immigration border
Coronavirus variants in the U.S. came from migrants at the Mexico border,en,1,USA Today,https://www.usatoday.com/story/news/factcheck/2021/08/06/fact-check-covid-19-variants-not-migrants-u-s-mexico-border/5420387001/,US immigration border
Former President Donald Trump said “states should monitor women’s pregnancies and prosecute those who violate abortion bans.”,en,3,FactCheck.org,https://www.factcheck.org/2024/05/biden-twists-trumps-comments-on-tracking-pregnancies-and-punishing-women-who-get-abortions/,abortion law US
"""All legal scholars, both sides, wanted and in fact demanded"" that Roe v. Wade ""be ended.""",en,1,FactCheck.org,https://www.factcheck.org/2024/04/trumps-false-claim-about-roe/,abortion law US
"Texas law says a woman who gets an abortion in Texas faces a ""$10K fine, life in prison.”",en,1,FactCheck.org,https://www.factcheck.org/2024/02/texas-abortion-recipients-not-subject-to-penalty-contrary-to-online-claims/,abortion law US
"“90% of kids with Trisomy 18 live when given proper medical care,” in reference to the Texas abortion case.",en,2,FactCheck.org,https://www.factcheck.org/2023/12/scicheck-post-spreads-misleading-information-about-texas-abortion-case/,abortion law US
"“The fact is, today abortion law in the United States is more aligned with China and North Korea than with Western nations in Europe.”",en,1,PolitiFact,https://www.politifact.com/factchecks/2023/jul/05/mike-pence/are-us-abortion-laws-really-more-like-china-and-no/,abortion law US
"A 2002 born-alive bill had “reaffirmed” that “infanticide is already illegal in every state. ... There is no need for additional federal legislation on this topic.""",en,3,FactCheck.org,https://www.factcheck.org/2019/03/the-facts-on-the-born-alive-debate/,abortion law US
"""Senate Democrats just voted against legislation to prevent the killing of newborn infant children. The Democrat position on abortion is now so extreme that they don’t mind executing babies AFTER birth.""",en,3,FactCheck.org,https://www.factcheck.org/2019/03/the-facts-on-the-born-alive-debate/,abortion law US
Fact check/Public opinion on abortion.,en,2,Ballotpedia,https://ballotpedia.org/Fact_check/Public_opinion_on_abortion,abortion law US
"Democrats “introduced legislation that allowed abortion on demand ... up to the moment of birth.""",en,3,FactCheck.org,https://www.factcheck.org/2023/05/the-political-disagreement-over-a-health-exception-for-later-abortions/,abortion law US
"A Republican bill ""would ban abortion after 20 weeks, with no exception to protect a woman's health and no exceptions for survivors of rape and incest.""",en,1,The Washington Post,https://www.washingtonpost.com/news/fact-checker/wp/2018/02/05/do-republicans-want-to-ban-abortion-after-20-weeks-with-no-exceptions/,abortion law US
Forty-nine Democratic senators voted that it should be lawful to kill a full-term baby the moment before birth while it is still inside its mother.,en,2,AP News,https://apnews.com/article/fact-check-abortion-law-democrats-205822809847,abortion law US
“We’re one of the seven nations in the world that allow abortion on demand at 20 weeks.”,en,0,PolitiFact,https://www.politifact.com/factchecks/2022/may/13/lindsey-graham/fact-checking-lindsey-graham-us-allowing-abortions/,abortion law US
Democratic Illinois Gov. J.B. Pritzker and Illinois Democrats voted to “eliminate all restrictions on abortions up until the day of birth.”,en,1,FactCheck.org,https://www.factcheck.org/2022/09/illinois-law-doesnt-eliminate-all-restrictions-on-abortions-contrary-to-ad-from-advocacy-group/,abortion law US
Does the new New York law allow full-term abortions?,en,3,FactCheck.org,https://www.factcheck.org/2019/02/addressing-new-yorks-new-abortion-law/,abortion law US
"The Supreme Court decision overturning Roe v. Wade ""made the United States an outlier among developed nations in the world"" on abortion rights.",en,0,PolitiFact,https://www.politifact.com/factchecks/2022/jun/24/joe-biden/roe-reversal-ending-national-access-abortion-makes/,abortion law US
"“Wisconsin's archaic abortion ban is older than 20 states.""",en,0,PolitiFact,https://www.politifact.com/factchecks/2022/jun/22/tony-evers/yes-wisconsins-abortion-law-older-20-us-states/,abortion law US
"The BBC used AI to fabricate Trump's remarks on January 6, 2021",en,3,Lead Stories,https://leadstories.com/hoax-alert/2026/03/fact-check-bbc-did-not-use-ai-to-fabricate-trumps-jan-6-2021-remarks.html,January 6 Capitol
Video of anti-Iran war protest at the White House.,en,1,AFP Fact Check,https://factcheck.afp.com/doc.afp.com.A69T9NV,January 6 Capitol
"Andrew Paul Johnson, whom President Donald Trump pardoned for his participation in the Jan. 6, 2021, insurrection at the U.S. Capitol, was sentenced to life in prison for sexually abusing two children.",en,0,Snopes,https://www.snopes.com/fact-check/jan-6-trump-pardon-sex-abuse/,January 6 Capitol
"In a Jan. 6, 2026, speech at a House Republicans retreat, U.S. President Donald Trump said Democrats will force ""transgender for everyone"" if they win the 2026 midterm elections.",en,2,Snopes.com,https://www.snopes.com/fact-check/trump-democrats-transgender-everyone/,January 6 Capitol
"Some 274 undercover FBI agents were embedded in the crowd in Washington, D.C., on Jan. 6, 2021, inciting violence that resulted in the riot at the U.S. Capitol.",en,2,Snopes.com,https://www.snopes.com/fact-check/fbi-275-agents-jan-6/,January 6 Capitol
"“As it now turns out, FBI Agents were at, and in, the January 6th Protest, probably acting as Agitators and Insurrectionists, but certainly not as ‘Law Enforcement Officials.’”",en,1,AP News,https://apnews.com/article/fact-check-trump-fbi-agents-january-6-20e336e101a9ba04c3a873e52207fa86,January 6 Capitol
A federal judge in June 2025 gave the green light to a $350 million class-action lawsuit against Rep. Nancy Pelosi by 500 January 6th defendants,en,3,Lead Stories,https://leadstories.com/hoax-alert/2025/07/fact-check-nancy-pelosi-january-6-lawsuit-500-defendants-350-million.html,January 6 Capitol
"Secretary of Homeland Security Kristi Noem testified to Congress that Republicans voted to allow U.S. Immigration and Customs Enforcement (ICE) employ participants in the Jan. 6, 2021, attack on the U.S. Capitol.",en,1,Snopes,https://www.snopes.com/fact-check/noem-jan-6-ice/,January 6 Capitol
"U.S. Secretary of Homeland Security Kristi Noem ""Admitted"" under oath that Republicans voted to allow January 6th rioters to serve in ICE.",en,3,Lead Stories,https://leadstories.com/hoax-alert/2025/06/fact-check-noem-did-not-say-under-oath-j6-rioters-would-be-hired-at-ice.html,January 6 Capitol
"In response to a question about whether he was considering compensation for Jan. 6, 2021, rioters, U.S. President Donald Trump said, ""There's a lot of talk about that […] a lot of people in government really liked that group of people. They were patriots as far as I was concerned. I talk about them a lot. They were treated very unfairly.""",en,0,Snopes,https://www.snopes.com/fact-check/trump-jan-6-compensation/,January 6 Capitol
Jan. 6 rioter burned down house while destroying Taylor Swift merch,en,1,USA Today,https://www.usatoday.com/story/news/factcheck/2025/02/14/insurrectionist-burn-house-taylor-swift-fact-check/78606870007/,January 6 Capitol
Two pardoned Jan. 6 defendants were killed within 24 hours,en,1,USA Today,https://www.usatoday.com/story/news/factcheck/2025/01/31/jan-6-rioters-killed-pardons-fact-check/78063456007/,January 6 Capitol
"On Jan. 6: ""And obviously the FBI was involved, because [FBI Director Christopher] Wray admitted the FBI was. Didn’t he say 23 people, indirectly or directly were involved? And it was then 26?""",en,3,FactCheck.org,https://www.factcheck.org/2025/01/trump-justifies-j6-pardons-with-misinformation/,January 6 Capitol
"The U.S. House Select Committee that investigated the Jan. 6, 2021, attack on the U.S. Capitol “deleted and destroyed all of the information that they collected over two years.”",en,1,PolitiFact,https://www.politifact.com/factchecks/2025/jan/24/donald-trump/donald-trump-goes-too-far-in-claim-that-jan-6-comm/,January 6 Capitol
A photo shows a woman who is a “hardened criminal” and “back out on the streets” after being pardoned by President Trump for convictions relating to the US Capitol riot on 6 January 2021.,en,3,Full Fact,https://fullfact.org/online/woman-protest-kansas-trump-pardon-capitol-riot/,January 6 Capitol
"President Joe Biden pardoned Michael Byrd, the Capitol police officer who shot Ashli Babbitt during the January 6, 2021, protest.",en,3,Lead Stories,https://leadstories.com/hoax-alert/2025/01/fact-check-no-evidence-president-biden-pardoned-michael-byrd-officer-who-shot-ashli-babbitt.html,January 6 Capitol
"On Jan. 6, 2021, the day of the riot at the U.S. Capitol, then-President Donald Trump posted to followers to ""remain peaceful"" with ""no violence"" and also to ""stay peaceful"" and ""support our Capitol Police and law enforcement.""",en,2,Snopes,https://www.snopes.com/fact-check/trump-jan-6-remain-peaceful-post/,January 6 Capitol
"Says his Jan. 6, 2021, speech on the White House Ellipse drew the “same number of people,” as the 1963 March on Washington where Martin Luther King Jr. gave his “I Have a Dream” speech.",en,1,PolitiFact,https://www.politifact.com/factchecks/2024/aug/09/donald-trump/trumps-false-mlk-speech-jan-6-crowd-size/,January 6 Capitol
"On Jan. 6, 2021, U.S. Capitol “protestors carried no weapons.”",en,1,PolitiFact,https://www.politifact.com/factchecks/2024/apr/05/robert-f-kennedy-jr/rfk-jr-falsely-said-that-jan-6-protestors-carried/,January 6 Capitol
"The Jan. 6 committee “suppressed testimony” from former Deputy Chief of Staff Anthony Ornato that proves former President Donald Trump pushed for 10,000 National Guard troops at the Capitol.",en,1,PolitiFact,https://www.politifact.com/factchecks/2024/mar/19/facebook-posts/jan-6-committee-didnt-suppress-testimony-about-tru/,January 6 Capitol
"""If you take a look at those five or six tweets [on Jan. 6], you will see very beautiful, very heartwarming statements.""",en,1,The Washington Post,https://www.washingtonpost.com/politics/2024/02/08/fact-checker-trump-false-jan6-history/,January 6 Capitol
"On Jan. 6, 2021, former President Donald Trump ""watched the cops being killed.""",en,1,FactCheck.org,https://www.factcheck.org/2024/02/biden-makes-false-claim-about-jan-6-capitol-attack/,January 6 Capitol
Video shows liberals disguised as Trump supporters in Jan. 6 Capitol attack,en,1,USA Today,https://www.usatoday.com/story/news/factcheck/2024/01/12/false-claim-video-shows-liberals-planning-jan-6-attack-fact-check/72165866007/,January 6 Capitol
"A video clip shows liberals dressing up as supporters of former President Donald Trump before taking part in the Jan. 6 attack on the U.S. Capitol, proving the riot was an inside job.",en,1,AP News,https://apnews.com/article/fact-check-capitol-attack-inside-job-disguise-097468623399,January 6 Capitol
"In a speech on Jan. 6, 2021, Donald Trump told supporters to storm the U.S. Capitol to delay the constitutional process that would affirm Joe Biden’s presidency.",en,2,Snopes.com,https://www.snopes.com/fact-check/trump-speech-jan6/,January 6 Capitol
"""Why did American Disaster Liz Cheney … ILLEGALLY DELETE & DESTROY most of the evidence, and related items, from the January 6th Committee of Political Thugs and Misfits.",en,3,The Washington Post,https://www.washingtonpost.com/politics/2024/01/03/trump-says-liz-cheney-deleted-evidence-jan-6-troops-there-isnt-any/,January 6 Capitol
"""All of the information on Crazy Nancy Pelosi turning down 10,000 soldiers that I offered to to [sic] guard the Capitol Building, and beyond, is gone.”",en,3,The Washington Post,https://www.washingtonpost.com/politics/2024/01/03/trump-says-liz-cheney-deleted-evidence-jan-6-troops-there-isnt-any/,January 6 Capitol
“January 6 now does look like it was an inside job.”,en,1,PolitiFact,https://www.politifact.com/factchecks/2023/dec/07/vivek-ramaswamy/vivek-ramaswamy-said-jan-6-was-an-inside-job-at-al/,January 6 Capitol
"A video shows an Antifa flag inside the US Capitol on January 6, 2021",en,1,AFP Fact Check,https://factcheck.afp.com/doc.afp.com.346Z4EP,January 6 Capitol
"An image shows an officer smiling as he sprays a January 6, 2021 protester",en,1,AFP Fact Check,https://factcheck.afp.com/doc.afp.com.346M3DF,January 6 Capitol
"A video shows Antifa breaking US Capitol windows on January 6, 2021",en,1,AFP Fact Check,https://factcheck.afp.com/doc.afp.com.346R2N6,January 6 Capitol
"A man with an earpiece pulled people in the US Capitol on January 6, 2021",en,1,AFP Fact Check,https://factcheck.afp.com/doc.afp.com.34692ZB,January 6 Capitol
Image shows a federal agent posing as a Trump supporter during Jan. 6 riot,en,1,USA Today,https://www.usatoday.com/story/news/factcheck/2023/11/22/jan-6-security-footage-shows-rioter-not-federal-agent-fact-check/71681661007/,January 6 Capitol
"A video shows an undercover agent flashing a badge on January 6, 2021",en,1,AFP Fact Check,https://factcheck.afp.com/doc.afp.com.344744Z,January 6 Capitol
"Security camera footage from Jan. 6, 2021, shows a federal agent disguised as a supporter of then-President Donald Trump during the attack on the U.S. Capitol.",en,1,AP News,https://apnews.com/article/fact-check-capitol-attack-undercover-federal-agent-footage-636596392458,January 6 Capitol
"A ""ghost bus … filled with FBI informants dressed as Trump supporters deployed onto our Capitol on January 6th.”",en,1,PolitiFact,https://www.politifact.com/factchecks/2023/nov/21/clay-higgins/why-a-republicans-claim-about-ghost-buses-of-fbi-i/,January 6 Capitol
"Videos of Nancy Pelosi from Jan. 6, 2021, show the Capitol attack was staged.",en,1,PolitiFact,https://www.politifact.com/factchecks/2023/nov/21/instagram-posts/footage-of-nancy-pelosi-on-jan-6-2021-doesnt-prove/,January 6 Capitol
"""Derrick Van Orden is one of the only members of Congress who participated in the deadly January 6th insurrection. He now serves in the building he tried to burn down.""",en,1,PolitiFact,https://www.politifact.com/factchecks/2023/oct/11/rebecca-cooke/van-orden-seen-at-jan-6-rally-but-theres-scant-evi/,January 6 Capitol
Video shows U.S. Reps. Alexandria Ocasio-Cortez and Nancy Pelosi discussing Jan. 6 with President Joe Biden.,en,1,PolitiFact,https://www.politifact.com/factchecks/2023/oct/02/viral-image/altered-video-appears-to-show-alexandria-ocasio-co/,January 6 Capitol
"Some of those convicted for crimes related to the Jan. 6, 2021, attack on the U.S. Capitol, ""never even went into the building” and were sentenced to “many years” in prison.",en,2,FactCheck.org,https://www.factcheck.org/2023/09/factchecking-trump-on-meet-the-press/,January 6 Capitol
"On the sentencing of the former national leader of the Proud Boys to 22 years in prison for his role in the Jan. 6 attack on the U.S. Capitol: “We are witnessing a communist takeover of our judicial system to target political enemies and destroy their lives.""",en,3,FactCheck.org,https://www.factcheck.org/2023/09/the-problem-with-greenes-warning-about-communist-takeover-of-judicial-system/,January 6 Capitol
"Judge Tanya Chutkan “is the only federal judge in Washington, D.C., who has sentenced Jan. 6 defendants to sentences longer than the government had requested.”",en,1,PolitiFact,https://www.politifact.com/factchecks/2023/aug/02/jack-posopiec/no-tanya-chutkan-is-not-only-dc-judge-to-give-hars/,January 6 Capitol
Jan. 6 House committee was caught destroying records,en,1,USA Today,https://www.usatoday.com/story/news/factcheck/2023/08/21/no-congressman-did-not-say-j6-panel-destroyed-records-fact-check/70620164007/,January 6 Capitol
"Real Clips Of Pelosi, AOC, Biden Discussing January 6 Insurrection",en,1,Lead Stories,https://leadstories.com/hoax-alert/2023/06/fact-check-these-are-not-real-clips-of-pelosi-aoc-biden-discussing-january-6-insurrection.html,January 6 Capitol
"“Watching the TV footage of those who entered the Capitol. … If you didn't know the TV footage was from Jan. 6, you would actually think it was a normal tourist visit.”",en,1,PolitiFact,https://www.politifact.com/factchecks/2021/may/13/andrew-clyde/ridiculous-claim-those-capitol-jan-6-resembled-nor/,January 6 Capitol
"Videos show Antifa at the January 6, 2021 US Capitol riot",en,1,AFP Fact Check,https://factcheck.afp.com/doc.afp.com.33BA22J,January 6 Capitol
U.S. Rep. Adam Schiff said the Jan. 6 committee will “scrub” evidence before the Republicans take control of the House next year.,en,2,AP News,https://apnews.com/article/fact-check-jan-6-committee-evidence-029800966322,January 6 Capitol
"Pelosi was headed to the ""border"" but was detained at an undisclosed location due to evidence viewed by President Donald Trump at Cheyenne Mountain military base. The evidence was found on a laptop stolen from her office during the Capitol riot.",en,1,Snopes,https://www.snopes.com/fact-check/pelosi-laptop-cheyenne/,January 6 Capitol
"In January 2022, U.S. Sen. Ted Cruz described the Jan. 6, 2021, breach of the U.S. Capitol as ""a violent terrorist attack.""",en,0,Snopes.com,https://www.snopes.com/fact-check/ted-cruz-january-6-description/,January 6 Capitol
CNN leaked texts between Ginni Thomas and Mark Meadows on Jan. 6 payments,en,1,USA Today,https://www.usatoday.com/story/news/factcheck/2022/06/30/fact-check-supposed-mark-meadows-ginni-thomas-texts-satire/7703520001/,January 6 Capitol
"This satellite image shows snow-covered Korean Peninsula on January 6, 2021.",en,1,AFP Fact Check,https://factcheck.afp.com/satellite-image-was-taken-2010,January 6 Capitol
Video clip shows Trump family celebrating during Capitol riot,en,1,USA Today,https://www.usatoday.com/story/news/factcheck/2021/01/11/fact-check-video-shows-trump-family-tent-before-jan-6-rally/6616490002/,January 6 Capitol
"Video footage showing Chuck Schumer and Nancy Pelosi hiding on Jan. 6, 2021, shows the U.S. Capitol attack “was a setup.”",en,1,PolitiFact,https://www.politifact.com/factchecks/2022/oct/17/facebook-posts/video-footage-of-pelosi-and-schumer-on-jan-6-doesn/,January 6 Capitol
"""BREAKING: Bipartisan group of senators SINGLE OUT TRUMP for inciting the January 6th riots.""",en,2,FactCheck.org,https://www.factcheck.org/2021/06/facebook-post-misleads-on-bipartisan-capital-attack-report-and-interview/,January 6 Capitol
Jan. 6 video shows Jacob Chansley was led entire time by Capitol Police,en,1,USA Today,https://www.usatoday.com/story/news/factcheck/2023/03/13/fact-check-false-claim-qanon-shaman-amid-jake-angeli-jan-6-tape-reveal/11431180002/,January 6 Capitol
"In January 2021, OnlyFans removed Donald Trump's account in the aftermath of the Jan. 6 attack on the U.S. Capitol.",en,1,Snopes,https://www.snopes.com/fact-check/onlyfans-trump-ban-capitol/,January 6 Capitol
"The character Goundskeeper Willie was once depicted in an episode of ""The Simpsons"" in similar horned attire worn by one of the pro-Trump rioters in D.C. on Jan. 6, 2021.",en,1,Snopes,https://www.snopes.com/fact-check/simpsons-jake-angeli/,January 6 Capitol
"As of the morning of June 29, 2022, evidence showed the U.S. Secret Service had officially debunked ex-White House aide Cassidy Hutchinson's testimony that she gave under oath before the U.S. House Jan. 6 panel.",en,1,Snopes,https://www.snopes.com/fact-check/secret-service-debunked-hutchinson/,January 6 Capitol
"A video showed pro-Trump rioters pepper-spraying police officers during a riot at the U.S. Capitol on Jan. 6, 2021.",en,0,Snopes,https://www.snopes.com/fact-check/capitol-riot-mace-police/,January 6 Capitol
"A meme showed environmental activist Greta Thunberg in disguise as a member of the pro-Trump crowd that stormed the U.S. Capitol on Jan. 6, 2021.",en,1,Snopes,https://www.snopes.com/fact-check/greta-thunberg-capitol-rioter/,January 6 Capitol
“The January 6 committee disbanded immediately after the new footage was released.”,en,1,PolitiFact,https://www.politifact.com/factchecks/2023/mar/08/facebook-posts/no-tucker-carlsons-airing-of-jan-6-footage-wasnt-c/,January 6 Capitol
"U.S. Rep. Alexandria Ocasio-Cortez, a Democrat from New York, falsely claimed she faced rioters in the main Capitol building during the Jan. 6 insurrection.",en,1,AP News,https://apnews.com/article/fact-checking-9951968706,January 6 Capitol
"Five people died during the Jan. 6, 2021, U.S. Capitol riot.",en,0,Snopes,https://www.snopes.com/fact-check/capitol-riot-deaths/,January 6 Capitol
Freedom of Information requests show phone calls between Ray Epps and Nancy Pelosi's office before the Jan. 6 attack,en,1,USA Today,https://www.usatoday.com/story/news/factcheck/2022/08/18/fact-check-pelosis-office-ray-epps-did-not-have-calls-before-jan-6/10167077002/,January 6 Capitol
People charged in the Jan. 6 assault on the U.S. Capitol are “political prisoners” and “non-violent trespassers” who have been held in solitary confinement for the past six months.,en,1,PolitiFact,https://www.politifact.com/factchecks/2021/jul/28/instagram-posts/defendants-jan-6-capitol-riot-arent-trespassers-th/,January 6 Capitol
"Video shows police ""helped"" US Capitol rioter on January 6, 2021",en,1,AFP Fact Check,https://factcheck.afp.com/doc.afp.com.33AR8U9,January 6 Capitol
"Nancy Pelosi rejected Donald Trump's request for 10,000 National Guard troops to be deployed before Jan. 6",en,1,USA Today,https://www.usatoday.com/story/news/factcheck/2021/12/16/fact-check-no-trump-request-10000-guard-troops-jan-6/8929215002/,January 6 Capitol
Among those who stormed the U.S. Capitol on Jan 6 2021 were antifa activists posing as Trump supporters,en,3,Lead Stories,https://leadstories.com/hoax-alert/2021/01/fact-check-man-wearing-horns-with-a-tattoo-storming-the-capitol-is-not-antifa-pedophile-he-is-a-qanon-trump-supporter.html,January 6 Capitol
Says he is the ‘ranking member’ of the House select committee investigating the Jan. 6 attack on the U.S. Capitol.,en,1,PolitiFact,https://www.politifact.com/factchecks/2021/oct/25/jim-banks/indiana-congressman-signed-letter-top-republican-j/,January 6 Capitol
U.S. President Donald Trump's personal attorney Rudy Giuliani has been disbarred for his role in inciting the attack on the U.S. Capitol by Trump supporters.,en,1,Snopes,https://www.snopes.com/fact-check/rudy-giuliani-disbarred/,January 6 Capitol
"In January 2022, Vice President Kamala Harris said the Jan. 6 U.S. Capitol attack was worse than Pearl Harbor and/or 9/11.",en,1,Snopes.com,https://www.snopes.com/fact-check/kamala-harris-jan-6-attack-9-11-pearl-harbor/,January 6 Capitol
"Photos of House Speaker Nancy Pelosi's son-in-law Michiel Vos prove the insurrrectionist attack on the U.S. Capitol January 6, 2021 was a deception.",en,3,Lead Stories,https://leadstories.com/hoax-alert/2021/01/fact-check-pelosi-son-in-law-qanon-shaman.html,January 6 Capitol
"A “Capitol Invasion” Lego set that showed several well-publicized members of the Jan. 6, 2021, pro-Trump mob was released months ahead of the riots in the District of Columbia.",en,1,Snopes,https://www.snopes.com/fact-check/capitol-invasion-lego-set/,January 6 Capitol
An MSNBC clip from the night of Thursday’s hearing by the House panel investigating the Jan. 6 insurrection shows the news network “admitting Trump had nothing to do with” the event.,en,2,AP News,https://apnews.com/article/fact-check-msnbc-trump-january-6-812580682948,January 6 Capitol
"Photo of gas prices sign was taken on January 6, 2021",en,1,USA Today,https://www.usatoday.com/story/news/factcheck/2022/06/28/fact-check-cheap-gas-prices-photo-2015-not-january-6-2021/7748574001/,January 6 Capitol
The FBI “spent more time investigating” the Jan. 6 Capitol attack than 9/11.,en,1,PolitiFact,https://www.politifact.com/factchecks/2022/aug/30/facebook-posts/jan-6-capitol-attack-investigation-nowhere-near-le/,January 6 Capitol
Nancy Pelosi was in charge of Capitol Police on Jan. 6,en,1,USA Today,https://www.usatoday.com/story/news/factcheck/2021/07/27/fact-check-nancy-pelosi-isnt-in-charge-capitol-police/8082088002/,January 6 Capitol
"The last man to attack the US Capitol, prior to the events on 6 January 2021, was a British Army Major General from Northern Ireland, in 1814.",en,0,FactCheckNI,https://factcheckni.org/topics/peace/was-british-army-general-robert-ross-the-last-man-to-attack-the-us-capitol/,January 6 Capitol
"“During the attack on the Capitol, supporters of Donald Trump used the Russian language.”",en,1,VOA,https://www.voanews.com/a/no-russian-chants-at-capitol-riot/6742753.html,January 6 Capitol
"It was impossible or difficult for President Donald Trump to reach the steering wheel of the vehicle he was riding in on January 6, 2021.",en,3,Lead Stories,https://leadstories.com/hoax-alert/2022/06/fact-check-suv-trump-was-riding-in-did-not-have-glass-partition-blocking-him-from-steering-wheel-on-january-6-2021.html,January 6 Capitol
"Two Jan. 6, 2021, tweets that the “highly partisan January 6th Committee” tried to hide have now been “fully restored” by Twitter and ""fully exonerate me.""",en,3,FactCheck.org,https://www.factcheck.org/2023/02/trumps-dubious-claim-about-hidden-tweets-exonerating-him-for-jan-6-capitol-attack/,January 6 Capitol
Vice President Mike Pence was arrested on Jan. 6,en,1,USA Today,https://www.usatoday.com/story/news/factcheck/2021/01/07/fact-check-posts-falsely-claim-vice-president-mike-pence-arrested/6574866002/,January 6 Capitol
"Google Maps and Apple's mapping app declined to give directions to Washington, D.C. to prevent Trump supporters from attending Jan. 6, 2020 rallies.",en,3,Lead Stories,https://leadstories.com/hoax-alert/2021/01/fact-check-apple-maps-and-google-maps-directions-to-washington-dc-are-not-down.html,January 6 Capitol
Why was nobody arrested inside of the Capitol on January 6th if a crime was being committed,en,3,Lead Stories,https://leadstories.com/hoax-alert/2022/07/fact-check-crimes-committed-and-arrests-were-made-inside-the-capitol-building-on-january-6-2021.html,January 6 Capitol
Image shows Paul Pelosi's attacker filming the Jan. 6 attack on the Capitol,en,1,USA Today,https://www.usatoday.com/story/news/factcheck/2022/11/03/fact-check-image-alleged-paul-pelosi-attacker-2013-david-depape-jan-6/8247094001/,January 6 Capitol
"“Donald Trump authorized up to 20,000 National Guard troops to protect the Capitol"" before Jan. 6, 2021, but was ""rejected"" by Nancy Pelosi and Chuck Schumer.",en,1,PolitiFact,https://www.politifact.com/factchecks/2022/jun/13/sean-hannity/no-evidence-pelosi-rejected-trumps-authorization-2/,January 6 Capitol
"U.S. Vice President Mike Pence unfollowed President Donald Trump following Jan. 6, 2021, riots in Washington, D.C.",en,1,Snopes,https://www.snopes.com/fact-check/pence-trump-twitter-jan-6-riots/,January 6 Capitol
"A ""known antifa member"" was paid $70,000 for his video of the Jan. 6 Capitol riot",en,1,USA Today,https://www.usatoday.com/story/news/factcheck/2021/07/29/fact-check-john-sullivan-not-antifa-member-jan-6-capitol-riot/5405679001/,January 6 Capitol
"House Speaker Nancy Pelosi, who is in charge of overseeing the Capitol Police, is responsible for security failures that allowed the Jan. 6 insurrection at the U.S. Capitol to happen.",en,1,AP News,https://apnews.com/article/fact-checking-9909210228,January 6 Capitol
"A permanent perimeter fence is planned for the U.S. Capitol in response to the Jan. 6, 2021, insurrection.",en,2,Snopes,https://www.snopes.com/fact-check/us-capitol-security-fence/,January 6 Capitol
"Conservative commentator Ben Shapiro tweeted: “Literally every regular human I know owns zip ties,” amid discussion about rioters carrying zip cuffs at the U.S. Capitol insurrection.",en,0,Snopes,https://www.snopes.com/fact-check/ben-shapiro-zip-ties-capitol/,January 6 Capitol
"A photograph shows a rioter holding a lectern (which some bystanders referred to as a podium) inside the U.S. Capitol on Jan. 6, 2021.",en,0,Snopes,https://www.snopes.com/fact-check/capitol-riot-podium/,January 6 Capitol
"Only one film is scheduled to play at many major movie theaters nationwide from Jan. 7-8, and this may be related to a Jan. 6 news conference planned by former President Donald Trump.",en,1,AP News,https://apnews.com/article/fact-checking-979651194253,January 6 Capitol
"Apple disabled directions to Washington, D.C., in preparation for Jan. 6 protests against the certification of the 2020 presidential election.",en,1,Snopes,https://www.snopes.com/fact-check/apple-blocked-directions-capitol/,January 6 Capitol
"A U.S. Capitol Police officer posed for a photograph with a member of the pro-Trump mob that stormed the federal building on Jan. 6, 2021.",en,0,Snopes,https://www.snopes.com/fact-check/capitol-police-selfie/,January 6 Capitol
A photograph shows U.S. Rep. Lauren Boebert with a group of insurrectionists on the steps of the U.S. Capitol the day before the Jan. 6 riot.,en,3,Snopes.com,https://www.snopes.com/fact-check/lauren-boebert-capitol-steps/,January 6 Capitol
"A ""previously censored video"" shows ""ANTIFA members"" dressing up as supporters of Donald Trump in Washington, D.C. on January 6, 2021.",en,3,Lead Stories,https://leadstories.com/hoax-alert/2023/03/fact-check-previously-censored-video-does-not-show-antifa-members-dressing-as-trump-supporters-on-january-6-2021.html,January 6 Capitol
Genuine video of Indian soldier trapped in Ukraine war,en,1,AFP Fact Check,https://factcheck.afp.com/doc.afp.com.86TW2T4,Russia Ukraine war
Fact check: Viral video showing explosion not related to Russia-Ukraine war,en,2,Lighthouse Journalism,https://www.lighthousejournalism.com/world/fact-check-viral-video-showing-explosion-not-related-to-russia-ukraine-war-4453/,Russia Ukraine war
The video shows massive explosions in Moscow during the recent June 2025 Russia-Ukraine conflict.,en,2,FACTLY,https://factly.in/a-compilation-of-two-old-videos-from-crimea-is-falsely-shared-as-that-of-explosions-in-moscow-during-the-ongoing-june-2025-russia-ukraine-conflict/,Russia Ukraine war
"NATO has allegedly deceived and disrespected Russia by expanding into Eastern Europe, threatening Moscow's interests. That, at least, is how the Kremlin has justified its war in Ukraine. But is there any truth to it?",en,1,DW.com,https://www.dw.com/en/nato-expansion-east-russia-putin-ukraine/a-73030670,Russia Ukraine war
The video shows that Ukraine destroyed 40 Russian nuclear-capable bombers in a drone strike on Russian airbases in June 2025.,en,1,FACTLY,https://factly.in/gaming-simulation-video-is-falsely-shared-as-real-footage-of-the-ongoing-june-2025-russia-ukraine-conflict/,Russia Ukraine war
"Claim: A viral post on Xallegedly shows ""[f]irst images of the truck driver at Irkutsk airbase"" — it includes a photo of what's made to look like an ID card from Ukraine.",en,1,DW.com,https://www.dw.com/en/fact-check-posts-dont-show-recent-drone-attacks-in-russia-ukraine-war/a-72764181,Russia Ukraine war
"Claim: This video allegedly shows a Russian Iskinder missile hitting targets in Ukraine. ""It's Just beginning,"" a social media user writes in this post on X with 2 million views.",en,1,DW.com,https://www.dw.com/en/fact-check-posts-dont-show-recent-drone-attacks-in-russia-ukraine-war/a-72764181,Russia Ukraine war
Video shows London rally backing Trump's efforts to end war in Ukraine.,en,1,AFP Fact Check,https://factcheck.afp.com/doc.afp.com.36ZP4UA,Russia Ukraine war
"""Zelenskyy said he would quickly make peace with Russia, but instead, he started a war.""",en,1,VOA,https://www.voanews.com/a/russia-uk-ambassador-falsely-claims-zelenskyy-started-russia-ukraine-war/7987874.html,Russia Ukraine war
Ukraine ‘should have never started it’Russia Ukraine WarUKRAINE-CRISIS/WHAT TRUMP SAID,en,3,AP News,https://apnews.com/article/ukraine-russia-trump-war-zelenskyy-putin-7fe8c0c80b4e93e3bc079c621a44e8bb,Russia Ukraine war
"Ukrainian President Volodymyr Zelenskyy said the U.S. will have ""to send their sons and daughters"" to die for Ukraine after having a heated exchange with U.S. President Donald Trump at the White House in February 2025.",en,3,Snopes,https://www.snopes.com/fact-check/zelenskyy-us-ukraine-war-quote/,Russia Ukraine war
"Zelenskyy ""went to Pennsylvania and campaigned for the opposition in October.""",en,2,PolitiFact,https://www.politifact.com/article/2025/feb/28/trump-vance-and-zelenskyys-tense-oval-office-meeti/,Russia Ukraine war
The U.S. has given Ukraine “$350 billion” for the war with Russia gave “$200 billion more than Europe.”,en,1,FactCheck.org,https://www.factcheck.org/2025/02/trumps-false-and-misleading-ukraine-claims/,Russia Ukraine war
"""Let me stress once again, so that no one accuses us of nuclear saber-rattling: this is a policy of nuclear deterrence.""",en,2,VOA,https://www.voanews.com/a/putin-claims-russia-is-not-engaged-in-nuclear-saber-rattling-voa-counts-135-nuclear-threats-in-3-years-/7908649.html,Russia Ukraine war
"""[T]he figures announced with regard to losses on both sides, it is obvious that they were presented in the Ukrainian interpretation … Ukraine’s losses are multiple times higher than those of Russia.”",en,1,VOA,https://www.voanews.com/a/kremlin-falsely-claims-trump-report-of-600-000-russian-casualties-in-ukraine-came-from-kyiv/7899293.html,Russia Ukraine war
"“[W]e have always recognized the borders of Ukraine within the framework of our agreements after the collapse of the Soviet Union. … But later, as is known, the Ukrainian leadership amended the Basic Law and announced its desire to join the North Atlantic Treaty Organization, and we did not agree to this.”",en,1,VOA,https://www.voanews.com/a/putin-justifies-war-in-ukraine-by-accusing-kyiv-of-violating-a-treaty-moscow-violated-repeatedly/7861987.html,Russia Ukraine war
“This [North Korean troop deployment to Russia's war in Ukraine] seems yet another information canard.”,en,1,VOA,https://www.voanews.com/a/kremlin-denies-falsely-north-korean-military-joining-russia-war-in-ukraine/7826328.html,Russia Ukraine war
“Iran has NOT delivered ballistic missiles to Russia. Period.”,en,1,VOA,https://www.voanews.com/a/iran-denies-delivering-ballistic-missiles-aid-to-moscow-s-ukraine-war-effort/7783007.html,Russia Ukraine war
Russia Declares War Against The USA!!,en,2,Fact Crescendo Sri Lanka,https://srilanka.factcrescendo.com/english/did-russia-declare-war-against-the-usa/,Russia Ukraine war
General Kamal Gunarathna Said He Is Unaware That Retired Sri Lankan Soldiers Joining The Ukraine-Russia Conflict !!,en,1,Fact Crescendo Sri Lanka,https://srilanka.factcrescendo.com/english/general-kamal-gunarathna-didnt-say-he-is-unaware-that-retired-sri-lankan-soldiers-joining-the-ukraine-russia-conflict/,Russia Ukraine war
France sent troops to fight in the Russia-Ukraine war.,en,1,AP News,https://apnews.com/article/fact-check-french-troops-russia-ukraine-deployed-994039088319,Russia Ukraine war
"“Then the Russians go in. They don’t send a big army. They only send 40,000 people. It’s a nation of 44 million people. They clearly do not intend to conquer Ukraine, but they want us back at the negotiating table.”",en,1,The Washington Post,https://www.washingtonpost.com/politics/2024/05/08/rfk-jrs-history-lesson-russias-invasion-ukraine-flunks-fact-test/,Russia Ukraine war
"“When the wall came down in the Soviet Union and Europe, [Soviet President Mikhail] Gorbachev destroyed himself politically by doing something that was very, very courageous. He went to [President George H.W.] Bush. He said, ‘I’m going to allow you to reunify Germany under a NATO army. I’m going to remove 450,000 Soviet troops. But I want your commitment. After that, you will not move NATO one inch to the east.’ And we solemnly swore that we wouldn’t do it.”",en,1,The Washington Post,https://www.washingtonpost.com/politics/2024/05/08/rfk-jrs-history-lesson-russias-invasion-ukraine-flunks-fact-test/,Russia Ukraine war
"“Well, then in ’97, Zbigniew Brzezinski, he was the first of the neocons, said, ‘We’re going to move NATO a thousand miles to the east and take 15 countries into it and surround the Soviet Union.’”",en,1,The Washington Post,https://www.washingtonpost.com/politics/2024/05/08/rfk-jrs-history-lesson-russias-invasion-ukraine-flunks-fact-test/,Russia Ukraine war
"“We then overthrow the Ukraine government, in 2014, their elected government, and put in a Western sympathetic government.”",en,3,The Washington Post,https://www.washingtonpost.com/politics/2024/05/08/rfk-jrs-history-lesson-russias-invasion-ukraine-flunks-fact-test/,Russia Ukraine war
"“And we put Aegis missile systems in Romania and Poland, twelve minutes from Moscow. When Russians did that to Cuba in ’62, we came this close to nuclear war until they removed them. So the Russians don’t want nukes 400 miles from Moscow.”",en,1,The Washington Post,https://www.washingtonpost.com/politics/2024/05/08/rfk-jrs-history-lesson-russias-invasion-ukraine-flunks-fact-test/,Russia Ukraine war
This video shows the damage caused to an Israeli airbase by Iran’s April 14 attack.,en,1,India Today,https://www.indiatoday.in/fact-check/story/fact-check-old-video-from-russia-ukraine-war-viral-as-iran-attack-on-israeli-airbase-2528761-2024-04-18,Russia Ukraine war
A photo shows a Ukrainian soldier from the Azov Regiment who lost both legs and his left arm in the Russia-Ukraine war giving the Nazi salute.,en,1,AP News,https://apnews.com/article/fact-check-ukrainian-soldier-photo-nazi-salute-863799988341,Russia Ukraine war
The image shows a fire at a Russian oil refinery following an attack by Ukraine.,en,1,India Today,https://www.indiatoday.in/fact-check/story/digitally-made-photo-of-fire-viral-as-ukrainian-attack-on-russia-vladimir-putin-2516784-2024-03-19,Russia Ukraine war
Zelenskyy told US leaders to 'stop crying' over Ukraine war funding,en,1,USA Today,https://www.usatoday.com/story/news/factcheck/2023/12/19/zelenskyy-didnt-tell-americans-to-stop-crying-over-aid-fact-check/71937804007/,Russia Ukraine war
Less than 48 hours after Israel was attacked “we have hundreds of hours worth of footage but zero footage from the Ukraine war.”,en,1,PolitiFact,https://www.politifact.com/factchecks/2023/oct/13/instagram-posts/claim-that-theres-zero-footage-from-the-ukraine-wa/,Russia Ukraine war
Video shows protest in Montreal over Canada's plans to fund Ukraine war,en,1,AFP Fact Check,https://factcheck.afp.com/doc.afp.com.33X89DA,Russia Ukraine war
Ukraine military ordered all women ages 18 to 60 to “report for duty” as of Oct. 1.,en,2,FactCheck.org,https://www.factcheck.org/2023/10/online-video-misrepresents-ukraines-conscription-of-women-in-war-with-russia/,Russia Ukraine war
A video showing a beach club in Kyiv proves the war in Ukraine is “fake.”,en,1,AP News,https://apnews.com/article/fact-check-video-ukraine-war-beach-party-413915632670,Russia Ukraine war
"“We [the United States] put a new government in [Ukraine] that immediately makes a civil war against the Russian population of Donbas, bans the Russian language, kills 14,000 of them...”",en,1,VOA,https://www.voanews.com/a/fact-check-robert-kennedy-jr-repeats-russia-s-false-justification-for-ukraine-war-/7138506.html,Russia Ukraine war
Photo shows US soldiers who recently died in Kiev due to the ongoing war between Russia and Ukraine.,en,1,Boom Live,https://www.boomlive.in/fact-check/viral-photo-united-states-soldiers-coffins-ukraine-old-photo-social-media-22151,Russia Ukraine war
Viral image shows two children 'paying their respect' to Ukrainian troops amid the ongoing Russia Ukraine troops.,en,1,Newschecker,https://newschecker.in/fact-check/old-image-children-paying-respect-to-ukrainian-troops,Russia Ukraine war
AI121 sent to rescue Indians in Ukraine on Febuary 24,en,1,Alt News,https://www.altnews.in/air-india-flight-in-war-tone-ukraine-no-misinfo-believed-to-be-true/,Russia Ukraine war
The war in Ukraine is over,en,1,USA Today,https://www.usatoday.com/story/news/factcheck/2022/12/21/fact-check-russia-ukraine-war-continues-contrary-post/10927862002/,Russia Ukraine war
Pictures of simulated traumatic injuries for first aid training is proof the war in Ukraine is being staged.,en,3,Lead Stories,https://leadstories.com/hoax-alert/2022/11/fact-check-these-are-not-staged-photos-taken-during-russias-war-in-ukraine.html,Russia Ukraine war
Video shows Western media faking civilian deaths in the war in Ukraine,en,1,AFP Fact Check,https://factcheck.afp.com/doc.afp.com.324674P,Russia Ukraine war
This heartbreaking photo of an injured child is from the ongoing Russia-Ukraine war.,en,1,India Today,https://www.indiatoday.in/fact-check/story/heartbreaking-photo-of-injured-child-from-syrian-war-shared-as-victim-of-russia-ukraine-conflict-1917970-2022-02-25,Russia Ukraine war
Latest news report of the ‘Republic Bharat’ channel informing the possibility of a ‘Dirty Bomb’ attack in the ongoing Russia-Ukraine war,en,2,FACTLY,https://factly.in/old-republic-bharat-news-report-shared-as-recent-news-on-the-russia-ukraine-conflict/,Russia Ukraine war
Footage of a person moving under a “body bag” shows misleading news coverage of the war in Ukraine.,en,1,AP News,https://apnews.com/article/fact-checking-789622514314,Russia Ukraine war
"“Crimea is part of the Russian Federation, with all the consequences this entails. Russia doesn’t have to leave Donbas soil since it had never entered there.”",en,1,VOA,https://www.voanews.com/a/6742368.html,Russia Ukraine war
Photos of an apartment building in Kyiv are evidence the war in Ukraine “is fake.”,en,1,PolitiFact,https://www.politifact.com/factchecks/2023/feb/27/viral-image/the-war-in-ukraine-isnt-fake-and-these-photos-dont/,Russia Ukraine war
The war in Ukraine is “scripted and staged.”,en,1,PolitiFact,https://www.politifact.com/factchecks/2022/mar/04/facebook-posts/evidence-russias-war-ukraine-plentiful-and-proves-/,Russia Ukraine war
Heartbreaking video of children orphaned during the ongoing Ukraine-Russia war.,en,0,India Today,https://www.indiatoday.in/fact-check/story/heartbreaking-video-orphaned-children-ukraine-russia-conflict-1923984-2022-03-10,Russia Ukraine war
Video shows people “staging” Ukraine war footage.,en,1,AP News,https://apnews.com/article/fact-check-Ukraine-war-film-Hope-261239614515,Russia Ukraine war
Video Does Prove Government and Media Lies About War In Ukraine,en,3,Lead Stories,https://leadstories.com/hoax-alert/2022/04/fact-check-video-does-not-prove-government-media-lies-about-war-in-ukraine.html,Russia Ukraine war
Photo shows child whose parents died in the war in Ukraine,en,1,USA Today,https://www.usatoday.com/story/news/factcheck/2022/03/18/fact-check-image-toddler-2015-video-not-ukraine-war/7061215001/,Russia Ukraine war
Video showing people dancing at a bar in Kyiv proves the war in Ukraine is fake,en,1,USA Today,https://www.usatoday.com/story/news/factcheck/2022/09/21/fact-check-ukraine-war-real-despite-video-dancing-kyiv-bar/8004366001/,Russia Ukraine war
Video shows an emotional soldier recording a video during the Ukraine-Russia war.,en,1,The Quint,https://www.thequint.com/news/webqoof/dialing-film-emotional-soldier-in-russia-ukraine-war-fact-check,Russia Ukraine war
A video shows air missile strikes and fighter jet attacks in the Russia-Ukraine conflict.,en,1,Rappler,https://www.rappler.com/newsbreak/fact-check/video-air-missile-fighter-jet-attacks-russia-ukraine-conflict/,Russia Ukraine war
"The Philippines will ""take a neutral stance"" on the Ukraine-Russia war.",en,3,VERA Files,https://verafiles.org/articles/vera-files-fact-check-incoming-security-adviser-clarita-carlos-contradicts-marcos-jr-s-latest-stance-on-ukraine-russia-war,Russia Ukraine war
Footage shows an American C-17 military transport plane landing on an airstrip in Ukraine.,en,1,BBC,https://www.bbc.co.uk/news/56772297,Russia Ukraine war
A US M1 Abrams tank has been unloaded in Ukraine,en,1,BBC,https://www.bbc.co.uk/news/56772297,Russia Ukraine war
Images show Ukraine's President Volodymyr Zelenskyy joining troops amid Russia-Ukraine conflict.,en,1,The Quint,https://www.thequint.com/news/webqoof/old-images-ukraine-president-volodymyr-zelenskyy-amid-russia-attack-fact-check,Russia Ukraine war
Video of a weapon system successfully gunning down a fighter jet shows an incident in the ongoing Russia-Ukraine conflict.,en,1,VERA Files,https://verafiles.org/articles/vera-files-fact-check-video-game-footage-given-false-ukraine,Russia Ukraine war
The video shows Ukrainian President Volodymyr Zelenskyy surrendering amid the ongoing Russia-Ukraine war.,en,1,The Quint,https://www.thequint.com/news/webqoof/deep-fake-of-ukraine-president-volodymyr-zelenskyy,Russia Ukraine war
The viral video of moving corpse shows a media report about the Russia-Ukraine war,en,1,NewsMobile,https://www.newsmobile.in/nm-fact-checker/fact-check-does-the-viral-video-show-fake-dead-bodies-of-ukrainians/,Russia Ukraine war
Sean Penn's pre-war Ukraine visit is evidence of propaganda,en,2,USA Today,https://www.usatoday.com/story/news/factcheck/2022/03/11/fact-check-russia-ukraine-conflict-predates-sean-penns-documentary/6988714001/,Russia Ukraine war
The video compilation shows Ukraine-Russia war visuals.,en,1,The Quint,https://www.thequint.com/news/webqoof/russia-ukraine-war-visuals-fact-check,Russia Ukraine war
Video shows leaked footage of Russia Ukraine war.,en,1,The Quint,https://www.thequint.com/news/webqoof/leaked-footage-russia-ukraine-war-afghanistan-kandahar-fact-check,Russia Ukraine war
Visuals showing the Russia-Ukraine conflict,en,1,Alt News,https://www.altnews.in/video-made-using-cgi-shared-as-russia-ukraine-conflict/,Russia Ukraine war
Recent pictures of the Russia-Ukraine war,en,2,FACTLY,https://factly.in/these-painful-visuals-do-not-show-the-consequences-of-the-current-russia-ukraine-crisis/,Russia Ukraine war
Ukraine’s First Female Fighter Pilot Natasha Perakov Died In Russia-Ukraine Conflict,en,3,Lead Stories,https://leadstories.com/hoax-alert/2022/03/fact-check-ukraines-first-female-fighter-pilot-natasha-perakov-did-not-die-in-russia-ukraine-conflict.html,Russia Ukraine war
"CNN report is “Obviously fake footage about the Ukrainian ‘war’.""",en,1,FactCheck.org,https://www.factcheck.org/2022/03/cnn-video-shows-canadian-fire-gear-donated-to-ukraine-not-fake-footage/,Russia Ukraine war
"Video Shows Conflict Between Russia,Ukraine",en,3,Lead Stories,https://leadstories.com/hoax-alert/2022/02/fact-check-video-does-not-show-conflict-between-russia-ukraine.html,Russia Ukraine war
Video shows a Russian ship being hit by missiles amid the ongoing war in Ukraine.,en,1,India Today,https://www.indiatoday.in/fact-check/story/russia-lost-ships-against-ukraine-decommissioned-us-vessel-not-one-1962417-2022-06-14,Russia Ukraine war
“A real war has once again been unleashed against our Motherland.”,en,1,VOA,https://www.voanews.com/a/fact-check-wanted-for-war-crimes-putin-claims-victimhood-in-war-he-waged-on-ukraine/7087382.html,Russia Ukraine war
"""We can only - for a hundredth time - repeat that Russia is in no shape or form a party of the conflict"" in Ukraine.",en,1,VOA,https://www.voanews.com/a/russia-ukraine-military-presence-kremlin/6741542.html,Russia Ukraine war
Ongoing Russia – Ukraine conflict visuals,en,2,FACTLY,https://factly.in/old-and-unrelated-war-visuals-are-passed-off-as-russia-ukraine-conflict-visuals/,Russia Ukraine war
Images show Ukraine war is fake,en,1,AFP Fact Check,https://factcheck.afp.com/doc.afp.com.33AP82J,Russia Ukraine war
"“Russian muftis expressed support for the special operation in Ukraine and called it a forced preventive defensive measure, ‘based on the Holy Quran’.”",en,1,VOA,https://www.voanews.com/a/fact-check-russian-islamic-scholars-falsely-call-ukraine-war-defensive-/6743318.html,Russia Ukraine war
Image shows BBC reporter pretending to be on the front line in Ukraine,en,1,USA Today,https://www.usatoday.com/story/news/factcheck/2022/10/14/fact-check-bbc-journalist-reported-ukrainian-city-under-attack/8219892001/,Russia Ukraine war
Photo of unbroken windows proves war in Ukraine is fake.,en,1,PolitiFact,https://www.politifact.com/factchecks/2022/apr/27/viral-image/no-photo-intact-windows-bucha-doesnt-prove-war-ukr/,Russia Ukraine war
"Zelenskyy, Putin Threatened To Send Troops To Ghana’s Border For ‘Jokes’ About Russia-Ukraine War",en,3,Lead Stories,https://leadstories.com/hoax-alert/2022/03/fact-check-neither-zelenskyy-nor-putin-threatened-to-send-troops-to-ghanas-border-for-jokes-about-russia-ukraine-war.html,Russia Ukraine war
Photo shows a BBC reporter pretending to be on the frontlines of the Russia-Ukraine war while a woman stands casually in the background with a shopping bag.,en,1,AP News,https://apnews.com/article/fact-check-bbc-report-ukraine-russia-war-image-044739115653,Russia Ukraine war
Territorial disputes are not the root cause of Russia’s attack on Ukraine.,en,2,Rappler,https://www.rappler.com/newsbreak/fact-check/territorial-disputes-not-root-cause-russia-attack-ukraine/,Russia Ukraine war
Photographs show the condition of Ukraine amid recent invasion by Russia.,en,1,The Quint,https://www.thequint.com/news/webqoof/2014-images-from-ukraine-shared-amid-recent-russian-invasion,Russia Ukraine war
Recent photo of two Ukrainian children sending off soldiers to fight the Russians,en,2,FACTLY,https://factly.in/old-and-unrelated-visuals-of-different-children-are-being-linked-to-the-russia-ukraine-crisis-2022/,Russia Ukraine war
Video of a Ukrainian girl standing up to a Russian soldier,en,2,FACTLY,https://factly.in/old-and-unrelated-visuals-of-different-children-are-being-linked-to-the-russia-ukraine-crisis-2022/,Russia Ukraine war
Video of Russian soldiers saving a small child during the battle between the forces of Russia and Ukraine,en,2,FACTLY,https://factly.in/old-and-unrelated-visuals-of-different-children-are-being-linked-to-the-russia-ukraine-crisis-2022/,Russia Ukraine war
Photo shows Russia's attack on Ukraine.,en,1,The Quint,https://www.thequint.com/news/webqoof/explosion-in-ukraine-russia-israel-airstrike-gaza-fact-check,Russia Ukraine war
The war in Ukraine is “all over.”,en,1,PolitiFact,https://www.politifact.com/factchecks/2022/dec/13/facebook-posts/no-the-war-in-ukraine-isnt-over/,Russia Ukraine war
Videos show Ukraine being invaded by Russia.,en,3,Full Fact,https://fullfact.org/online/ukraine-invasion-war-videos/,Russia Ukraine war
President Ferdinand Marcos Jr. is the only one in the Association of Southeast Asian Nations (ASEAN) to address the Russia-Ukraine war and the North Korea threat.,en,1,Rappler,https://www.rappler.com/newsbreak/fact-check/asean-countries-not-only-marcos-spoke-russia-ukraine-crisis/,Russia Ukraine war
The calculations show a similar pattern in the dates on which the two World Wars and the Russia-Ukraine war began,en,1,FACTLY,https://factly.in/the-date-of-the-first-world-war-taken-in-this-post-is-not-correct-also-one-calculation-is-tweaked/,Russia Ukraine war
Putin has warned India against interfering in Ukraine conflict.,en,1,The Quint,https://www.thequint.com/news/webqoof/putin-india-interfere-ukraine-consequences-fact-check,Russia Ukraine war
A video shows soldiers destroying a Russian tank,en,1,USA Today,https://www.usatoday.com/story/news/factcheck/2022/03/28/fact-check-footage-shows-video-game-not-ambush-russian-tank/7065230001/,Russia Ukraine war
Video shows live footage of war between Ukraine and Russia.,en,1,The Quint,https://www.thequint.com/news/webqoof/video-game-footage-from-arma-3-shared-amid-russia-ukraine-crisis,Russia Ukraine war
Video shows the Ukrainian air defense system in action against Russia,en,1,VERA Files,https://verafiles.org/articles/vera-files-fact-check-stream-shows-arma-3-video-game-not-rus,Russia Ukraine war
"Images show Ukrainian President Volodymyr Zelenskyy in military uniform, fighting in the forefront with the Ukrainian Army against the Russian forces.",en,1,India Today,https://www.indiatoday.in/fact-check/story/did-ukraine-president-don-army-uniform-to-fight-against-russian-troops-1918333-2022-02-26,Russia Ukraine war
“The U.S. is the one who started the Ukraine crisis and the biggest factor fueling it…”,en,1,VOA,https://www.voanews.com/a/fact-check-beijing-boosts-kremlin-disinfo-us-caused-war-in-ukraine/6946791.html,Russia Ukraine war
Were protests in Gaza 'anti-Hamas'?,en,3,DW.com,https://www.dw.com/en/fact-check-were-protests-in-gaza-anti-hamas/a-72067223,Gaza Israel Hamas
"""Hamas is the only army in the world that wears civilian clothes during war and puts on uniforms during ceasefires"", an X user wrote, sharinga picture allegedly showing the uniformed Hamas fighters during celebration of the recent ceasefire in Gaza.",en,2,DW.com,https://www.dw.com/en/israel-hamas-ceasefire-gaza-disinformation-hostages-fact-check-social-media-v2/a-74338311,Gaza Israel Hamas
"Claim: ""BREAKING — Gaza Civil Defense: We found booby-trapped children's toys and canned food that the occupation deliberately planted to cause more casualties,"" an X user wrote, in reference to Israel.",en,1,DW.com,https://www.dw.com/en/israel-hamas-ceasefire-gaza-disinformation-hostages-fact-check-social-media-v2/a-74338311,Gaza Israel Hamas
"Claim: ""All of the female hostages are dead. Where is the outrage? Savages"", wrote Laura Loomer, an influential far-right activist, following the news of the release of Israeli hostages on October 13, 2025.",en,1,DW.com,https://www.dw.com/en/israel-hamas-ceasefire-gaza-disinformation-hostages-fact-check-social-media-v2/a-74338311,Gaza Israel Hamas
"""There is no starvation in Gaza, no policy of starvation in Gaza,"" Netanyahu said",en,3,DW.com,https://www.dw.com/en/fact-check-aid-groups-contradict-israeli-gaza-claims/a-73456462,Gaza Israel Hamas
"A photo shows ""One of 50 Tunnels the size of motorways Israel has discovered connecting Rafah to Egypt.""",en,3,FactCheck.org,https://www.factcheck.org/2024/06/gaza-tunnel-photo-mislabeled-on-social-media/,Gaza Israel Hamas
"""Hamas is ISIS and ISIS is Hamas""",en,3,The Conversation,https://theconversation.com/is-hamas-the-same-as-isis-the-islamic-state-group-no-and-yes-219454,Gaza Israel Hamas
Hamas surrendered and Gaza now belongs to Israel,en,1,USA Today,https://www.usatoday.com/story/news/factcheck/2023/10/20/false-claim-that-hamas-surrendered-and-israel-seized-gaza-fact-check/71231304007/,Gaza Israel Hamas
"It's not true that ""250 people were killed at a concert"" in Israel Oct. 7.",en,1,FactCheck.org,https://www.factcheck.org/2023/10/what-we-know-about-three-widespread-israel-hamas-war-claims/,Gaza Israel Hamas
Egyptian prime minister tearing up Egypt-Israel peace agreement.,en,1,AFP Fact Check,https://factcheck.afp.com/doc.afp.com.36ZC9P7,Gaza Israel Hamas
"“Videos of Israeli hostages being released look like people finishing a vacation and saying goodbye to the resort staff.""",en,3,FactCheck.org,https://www.factcheck.org/2023/12/post-misrepresents-condition-of-israeli-hostages-released-by-hamas/,Gaza Israel Hamas
"Donald Trump's election led Hamas to call ""for 'Immediate' End to War.""",en,3,FactCheck.org,https://www.factcheck.org/2024/11/viral-claim-falsely-suggests-trump-ended-violence-in-gaza/,Gaza Israel Hamas
Israel announced a ‘complete withdrawal’ from Gaza,en,1,USA Today,https://www.usatoday.com/story/news/factcheck/2024/04/12/israel-gaza-withdrawal-fact-check/73301796007/,Gaza Israel Hamas
Photo of Hamas leaders dining in Qatar was taken amid Gaza war,en,1,USA Today,https://www.usatoday.com/story/news/factcheck/2024/03/28/hamas-leader-photo-turkey-2021/73120543007/,Gaza Israel Hamas
Video shows Israeli airstrike on Gaza after Hamas attacks in October,en,1,USA Today,https://www.usatoday.com/story/news/factcheck/2023/10/09/video-of-israeli-airstrike-predates-hamas-attacks-fact-check/71118211007/,Gaza Israel Hamas
“EXPOSED: Israel’s named victims of ‘October 7th massacre’ are copied from an article that was written in 2014.”,en,2,FactCheck.org,https://www.factcheck.org/2023/11/dozens-of-children-died-in-hamas-oct-7-attack-on-israel-contrary-to-online-claim/,Gaza Israel Hamas
Images show destruction from Israel-Hamas war,en,1,AFP Fact Check,https://factcheck.afp.com/doc.afp.com.33YZ9KA,Gaza Israel Hamas
Video shows Hamas militants shooting down Israeli helicopters.,en,1,Boom Live,https://www.boomlive.in/fact-check/hamas-israel-gaza-palestine-war-helicopter-arma-3-missiles-23266,Gaza Israel Hamas
Images show Gaza - Israel war,en,1,AFP Fact Check,https://factcheck.afp.com/doc.afp.com.33XX8DR,Gaza Israel Hamas
Video shows 'casualties in Gaza' being faked,en,1,USA Today,https://www.usatoday.com/story/news/factcheck/2023/11/15/video-of-casualties-predates-war-between-israel-hamas-fact-check/71591698007/,Gaza Israel Hamas
Video shows Palestinians faking scenes to show a child was shot by Israeli soldiers,en,1,BOOM Fact Check,https://www.boomlive.in/fact-check/politics/fake-news-viral-video-palestinians-faking-children-being-shot-short-film-factcheck-23294,Gaza Israel Hamas
"Vice President Kamala Harris “supports Hamas.""",en,1,FactCheck.org,https://www.factcheck.org/2024/07/republican-rhetoric-on-harris-position-on-israel-goes-too-far/,Gaza Israel Hamas
Photo shows a newborn killed during Israel's recent airstrikes in Gaza.,en,1,BOOM Fact Check,https://www.boomlive.in/fact-check/hamas-baby-photo-israel-palestine-fact-check-23328,Gaza Israel Hamas
Image shows Israeli tanks ‘destroyed by the resistance’,en,1,USA Today,https://www.usatoday.com/story/news/factcheck/2023/11/17/image-doesnt-show-destroyed-israeli-tanks-fact-check/71598684007/,Gaza Israel Hamas
Video shows Hamas' Kornet missiles destroying Israeli tanks and US Delta Forces entering Gaza,en,1,BOOM Fact Check,https://www.boomlive.in/fact-check/fake-news-viral-video-hamas-missiles-destroyed-israeli-tanks-gaza-arma-3-video-factcheck-23485,Gaza Israel Hamas
Yemen declared war on Israel,en,1,AFP Fact Check,https://factcheck.afp.com/doc.afp.com.33ZT7XN,Gaza Israel Hamas
Video shows an Israeli airstrike on a water tank in Gaza.,en,1,BOOM Fact Check,https://www.boomlive.in/fact-check/gaza-israel-palestine-hamas-airstrike-war-conflict-children-sudan-water-tanker-fuel-23408,Gaza Israel Hamas
A video shows a child being rescued from a hospital bombed during an Israeli attack in the Palestinian enclave of Gaza.,en,1,Rappler,https://www.rappler.com/newsbreak/fact-check/viral-video-child-rescued-hospital-not-from-israel-hamas-war/,Gaza Israel Hamas
"Nimrod Aloni, a general in the Israeli army, was captured by Hamas militants during a deadly incursion Saturday into southern Israeli towns near the Gaza Strip.",en,1,AP News,https://apnews.com/article/fact-check-nimrod-aloni-israel-hamas-gaza-captured-493462949098,Gaza Israel Hamas
Video shows Hamas militants capturing Israeli officials.,en,1,BOOM Fact Check,https://www.boomlive.in/fact-check/israel-hamas-palastine-officials-captured-high-profile-arrest-fact-check-23269,Gaza Israel Hamas
President Joe Biden is “funding every angle of this conflict” between Hamas and Israel.,en,2,FactCheck.org,https://www.factcheck.org/2023/10/post-paints-misleading-picture-of-bidens-financial-support-for-israel-and-palestinians/,Gaza Israel Hamas
Israeli Prime Minister Benjamin Netanyahu ordered the evacuation of Filipinos in Israel.,en,1,VERA Files,https://verafiles.org/articles/vera-files-fact-check-ph-not-party-to-israel-hamas-war,Gaza Israel Hamas
The Philippines is now involved in the Israel-Hamas conflict.,en,1,VERA Files,https://verafiles.org/articles/vera-files-fact-check-ph-not-party-to-israel-hamas-war,Gaza Israel Hamas
Video shows Hamas terrorist with a kidnapped Jewish baby girl in Gaza,en,1,BOOM Fact Check,https://www.boomlive.in/fact-check/politics/fake-news-viral-video-jewish-girl-child-kidnapped-hamas-militant-in-gaza-israel-palestine-factcheck-23363,Gaza Israel Hamas
"Israel Prime Minister Benjamin Netanyahu unveiled a reconstruction plan for post-war Gaza called ""Gaza 2035.""",en,3,Snopes,https://www.snopes.com/fact-check/netanyahu-gaza-2035-plan/,Gaza Israel Hamas
The United Nations said in early 2024 there was no famine in Gaza.,en,1,Snopes.com,https://www.snopes.com/fact-check/un-famine-gaza/,Gaza Israel Hamas
Video authentically shows members of an Israeli extremist group blocking humanitarian aid trucks going to Gaza in late July 2025.,en,0,Snopes,https://www.snopes.com/fact-check/video-aid-trucks-gaza-israelis/,Gaza Israel Hamas
Image shows a tunnel connecting Rafah to Egypt,en,1,USA Today,https://www.usatoday.com/story/news/factcheck/2024/05/31/photo-tunnel-gaza-israel-rafah-egypt/73907836007/,Gaza Israel Hamas
Photos show Palestinians painting the Israeli flag on a donkey and setting the donkey on fire.,en,2,Boom Live,https://www.boomlive.in/fact-check/israel-hamas-conflict-palestinians-burning-donkey-israel-flag-fact-check-23616,Gaza Israel Hamas
Video shows Hamas destroying Israeli tanks as they enter Gaza,en,1,AFP Fact Check,https://factcheck.afp.com/doc.afp.com.33ZU84U,Gaza Israel Hamas
"Video shows young Palestinian girl breaking down due to Israeli airstrikes in Gaza, during the ongoing Israel-Hamas conflict.",en,2,BOOM Fact Check,https://www.boomlive.in/fact-check/israel-palestine-gaza-aistrike-hamas-girl-crying-old-video-bombardment-conflict-war-23336,Gaza Israel Hamas
Video shows hospital in Gaza being bombed.,en,1,Boom Live,https://www.boomlive.in/fact-check/syria-hospital-bombing-shared-as-gaza-israel-hamas-conflict-fact-check-23494,Gaza Israel Hamas
Video shows Lebanese border with Israel during 2023 conflict,en,1,AFP Fact Check,https://factcheck.afp.com/doc.afp.com.33YF6CX,Gaza Israel Hamas
Explosion in Ukraine led by Russia,en,1,Alt News,https://www.altnews.in/2021-israeli-air-strikes-on-gaza-strip-shared-as-russias-attack-on-ukraine/,Gaza Israel Hamas
Video shows a pro-Palestine demonstration at Al-Aqsa Mosque in Jerusalem,en,3,AFP Fact Check,https://factcheck.afp.com/doc.afp.com.33YK3UR,Gaza Israel Hamas
This is a recent news report on the Hamas tunnel network under Palestine.,en,1,The Quint,https://www.thequint.com/news/webqoof/rt-arabic-old-report-linked-to-ongoing-israel-palestine-hamas-conflict-fact-check,Gaza Israel Hamas
Video shows Israelis celebrating the death of Gaza children by singing songs.,en,2,BOOM Fact Check,https://www.boomlive.in/fact-check/israel-palestine-conflict-gaza-children-hamas-fact-check-israelis-celebrating-deaths-in-gaza-23349,Gaza Israel Hamas
This video shows Egypt's support towards Palestine by driving up to the Gaza border to demand its opening.,en,1,The Quint,https://www.thequint.com/news/webqoof/old-video-of-cars-with-egypt-flag-falsely-linked-to-israel-palestine-fact-check,Gaza Israel Hamas
"On May 9, 2024, Israel’s National Security Minister Itamar Ben-Gvir posted on X, ""Hamas ❤️ Biden.""",en,0,Snopes,https://www.snopes.com/fact-check/israeli-minister-hamas-loving-biden/,Gaza Israel Hamas
"Video shows airstrikes, rockets from Israel-Hamas war",en,1,AFP Fact Check,https://factcheck.afp.com/doc.afp.com.33XM7CC,Gaza Israel Hamas
Video compilation shows scenes from Israel-Hamas war in 2023,en,1,AFP Fact Check,https://factcheck.afp.com/doc.afp.com.342A6R2,Gaza Israel Hamas
"On Jan. 26, 2024, the International Court of Justice ruled Israel is committing genocide against Palestinians in Gaza.",en,1,Snopes.com,https://www.snopes.com/fact-check/icj-israel-committing-genocide-gaza/,Gaza Israel Hamas
Egyptian citizens cross the Gaza border to deliver water and food to Palestinians amid the Israel-Hamas conflict.,en,1,Newschecker,https://newschecker.in/fact-check/viral-video-showing-egyptians-crossing-gaza-border-predates-israel-hamas-conflict,Gaza Israel Hamas
Egypt has sent ‘hundreds of tanks’ into Gaza to fight Israel,en,1,USA Today,https://www.usatoday.com/story/news/factcheck/2023/10/24/no-evidence-egypt-fighting-in-hamas-israel-war-fact-check/71293953007/,Gaza Israel Hamas
A video shared in November 2023 showed a film crew staging violence in Gaza.,en,3,Snopes,https://www.snopes.com/fact-check/film-crew-footage-gaza/,Gaza Israel Hamas
Picture of burning buildings being shared with the claim that it is from the recent airstrikes conducted by the Israeli warplanes in the Gaza strip.,en,0,India Today,https://www.indiatoday.in/fact-check/story/fact-check-more-than-one-year-old-picture-shared-as-recent-gaza-strip-bombing-by-israel-1712535-2020-08-18,Gaza Israel Hamas
Video of two Israeli helicopters shot down while bombing Gaza,en,1,AFP Fact Check,https://factcheck.afp.com/doc.afp.com.33XZ62B,Gaza Israel Hamas
News report shows that Hamas allowed a Russia Today journalist to visit their tunnel network during the ongoing conflict between Israel and Palestine,en,1,Boom Live,https://www.boomlive.in/fact-check/viral-video-news-report-israel-palestine-militant-group-hamas-tunnel-network-social-media-claims-23509,Gaza Israel Hamas
"Israel's official X account made a post on Feb. 4, 2024, about humanitarian aid it said it had provided to Gaza that included a video clip showing an unrelated Ukrainian refugee camp in Moldova.",en,0,Snopes,https://www.snopes.com/fact-check/israel-aid-gaza-moldova/,Gaza Israel Hamas
"Israeli soldier said war is ""with all the civilians"" in Gaza",en,2,AFP Fact Check,https://factcheck.afp.com/doc.afp.com.33YH2VD,Gaza Israel Hamas
multiple visuals claimed to be of Israel-Palestine war,en,1,Alt News,https://www.altnews.in/disinformation-falsehoods-flood-social-media-as-israel-hamas-conflict-escalates-into-full-blown-war/,Gaza Israel Hamas
Photo shows Palestinian children killed in Israel-Hamas war,en,1,USA Today,https://www.usatoday.com/story/news/factcheck/2023/10/18/photo-of-dead-children-is-from-syria-in-2013-not-gaza-fact-check/71231756007/,Gaza Israel Hamas
Defense Secretary Gilberto “Gibo” Teodoro Jr. declared war on China.,en,1,Rappler,https://www.rappler.com/newsbreak/fact-check/defense-chief-gibo-teodoro-did-not-declare-war-china/,China Taiwan conflict
North Korean leader Kim Jong-Un said in a statement that his country will join the Middle East conflict if North Koreans are harmed amid the attacks by the US and Israel against Iran.,en,1,Rappler,https://www.rappler.com/newsbreak/fact-check/no-reports-kim-jong-un-saying-north-korea-join-middle-east-conflict/,North Korea nuclear
North Korea threatened to nuke Israel if it killed Greta Thunberg.,en,1,AAP,https://www.aap.com.au/factcheck/wild-claim-linking-israel-thunberg-and-north-korea-is-satire/,North Korea nuclear
The United States will be sending 180 nuclear warheads to South Korea to deter growing threats from North Korea.,en,1,Rappler,https://www.rappler.com/newsbreak/fact-check/no-us-decision-deploy-nuclear-warheads-deter-north-korea-november-13-2023/,North Korea nuclear
"Wendy Sherman ""was the architect of the North Korean nuclear deal""",en,3,The Washington Post,https://www.washingtonpost.com/news/fact-checker/wp/2017/04/24/the-facile-claim-that-the-iran-negotiator-was-the-architect-of-the-north-korean-nuclear-deal/,North Korea nuclear
Miley Cyrus said she would prefer a North Korean nuclear attack on the US to the presidency of Donald Trump.,en,1,Snopes,https://www.snopes.com/fact-check/miley-cyrus-nuked-trump-president/,North Korea nuclear
"North Korea has ""already blown up one of their big test sites. In fact, it was actually four of their big test sites.""",en,3,The New York Times,https://www.nytimes.com/2018/06/22/world/asia/trump-north-korea-kim-jong-un.html,North Korea nuclear
"North Korea"" took billions of dollars — during the Clinton regime — took billions of dollars and nothing happened.”",en,2,ny times,https://www.nytimes.com/2018/06/12/us/politics/fast-check-trump-north-korea-1994-framework-nuclear.html,North Korea nuclear
"“He [Kim Jong-un] has no other choice, he still hopes that sooner or later there will be some conditions for normal negotiations, [where Pyongyang will be able to speak] not from a weak position, but as an equal participant. For this reason it demonstrates its military capabilities.”",en,1,VOA,https://www.voanews.com/a/russia-north-korea-nuclear-negotiations-us-un-/6741595.html,North Korea nuclear
"“Chairman Kim and I just signed a joint statement which he reaffirmed his unwavering commitment to complete denuclearization of the Korean Peninsula.""",en,3,The Washington Post,https://www.washingtonpost.com/news/fact-checker/wp/2018/06/13/fact-checking-president-trumps-claims-about-the-north-korea-deal/,North Korea nuclear
"“His country does love him. His people, you see the fervor. They have a great fervor.”",en,3,The Washington Post,https://www.washingtonpost.com/news/fact-checker/wp/2018/06/13/fact-checking-president-trumps-claims-about-the-north-korea-deal/,North Korea nuclear
“There is no longer a Nuclear Threat from North Korea.”,en,3,PolitiFact,https://www.politifact.com/article/2018/jun/13/donald-trump-north-korea-no-longer-nuclear-threat/,North Korea nuclear
"Bill Clinton ""spent $3 billion and got nothing. And (North Korea) started making nuclear weapons a day later.""",en,1,PolitiFact,https://www.politifact.com/factchecks/2018/jun/13/donald-trump/bill-clinton-north-korea-3-billion-nuclear/,North Korea nuclear
"""Bill Clinton gave North Korea $5 billion and two nuclear reactors in 1994, essentially giving them nukes.""",en,1,PolitiFact,https://www.politifact.com/factchecks/2017/aug/09/viral-image/viral-image-wrongly-blames-bill-clinton-giving-nor/,North Korea nuclear
“The crux of how the Korean Peninsula situation gets to where it is today is clear. The main reason is that the parties concerned have refused to respond to the denuclearization measures taken by the DPRK…”,en,2,VOA,https://www.voanews.com/a/fact-check-china-misleads-on-why-north-korea-denuclearization-failed/7013540.html,North Korea nuclear
"North Korea has ""agreed to denuclearization.""",en,2,The New York Times,https://www.nytimes.com/2018/04/22/us/politics/trump-north-korea.html,North Korea nuclear
"“Right now one person can launch thousands of nuclear weapons, and that's the president. No one can stop him.""",en,3,PolitiFact,https://www.politifact.com/article/2017/aug/10/nuclear-strike-against-north-korea-constitutional-/,North Korea nuclear
"“No missile program of North Korea threatens the U.S. now. And it will be a while before it does. Theoretically, one of its missiles could reach the continental U.S. in two-three years… The DPRK does not have any unique technologies, there can’t be any… Only big states are able to develop military technologies. [North] Korea is not one of them.”",en,1,VOA,https://www.voanews.com/a/north-koran-missiles-pose-no-threat/6741647.html,North Korea nuclear
"With North Korea, ""nobody has ever seen such a positive response on our behalf from China.""",en,0,PolitiFact,https://www.politifact.com/factchecks/2017/apr/19/donald-trump/trump-china-taking-unprecedented-steps-help-north-/,North Korea nuclear
"Vladimir Putin said North Korea doesn't have nuclear weapons, but does possess trillions of dollars in mineral wealth.",en,3,Snopes.com,https://www.snopes.com/fact-check/vladimir-putin-north-korea-trillions-in-minerals/,North Korea nuclear
"Maxine Waters said she fears that Donald Trump would lead the United States into a war, if North Korea launched a nuclear attack.",en,1,Snopes.com,https://www.snopes.com/fact-check/maxine-waters-north-korea/,North Korea nuclear
"Hundreds of thousands of residents in North Korea's capital Pyongyang were evacuated due to ""nuke"" fears.",en,1,Snopes,https://www.snopes.com/fact-check/north-korea-evacuation-alarms/,North Korea nuclear
Viral videos show Indian PM Narendra Modi and Israeli PM Benjamin Netanyahu announcing support and aid to Afghanistan’s Taliban government during their addresses to the Knesset.,en,3,Newschecker,https://newschecker.in/fact-check/viral-videos-of-narendra-modi-and-benjamin-netanyahu-pledging-aid-to-taliban-are-doctored,Afghanistan Taliban
The Australian government has given $50 million to the Taliban.,en,2,AAP,https://aap.com.au/factcheck/aust-aid-to-afghanistan-misrepresented-as-taliban-grant/,Afghanistan Taliban
Afghanistan Foreign Minister Mawlawi Amir Khan Muttaqi stated that he had spoken to Prime Minister Narendra Modi regarding the opening of Hindu temples in Afghanistan in exchange for money.,en,1,PTI,https://www.ptinews.com/fact-detail/digitally-altered-video-of-taliban-leader-falsely-shared-to-claim-he-offered-to-build-hindu-temples-in-afghanistan-in-exchange-for-money/3008233,Afghanistan Taliban
The US military has taken control of the Bagram base from the Taliban,en,1,AFP Fact Check,https://factcheck.afp.com/doc.afp.com.39VY2ZP,Afghanistan Taliban
“The Islamic Emirate of Afghanistan does not interfere in the affairs of any institution to disrupt their work. We and our military are obliged to ensure their security.”,en,1,VOA,https://www.voanews.com/a/fact-check-taliban-denies-aid-interference-while-arresting-and-threatening-with-death-female-relief-workers/7263456.html,Afghanistan Taliban
Video by Pakistani Taliban threatening India after recent Taliban takeover of Afghanistan,en,2,FACTLY,https://factly.in/an-old-video-is-shared-as-pakistani-taliban-threatening-india-after-recent-taliban-takeover-of-afghanistan/,Afghanistan Taliban
"“It seems like the Americans deliberately left these weapons there, and now they are destabilizing the situation because terrorists may get hold of them.”",en,1,VOA,https://www.voanews.com/a/fact-check-no-the-us-did-not-intentionally-leave-weapons-for-terrorists-in-afghanistan/7067370.html,Afghanistan Taliban
"During the August 2021 Taliban takeover of Afghanistan, CNN anchors praised Taliban fighters for ""responsibly wearing masks to protect themselves and others from COVID.""",en,3,Snopes,https://www.snopes.com/fact-check/cnn-praise-taliban-masks/,Afghanistan Taliban
"Following the Taliban takeover of Afghanistan in August 2021, Republican U.S. Representative for Colorado Lauren Boebert praised the extremist group for “building back better.”",en,0,Snopes.com,https://www.snopes.com/fact-check/boebert-taliban-building-back-better/,Afghanistan Taliban
Taliban takeover of Afghanistan is a ‘false flag’ staged for political gain,en,1,USA Today,https://www.usatoday.com/story/news/factcheck/2021/08/20/fact-check-taliban-takeover-afghanistan-not-false-flag/8212368002/,Afghanistan Taliban
Video shows Afghans are entering into Pakistan after the Taliban takeover.,en,1,Boom Live,https://www.boomlive.in/fact-check/old-video-afghan-corona-pandemic-afghanistan-pakistan-border-viral-false-claim-14522,Afghanistan Taliban
Photo shows youths celebrating the Taliban takeover of Afghanistan.,en,1,BOOM Fact Check,https://www.boomlive.in/world/fake-news-taliban-afghanistan-painting-mural-afghan-war-14385,Afghanistan Taliban
A video shows Ashraf Ghani fleeing the country during the Taliban takeover,en,1,USA Today,https://www.usatoday.com/story/news/factcheck/2021/08/20/fact-check-video-afghan-president-boarding-plane-july/8177786002/,Afghanistan Taliban
Video of Afghans rushing into Kabul Airport after Taliban takeover,en,1,FACTLY,https://factly.in/2019-video-of-people-rushing-into-an-american-stadium-for-an-nfl-game-is-falsely-shared-as-scenes-from-kabul-airport/,Afghanistan Taliban
Video shows President Ashraf Ghani leaving Afghanistan after the Taliban takeover.,en,1,The Quint,https://www.thequint.com/news/webqoof/video-of-afghanistan-president-ashraf-ghani-boarding-plane-shared-amid-taliban-takeover-fact-check,Afghanistan Taliban
"Per an Aug. 14, 2021 notice, the State Department was charging $2,000 or more for repatriation flights for U.S. citizens from Kabul airport after the Taliban takeover.",en,0,Snopes,https://www.snopes.com/fact-check/americans-flights-afghanistan/,Afghanistan Taliban
Social media show a photo as a flight leaving Afghanistan full of men after the Taliban takeover,en,1,The Journal,https://www.thejournal.ie/debunk-flight-afghanistan-men-5525177-Aug2021/,Afghanistan Taliban
"Taliban fighters ""are tired of fighting"" in Afghanistan.",en,1,FactCheck.org,https://www.factcheck.org/2021/08/timeline-of-u-s-withdrawal-from-afghanistan/,Afghanistan Taliban
Photo shows the Taliban announcing new Afghan national day on September 11,en,1,AFP Fact Check,https://factcheck.afp.com/doc.afp.com.9MF32X,Afghanistan Taliban
People fleeing from Afghanistan to Pakistan after Taliban takeover,en,1,Alt News,https://www.altnews.in/old-video-falsely-linked-to-afghans-fleeing-to-pakistan-after-talibans-takeover/,Afghanistan Taliban
Malala Yousafzai has been “silent about the cries of women and children suffering at the hands of the Taliban.”,en,1,FactCheck.org,https://www.factcheck.org/2021/08/malala-yousafzai-has-responded-to-taliban-takeover-plight-of-my-afghan-sisters/,Afghanistan Taliban
Photo shows the Taliban hanging a man in front of his son in Afghanistan.,en,1,AP News,https://apnews.com/article/fact-checking-606426349082,Afghanistan Taliban
"""Because of the negligence, the hasty and incompetent withdrawal led by this commander in chief, all of the $85 billion dollar’s worth of equipment has been left behind and fallen into the hands of the Taliban.""",en,3,FactCheck.org,https://www.factcheck.org/2021/09/republicans-inflate-cost-of-taliban-seized-u-s-military-equipment/,Afghanistan Taliban
Photo shows Taliban leaders gained weight?,en,3,AFP Fact Check,https://factcheck.afp.com/doc.afp.com.9T79UN,Afghanistan Taliban
“What interest do we have in Afghanistan at this point with al Qaeda gone?”,en,1,FactCheck.org,https://www.factcheck.org/2021/08/factchecking-bidens-statements-about-afghanistan/,Afghanistan Taliban
“The Taliban… no longer nurtures the ideas of trans-border jihad; in this sense they act as Afghanistan internal armed opposition seeking to change the situation -- so far by force.”,en,1,VOA,https://www.voanews.com/a/taliban-afghanistan-russia-kabulov-jihad/6741558.html,Afghanistan Taliban
Image shows Taliban punishing men for practicing Christianity,en,1,USA Today,https://www.usatoday.com/story/news/factcheck/2021/08/18/fact-check-video-misrepresents-photos-afghan-christian-persecution/8183844002/,Afghanistan Taliban
"The Taliban survived the last 18 months with no vaccines, social distancing, PCR testing, masks or business closures to then recapture an entire country with no mass deaths amongst their population during the pandemic.",en,3,Full Fact,https://fullfact.org/online/taliban-no-vaccines/,Afghanistan Taliban
A video accurately shows Taliban members wielding weapons and sitting in chairs in Afghanistan’s parliament building.,en,3,Snopes,https://www.snopes.com/fact-check/taliban-afghanistan-parliament/,Afghanistan Taliban
Photo of female students killed by the Taliban,en,2,AFP Fact Check,https://factcheck.afp.com/doc.afp.com.9U88QC,Afghanistan Taliban
"“ALL EQUIPMENT should be demanded to be immediately returned to the United States, and that includes every penny of the $85 billion dollars in cost.”",en,3,The Washington Post,https://www.washingtonpost.com/politics/2021/08/31/no-taliban-did-not-seize-83-billion-us-weapons/,Afghanistan Taliban
Photo shows Taliban leaders storming Afghan presidential palace,en,1,AFP Fact Check,https://factcheck.afp.com/doc.afp.com.9L87MX,Afghanistan Taliban
Video shows Afghan citizens being detained by Taliban fighters in Panjshir.,en,1,The Quint,https://www.thequint.com/news/webqoof/people-put-in-containers-in-panjshir-by-taliban-fact-check,Afghanistan Taliban
Taliban celebrating in Afghanistan,en,1,Alt News,https://www.altnews.in/old-images-viral-as-talibani-celebrating-takeover-of-afganistan/,Afghanistan Taliban
Footage of Taliban destroying mobile phones,en,1,AFP Fact Check,https://factcheck.afp.com/doc.afp.com.9WY96F,Afghanistan Taliban
Video of Taliban publicly executing Afghans,en,1,Boom Live,https://www.boomlive.in/fact-check/no-this-video-does-not-show-taliban-publicly-executing-afghans-14363,Afghanistan Taliban
Video shows Taliban commander's message in 2021,en,2,AFP Fact Check,https://factcheck.afp.com/doc.afp.com.9LE46F,Afghanistan Taliban
"The Trump administration worked to free 5,000 Taliban prisoners.",en,0,PolitiFact,https://www.politifact.com/factchecks/2021/aug/31/mitt-romney/mitt-romney-accurately-says-trump-administration-w/,Afghanistan Taliban
"The Biden administration plans to ""Send the Taliban Millions in US Dollars.”",en,1,FactCheck.org,https://www.factcheck.org/2021/10/u-s-is-sending-aid-to-independent-groups-in-afghanistan-not-the-taliban/,Afghanistan Taliban
Video shows Taliban members dancing after the fall of Kabul,en,1,AFP Fact Check,https://factcheck.afp.com/doc.afp.com.9LC7AJ,Afghanistan Taliban
"Photo of women wearing skirts, not covering their faces and reading books was taken in Afghanistan in 1970s before Taliban took over.",en,1,Boom Live,https://www.boomlive.in/world/fake-news-taliban-afghanistan-women-iran-1970-human-rights-14382,Afghanistan Taliban
Video shows US aircraft shot down by Taliban militants in Afghanistan,en,1,AFP Fact Check,https://factcheck.afp.com/clip-actually-shows-computer-generated-imagery-video-game-0,Afghanistan Taliban
Photo shows oppression of women in Afghanistan by Taliban,en,1,AFP Fact Check,https://factcheck.afp.com/doc.afp.com.9LQ66N,Afghanistan Taliban
Female Afghan Army pilot Safia Ferozi was stoned to death by the Taliban,en,1,USA Today,https://www.usatoday.com/story/news/factcheck/2021/08/31/fact-check-no-proof-taliban-stoned-female-afghan-pilot-safia-ferozi/5665476001/,Afghanistan Taliban
Video shows Taliban takes control of the Presidential Palace in Kabul,en,1,BOOM Fact Check,https://www.boomlive.in/fact-check/2015-video-from-idlib-syria-shared-as-presidential-palace-in-kabul-afghanistan-captured-by-the-taliban-14330,Afghanistan Taliban
"Video shows Taliban taking control of the Presidential palace in Kabul, Afghanistan.",en,1,The Quint,https://www.thequint.com/news/webqoof/video-from-syria-shared-as-taliban-taking-over-afghanistans-presidential-palace-kabul-fact-check,Afghanistan Taliban
New Zealand donates NZ$3 million in aid to Taliban,en,2,AFP Fact Check,https://factcheck.afp.com/doc.afp.com.9MC9WB,Afghanistan Taliban
A photo shows Taliban members in a truck with a Biden-Harris bumper sticker,en,3,USA Today,https://www.usatoday.com/story/news/factcheck/2021/09/09/fact-check-altered-image-taliban-biden-harris-bumper-sticker/5757857001/,Afghanistan Taliban
Joe Biden has been on vacation for two weeks,en,1,USA Today,https://www.usatoday.com/story/news/factcheck/2021/08/25/fact-check-biden-vacation-cut-short-talibans-afghanistan-takeover/8230461002/,Afghanistan Taliban
A video shows the Taliban taking over the presidential palace in Kabul,en,1,USA Today,https://www.usatoday.com/story/news/factcheck/2021/08/17/fact-check-syrian-rebels-not-taliban-shown-viral-facebook-video/8162092002/,Afghanistan Taliban
Taliban announced a nation-founding ceremony would be held annually on September 11 to humiliate the United States.,en,1,BOOM Fact Check,https://www.boomlive.in/world/fake-news-taliban-afghanistan-9-11-september-afghanistan-national-day-14728,Afghanistan Taliban
The Biden administration “gifted the Taliban with $80 billion-plus” in military-grade weapons but now “wants your 9mm pistols.”,en,1,PolitiFact,https://www.politifact.com/factchecks/2021/aug/20/viral-image/no-proof-biden-left-taliban-80b-weapons-or-he-want/,Afghanistan Taliban
The Taliban crisis in Afghanistan was responsible for the decline in crude oil supply.,en,2,Factchecker,https://www.factchecker.in/fact-check/bjp-mla-arvind-bellad-blames-taliban-for-fuel-price-hike-a-fact-check-773598,Afghanistan Taliban
Joe Biden intentionally “let it fall apart” in Afghanistan because he “wants a couple hundred thousand more Ilhan Omars to come into America to change the body politic permanently.”,en,1,PolitiFact,https://www.politifact.com/factchecks/2021/aug/19/charlie-kirk/charlie-kirk-baselessly-claims-biden-intentionally/,Afghanistan Taliban
"The United States withdrawal from Afghanistan put more than $80 billion worth of equipment — including 22,174 Humvees and 33 Black Hawk helicopters — in the hands of the Taliban.",en,1,Snopes,https://www.snopes.com/fact-check/us-taliban-arsenal-military-equipment/,Afghanistan Taliban
"Video shows current situation in Afghanistan, where civilians are being killed.",en,1,The Quint,https://www.thequint.com/news/webqoof/video-of-an-old-demonstration-shared-as-live-situation-in-afghanistan-fact-check,Afghanistan Taliban
Mahjabin Hakimi from Afghanistan women's volleyball team beheaded by Taliban,en,1,Alt News,https://www.altnews.in/media-misreports-afghan-womens-volleyball-player-beheaded-by-taliban/,Afghanistan Taliban
“The Ministry of Education assures its people and the international community that the Islamic Emirate considers education essential for every Afghan.”,en,1,VOA,https://www.voanews.com/a/fact-check-how-the-taliban-lied-about-education-for-women/6934892.html,Afghanistan Taliban
“Different people with different views are going to gather ... this will be a positive step for stability in Afghanistan and strengthening national unity.”,en,2,VOA,https://www.voanews.com/a/fact-check-for-the-taliban-different-views-dont-include-womens-views/6743411.html,Afghanistan Taliban
Video shows Taliban destroying cell phones after banning them in Afghanistan.,en,1,The Quint,https://www.thequint.com/news/webqoof/viral-clip-of-phones-being-destroyed-is-not-from-afghanistan-fact-check,Afghanistan Taliban
Recent video shows Ajit Doval's analysis on Afghanistan Army days before Taliban takeover in August 2021,en,2,Boom Live,https://www.boomlive.in/fact-check/fake-news-viral-video-ajit-doval-2013-speech-misleading-context-taliban-afghanistan-fact-check-14461,Afghanistan Taliban
"“Americans, together with their British collaborators, are putting their frantic efforts into strengthening the positions and the destructive potential of the Afghan offshoot of Daesh (Islamic State)…”",en,1,VOA,https://www.voanews.com/a/fact-check--fresh-russian-disinfo-falsely-claims-u-s-u-k-are-backing-islamic-state-in-afghanistan/6825373.html,Afghanistan Taliban
Taliban has refused to sponsor the Afghan cricket team for the T20 World Cup. Captain Mohammad Nabi is bearing the team's entire expenses.,en,1,India Today,https://www.indiatoday.in/fact-check/story/fact-check-afghanistan-t20-sponsor-moving-tale-taliban-deprivation-misleading-1872651-2021-11-02,Afghanistan Taliban
"A Taliban takeover of Afghanistan is ""not inevitable.""",en,1,FactCheck.org,https://www.factcheck.org/2021/08/timeline-of-u-s-withdrawal-from-afghanistan/,Afghanistan Taliban
"Former U.S. President Donald Trump's administration agreed to an exchange that freed 5,000 Taliban prisoners.",en,0,Snopes.com,https://www.snopes.com/fact-check/trump-5000-taliban-prisoners/,Afghanistan Taliban
"“We had brought narcotics content production to zero in 2001, but our country was unfortunately occupied by then, and the way was paved for reproduction of narcotics even at the level of the government.”",en,2,VOA,https://www.voanews.com/a/fact-check-the-opium-trade-a-taliban-memory-gap/6743111.html,Afghanistan Taliban
The Taliban has banned cell phones in Afghanistan. Video shows them destroying the mobile phones of the public.,en,1,India Today,https://www.indiatoday.in/fact-check/story/fact-check-video-of-contraband-destruction-in-pakistan-shared-as-taliban-smashing-phones-of-afghans-1902000-2022-01-19,Afghanistan Taliban
Taliban passes a law to ban mobile phones,en,1,Alt News,https://www.altnews.in/video-from-pakistan-falsely-shared-as-taliban-bans-mobile-phones-in-afghanistan/,Afghanistan Taliban
Video shows Taliban members discovering room full of alcohol at Afghanistan's former foreign minister's home.,en,1,BOOM Fact Check,https://www.boomlive.in/world/taliban-afghan-foreign-minister-czech-embassy-kabul-fake-news-14824,Afghanistan Taliban
A Taliban spokesperson released a statement calling for “restraint by both parties” and “to resolve the crisis through dialogue and peaceful means.”,en,0,Snopes,https://www.snopes.com/fact-check/taliban-peace-ukraine/,Afghanistan Taliban
Video shows Indian commandos preparing to fight the Taliban.,en,1,BOOM Fact Check,https://www.boomlive.in/world/fake-news-taliban-afghanistan-indian-army-training-ethiopia-14748,Afghanistan Taliban
“We did not shut down any newspaper or TV channel.”,en,2,VOA,https://www.voanews.com/a/fact-check-taliban-fraught-claims-of-media-freedom-in-afghanistan/6743166.html,Afghanistan Taliban
"Donald Trump in 2020 ""said he trusted the Taliban and then set in motion an even earlier exit"" from Afghanistan.",en,0,PolitiFact,https://www.politifact.com/factchecks/2021/aug/17/occupy-democrats/trump-didnt-say-he-trusted-taliban-planned-earlier/,Afghanistan Taliban
Video shows women being auctioned by the Taliban in Afghanistan.,en,1,The Quint,https://www.thequint.com/news/webqoof/women-being-auctioned-in-afghanistan-fact-check,Afghanistan Taliban
An old graphic video of a woman being stoned to death in Afghanistan claims to be Taliban's recent atrocity.,en,1,Boom Live,https://www.boomlive.in/world/fake-news-taliban-afghanistan-terror-woman-stoned-15866,Afghanistan Taliban
Image shows shows well-equipped Taliban fighters during the group's advance across Afghanistan.,en,1,BOOM Fact Check,https://www.boomlive.in/world/fake-news-modern-equipment-taliban-afghanistan-afghan-national-police-14369,Afghanistan Taliban
Video shows US tanks and military vehicles seized by the Taliban in Afghanistan.,en,1,BOOM Fact Check,https://www.boomlive.in/world/fake-news-us-tanks-afghanistan-military-vehicles-taliban-soviet-era-14725,Afghanistan Taliban
Video shows Afghan citizens sitting on airplane wings to escape Taliban,en,1,The Quint,https://www.thequint.com/news/webqoof/clip-shared-as-afghan-citizens-scared-of-taliban-fact-check,Afghanistan Taliban
Captain of Afghanistan T20 team had to sponsor the team for the T20 World Cup after Taliban refused to sponsor.,en,1,The Quint,https://www.thequint.com/news/webqoof/taliban-afghanistan-cricket-sponsored-by-mohammad-nabi-fact-check,Afghanistan Taliban
International news organisation CNN has praised the Taliban for wearing masks during attacks.,en,1,India Today,https://www.indiatoday.in/fact-check/story/afghanistan-taliban-cnn-praise-masks-satire-babylonbee-1841602-2021-08-16,Afghanistan Taliban
CNN reported that Taliban bannned sanitary napkins,en,1,Alt News,https://www.altnews.in/morphed-cnn-report-claims-taliban-has-banned-sanitary-napkins-in-afghanistan/,Afghanistan Taliban
Video shows Taliban detaining and pushing Kabul and Panjshir residents in truck container.,en,1,India Today,https://www.indiatoday.in/fact-check/story/fact-check-video-from-feature-film-viral-as-taliban-detaining-afghan-citizens-1851784-2021-09-11,Afghanistan Taliban
Says CNN and other news organizations tweeted that a journalist was executed in Kabul by Taliban fighters.,en,1,PolitiFact,https://www.politifact.com/factchecks/2021/aug/17/viral-image/fake-news-accounts-spread-false-information-about-/,Afghanistan Taliban
"Just a few days before Taliban took over Afghanistan, National Security Advisor Ajit Doval strongly believed the Afghan National Army would be able to beat back the militants, while Pakistan believed the opposite.",en,1,India Today,https://www.indiatoday.in/fact-check/story/fact-check-ajit-doval-old-comment-on-taliban-being-shared-out-of-context-and-as-recent-1845314-2021-08-25,Afghanistan Taliban
Video shows people mourning after Afghanistan earthquake in 2022,en,1,AFP Fact Check,https://factcheck.afp.com/doc.afp.com.32DH6RJ,Afghanistan Taliban
"“Thanks to receiving the support of the poor in Afghanistan, the strength of the Taliban grew dramatically.”",en,2,VOA,https://www.voanews.com/a/fact-check-china-whitewashes-taliban-rise/6743117.html,Afghanistan Taliban
"The Taliban is selling abandoned, U.S.-supplied armored vehicles online",en,1,USA Today,https://www.usatoday.com/story/news/factcheck/2021/08/24/fact-check-taliban-not-selling-american-armored-vehicles-online/8219301002/,Afghanistan Taliban
Taliban executed a man by hanging him from a helicopter.,en,1,The Quint,https://www.thequint.com/news/webqoof/afghanistan-crisis-taliban-hanging-man-from-helicopter-fact-check,Afghanistan Taliban
Photo shows Taliban leader Mullah Abdul Ghani Baradar at the Afghanistan presidential palace.,en,1,BOOM Fact Check,https://www.boomlive.in/world/fake-news-taliban-afghanistan-mullah-abdul-ghani-baradar-presidential-palace-14368,Afghanistan Taliban
"The Taliban have survived COVID-19 with no vaccines, testing, masks, etc",en,1,USA Today,https://www.usatoday.com/story/news/factcheck/2021/09/10/fact-check-afghanistan-taliban-havent-been-spared-covid-19/5769960001/,Afghanistan Taliban
CNN praises Taliban for wearing masks during attacks in Afghanistan.,en,1,The Quint,https://www.thequint.com/news/webqoof/cnn-praises-taliban-for-wearing-masks-in-afghanistan-fact-check,Afghanistan Taliban
Photos show the Taliban celebrating after their Kabul takeover.,en,1,BOOM Fact Check,https://www.boomlive.in/fact-check/taliban-afghanistan-kabul-celebration-unrelated-old-pictures-shared-as-recent-14316,Afghanistan Taliban
Taliban Destroyed Mobile Phones In Afghanistan,en,2,Newschecker,https://newschecker.in/fact-check/viral-video-claiming-taliban-destroyed-mobile-phones-in-afghanistan-is-misleading,Afghanistan Taliban
Video shows Taliban hanging a man from a helicopter,en,1,AFP Fact Check,https://factcheck.afp.com/doc.afp.com.9LY7YV,Afghanistan Taliban
NSA Ajit Doval speaking on the Taliban,en,2,Newschecker,https://newschecker.in/fact-check/video-of-national-security-advisor-ajit-doval,Afghanistan Taliban
Photo claims Taliban leader Mullah Abdul Ghani Baradar entering presidential palace in Afghanistan.,en,1,The Quint,https://www.thequint.com/news/webqoof/taliban-leader-abdul-ghani-baradar-entering-presidential-palace-afghanistan-kabul-fact-check,Afghanistan Taliban
"The man next to Mike Pompeo in a November 2020 photo “is the guy the Trump administration helped get out of jail in 2018 and who is now the 'president' of Afghanistan.""",en,0,PolitiFact,https://www.politifact.com/factchecks/2021/aug/18/instagram-posts/posts-correct-about-trump-administrations-role-rel/,Afghanistan Taliban
Photo shows former Afghan president fleeing Taliban’s takeover,en,1,AFP Fact Check,https://factcheck.afp.com/doc.afp.com.9LJ499,Afghanistan Taliban
A set of images show how CNN reporter Clarissa Ward had to start wearing a head covering after the Taliban's takeover of Afghanistan in August 2021.,en,2,Snopes,https://www.snopes.com/fact-check/journalism-taliban-takeover/,Afghanistan Taliban
Picture shows former Afghanistan President Ashraf Ghani fleeing after Taliban took over the country.,en,0,India Today,https://www.indiatoday.in/fact-check/story/picture-of-ashraf-ghani-bagram-visit-shared-as-ex-afghan-prez-fleeing-taliban-1845375-2021-08-25,Afghanistan Taliban
Western nations signed a treaty guaranteeing NATO would not expand 'one inch' to the east after German reunification in 1990.,en,1,AAP,https://www.aap.com.au/factcheck/false-treaty-claims-attempt-to-rewrite-history/,NATO Russia
Fact check: Former Nato chief did not say EU expansion ‘provoked’ Putin,en,3,PA Media,https://pa.media/blogs/fact-check/fact-check-former-nato-chief-did-not-say-eu-expansion-provoked-putin/,NATO Russia
"""Yet, more than two years into the Ukraine-Russia conflict, peace still appears distant, serving as an example that the coalition [NATO] is not promoting peace but rather threatening it.""",en,1,VOA,https://www.voanews.com/a/fact-check-china-depicts-nato-as-peace-threatening-alliance-while-holding-military-drills-on-member-s-border/7695546.html,NATO Russia
"""NATO at the moment is primarily an anti-Russian project...It must focus on countering real threats intead of imaginary ones.""",en,1,VOA,https://www.voanews.com/a/is-nato-an-anti-russian-project/6741533.html,NATO Russia
"“When a country joins NATO it becomes next to impossible for it to resist pressure from major NATO leaders such as the United States, and hence, it may deploy anything – a missile defense system, new bases, or if need be, missile strike systems.”",en,1,VOA,https://www.voanews.com/a/putin-russia-eu-nato-usa-fact-check/6741484.html,NATO Russia
"“Nowadays, NATO is a mere instrument of U.S. foreign policy. It has no allies, it has only vassals. When a country becomes a NATO member, it is very hard for it to resist pressure from a big country … like the United States.”",en,1,VOA,https://www.voanews.com/a/putin-claims-nato-members-are-vassals-not-allies/6741610.html,NATO Russia
"Russia is surrounded by NATO bases, on which there are US nuclear weapons.",en,3,Factcheck.bg,https://factcheck.bg/en/russia-is-not-surrounded-by-us-nuclear-weapons-bases-as-a-fabricated-map-claims/,NATO Russia
A video shows Ukrainian President Volodymyr Zelenskyy saying that NATO “can use nuclear weapons on Russia” in order to deter Russia from using its own nuclear arsenal.,en,1,AP News,https://apnews.com/article/fact-check-zelenskyy-nato-russia-nuclear-162428316989,NATO Russia
"Volodymyr Zelensky ""calls for preventative nuclear attack against Russia.”",en,3,FactCheck.org,https://www.factcheck.org/2023/02/posts-misinterpret-zelensky-quote-on-preventive-actions-against-russia/,NATO Russia
Former U.S. President Donald Trump stated that he would not defend NATO allies if they were attacked by Russia.,en,2,Snopes.com,https://www.snopes.com/fact-check/trump-nato-russia/,NATO Russia
A video report from the BBC stated that a nuclear war had started between NATO and Russia.,en,1,Snopes,https://www.snopes.com/fact-check/bbc-nato-russia-nuclear-incident/,NATO Russia
“NATO (under direction from the United States) is violating previous agreements and expanding eastward.”,en,1,PolitiFact,https://www.politifact.com/factchecks/2022/feb/28/candace-owens/fact-checking-claims-nato-us-broke-agreement-again/,NATO Russia
The video shows NATO in Ukraine to fight the Russian forces.,en,1,The Quint,https://www.thequint.com/news/webqoof/old-video-shared-as-nato-in-ukraine-third-world-war-fact-check,NATO Russia
"“It indicates that they, the Americans in the first place, are preparing to start a war in Europe, and you can wage a war in Europe against Russia only.”",en,1,VOA,https://www.voanews.com/a/russian-general-says-us-and-nato-preparing-war-in-europe/6741700.html,NATO Russia
"“War Begins — F-35, F-16 and MiG-29 NATO intercept and destroy Russia Jets in Polish air space.”",en,1,PolitiFact,https://www.politifact.com/factchecks/2022/apr/28/facebook-posts/no-nato-jets-didnt-destroy-russian-aircraft/,NATO Russia
"“[R]approchement with NATO is fraught with the loss of sovereignty, and the unrestrained expansion of the alliance is nothing more than a continuation of the neo-colonial traditions of the West.""",en,1,VOA,https://www.voanews.com/a/fact-check-russia-falsely-compares-joining-nato-to-a-colonial-takeover/7050654.html,NATO Russia
"""Based on reliable information, planes operated by the NATO and the United States transport these illicit drugs in our neighboring country.”",en,1,VOA,https://www.voanews.com/a/iran-russia-baselessly-claim-nato-is-running-drugs-in-afghanistan-/6742561.html,NATO Russia
"""The events in Ukraine aren’t a clash between Moscow and Kyiv. It’s a military confrontation between NATO, above all the U.S. and Britain, and Russia.”",en,1,VOA,https://www.voanews.com/a/fact-check-putin-aide-falsely-claims-russia-is-fighting-nato-not-ukraine/6912532.html,NATO Russia
The BBC reported that the Russia-Ukraine has led to a nuclear bomb attack on NATO headquarters in Brussels.,en,1,Boom Live,https://www.boomlive.in/world/ukraine-russia-crisis-conflict-usa-nato-uk-nuclear-attack-bbc-report-16852,NATO Russia
“Then US Secretary of State James #Baker assured: ‘There would be no extension of @NATO one inch to the East.’ ”,en,1,VOA,https://www.voanews.com/a/fact-check-to-justify-ukraine-threat-russia-touts-phony-nato-promise-tale/6743241.html,NATO Russia
"“If the way is opened for NATO, it will recognize no limits. If it hadn’t been stopped in #Ukraine, it would have later started a similar war in #Crimea.”",en,1,VOA,https://www.voanews.com/a/fact-check-iran-concocts-nato-war-fantasy-to-justify-russias-ukraine-invasion/6743430.html,NATO Russia
Germany Alleges NATO Preparing Provocation in Kaliningrad,en,3,StopFake,https://www.stopfake.org/en/fake-germany-alleges-nato-preparing-provocation-in-kaliningrad/,NATO Russia
Fake: Emmanuel Macron Admitted that NATO Was Responsible for the Russian Invasion — Jeffrey Sachs,en,3,StopFake,https://www.stopfake.org/en/fake-emmanuel-macron-admitted-that-nato-was-responsible-for-the-russian-invasion-jeffrey-sachs/,NATO Russia
"In early March 2023, Russian forces used a Khinzal hypersonic missile to strike an underground NATO command center, killing up to 300 people including at least 40 high level foreign advisors.",en,1,Snopes,https://www.snopes.com/fact-check/nato-command-center-strike/,NATO Russia
“BREAKING: Possible Sea Confrontation between Russia and NATO…”,en,2,VOA,https://www.voanews.com/a/fact--check-x-users-circulate-old-photo-to-contrive-possible-russia-nato-strife-in-red-sea/7552156.html,NATO Russia
"Russian forces destroyed an underground hidden bunker in Ukraine that belongs to the NATO, killing hundreds of military officials",en,1,VERA Files,https://verafiles.org/articles/vera-files-fact-check-no-secret-nato-bunker-in-ukraine-struck-by-russia,NATO Russia
"“This is a 60-millimeter mortar shell. Such [mortars] are produced in NATO countries, including Croatia and Macedonia. According to Soviet nomenclature, there was no such caliber of shells.”",en,2,VOA,https://www.voanews.com/a/fact-check-east-ukraine-nato-mortar/6742248.html,NATO Russia
"“#OTD in 1999 #NATO started its military aggression against #Yugoslavia. During the barbaric bombings over 2000 peaceful civilians, incl children, lost their lives. That @NATO aggression became the first armed offense against a sovereign state in Europe since the end of #WWII.”",en,1,VOA,https://www.voanews.com/a/fact-check-kosovo-1999-nato-airstrikes/6742875.html,NATO Russia
"NATO Secretary General Mark Rutte said in November 2024, ""If Trump surrenders Ukraine to Putin, I will personally expel the United States from the alliance.”",en,1,Snopes,https://www.snopes.com/fact-check/nato-trump-ukraine-putin/,NATO Russia
NATO's website offers Ukrainian as a language option.,en,0,Snopes,https://www.snopes.com/fact-check/ukrainian-language-nato-website/,NATO Russia
The Amish refuse all vaccinations.,en,0,Full Fact,https://fullfact.org/health/amish-autism-vaccines/,vaccines cause autism
There is no autism among Amish communities.,en,0,Full Fact,https://fullfact.org/health/amish-autism-vaccines/,vaccines cause autism
"“There’s a study that came out last week of 47,000 9-year-olds in the Medicaid system in Florida — I think a Louisiana scientist called Mawson — that shows the opposite,"" meaning that vaccines cause autism.",en,3,FactCheck.org,https://www.factcheck.org/2025/01/rfk-jr-cites-flawed-paper-claiming-link-between-vaccines-and-autism-in-hhs-confirmation-hearing/,vaccines cause autism
"A study testing COVID-19 vaccines in pregnant rats supports the idea that ""vaccines and autism have always been linked."" False.",en,1,FactCheck.org,https://www.factcheck.org/2024/01/scicheck-viral-posts-misuse-rat-study-to-make-unfounded-claims-about-covid-19-vaccines-and-autism/,vaccines cause autism
"GLP-1 drugs are ""the first front-line intervention"" to treat obesity ""for 6-year-old kids""",en,1,FactCheck.org,https://www.factcheck.org/2025/02/factchecking-rfk-jr-s-other-health-claims-during-hhs-confirmation-hearings/,vaccines cause autism
"""The Cochrane Collaboration has said that the ""gold standard"" approach for treating opioid addiction is 12 step programs.""",en,1,FactCheck.org,https://www.factcheck.org/2025/02/factchecking-rfk-jr-s-other-health-claims-during-hhs-confirmation-hearings/,vaccines cause autism
"Research “suggests that Blacks need fewer antigens"" in their vaccines.",en,3,FactCheck.org,https://www.factcheck.org/2025/02/factchecking-rfk-jr-s-other-health-claims-during-hhs-confirmation-hearings/,vaccines cause autism
"“We brought that petition after CDC recommended COVID vaccine without any scientific basis for 6-year-old children.""",en,1,FactCheck.org,https://www.factcheck.org/2025/02/factchecking-rfk-jr-s-other-health-claims-during-hhs-confirmation-hearings/,vaccines cause autism
"The National Institutes of Health spent “almost nothing” on researching the causes of chronic disease, focusing instead on infectious disease.",en,2,FactCheck.org,https://www.factcheck.org/2025/02/factchecking-rfk-jr-s-other-health-claims-during-hhs-confirmation-hearings/,vaccines cause autism
"""The Amish are a perfect example of a large group of people who are largely unvaccinated and there's no autism.""",en,1,FactCheck.org,https://www.factcheck.org/2023/07/scicheck-false-claim-about-cause-of-autism-highlighted-on-pennsylvania-senate-panel/,vaccines cause autism
Childhood vaccinations are linked to an increase in autism cases in India,en,1,Medical Dialogues,https://medicaldialogues.in/fact-check/fact-check-zohos-sridhar-vembus-claim-that-childhood-vaccines-are-linked-to-rising-autism-rates-is-false-157691,vaccines cause autism
"At most 25% of the increase in autism prevalence “can be attributed to better recognition and better diagnosis,” which means “85% are still — or 75% to 80% — still are part of an epidemic.”",en,3,FactCheck.org,https://www.factcheck.org/2025/04/rfk-jr-misleads-on-autism-prevalence-causes/,vaccines cause autism
"Researchers in 1987 in North Dakota “conducted in-person assessments of the entire population of 180,000 children under 18” in an “exhaustive” study of autism prevalence.",en,1,FactCheck.org,https://www.factcheck.org/2025/04/rfk-jr-misleads-on-autism-prevalence-causes/,vaccines cause autism
"As part of a 1970 autism prevalence study, “all the kids in Wisconsin were tested.”",en,1,FactCheck.org,https://www.factcheck.org/2025/04/rfk-jr-misleads-on-autism-prevalence-causes/,vaccines cause autism
"Research shows that only a “very, very small portion” of the increase in autism “can be charged to better recognition or better diagnostic criteria.”",en,3,FactCheck.org,https://www.factcheck.org/2025/04/rfk-jr-misleads-on-autism-prevalence-causes/,vaccines cause autism
There is an “epidemic” of autism that must be due to an “environmental toxin.”,en,3,FactCheck.org,https://www.factcheck.org/2025/04/rfk-jr-misleads-on-autism-prevalence-causes/,vaccines cause autism
Vaccines do not cause autism,en,0,Africa Check,https://africacheck.org/fact-checks/meta-programme-fact-checks/big-data-study-confirms-vaccines-do-not-cause-autism,vaccines cause autism
National Childhood Vaccine Injury Act linked to increase in autism rates,en,1,USA Today,https://www.usatoday.com/story/news/factcheck/2024/05/17/autism-rates-vaccine-injury-legislation-fact-check/73700768007/,vaccines cause autism
"""1989 is the year the [autism] epidemic began. It’s a red line. And 1989 was the year the vaccine schedule exploded. That doesn’t mean that’s a correlation. It does not mean causation, but it is something that should be looked at.”",en,2,FactCheck.org,https://www.factcheck.org/2023/08/scicheck-what-rfk-jr-gets-wrong-about-autism/,vaccines cause autism
Fact Check: Rising Childhood Vaccination is NOT leading to rise in Autism in Children,en,1,Medical Dialogues,https://medicaldialogues.in/fact-check/fact-check-rising-childhood-vaccination-is-not-leading-to-rise-in-autism-in-children-134629,vaccines cause autism
"""The claim 'vaccines do not cause autism' is not an evidence-based claim""",en,1,AFP Fact Check,https://factcheck.afp.com/doc.afp.com.84N6663,vaccines cause autism
Covid-19 vaccines cause autism,en,1,AFP Fact Check,https://factcheck.afp.com/doc.afp.com.36TP484,vaccines cause autism
The rising number of vaccine doses given to children explains why autism rates have risen.,en,1,Full Fact,https://fullfact.org/health/vaccines-autism-rate-rises-instagram/,vaccines cause autism
Suggested that vaccines might cause autism because “there’s not been a direct study on each individual vaccine.”,en,2,FactCheck.org,https://www.factcheck.org/2024/12/sen-mullins-misleading-vaccine-testing-claim/,vaccines cause autism
"“Pharmaceutical medicine has its place, but no single safety study can assess the cumulative impact of one prescription on top of another prescription, and one shot on top of another shot on top of another shot, throughout the course of childhood.""",en,3,The Washington Post,https://www.washingtonpost.com/politics/2024/04/04/robert-f-kennedy-jrs-running-mate-vaccine-wars/,vaccines cause autism
"""Conditions like autism used to be one in 10,000. Now here in the state of California it is one in 22.Conditions like autism used to be one in 10,000. Now here in the state of California it is one in 22.""",en,2,The Washington Post,https://www.washingtonpost.com/politics/2024/04/04/robert-f-kennedy-jrs-running-mate-vaccine-wars/,vaccines cause autism
"An increase in child vaccines has caused autism rates to rise from one in 10,000 to one in 36 over the past four decades.",en,1,AAP,https://www.aap.com.au/factcheck/anti-vaxx-post-pinpoints-wrong-factor-for-autism-rates/,vaccines cause autism
FDA ANNOUNCED THAT VACCINES ARE CAUSING AUTISM! Is this true?,en,1,FactCheck.org,https://www.factcheck.org/2017/11/debunking-false-vaccine-claim/,vaccines cause autism
"Says that as the number of vaccines administered to children has increased in the United States, so has the autism rate.",en,1,PolitiFact,https://www.politifact.com/factchecks/2016/aug/29/viral-image/viral-image-perpetuates-misconception-vaccines-cau/,vaccines cause autism
"Autism and vaccination decreased over the same time period among high-income white households from California, indicating a possible causal relationship",en,0,Science Feedback,https://science.feedback.org/review/decline-autism-among-high-income-white-households-not-caused-by-decrease-in-childhood-vaccination-vaccines-dont-cause-autism/,vaccines cause autism
Increasing numbers of vaccines are associated with increasing rates of autism.,en,3,Full Fact,https://fullfact.org/online/vaccines-dont-cause-autism/,vaccines cause autism
"In 1983, US children got 10 vaccines and the autism rate was 1 in 10,000.",en,3,Full Fact,https://fullfact.org/online/vaccines-dont-cause-autism/,vaccines cause autism
"In 2013, US children got 46 vaccines and the autism rate was 1 in 88.",en,3,Full Fact,https://fullfact.org/online/vaccines-dont-cause-autism/,vaccines cause autism
"In 2008, US children got 36 vaccines and the autism rate was 1 in 150.",en,3,Full Fact,https://fullfact.org/online/vaccines-dont-cause-autism/,vaccines cause autism
"Unvaccinated children do not have autism, but vaccinated children do.",en,1,AAP,https://www.aap.com.au/factcheck/studies-blunt-repeated-shots-at-blaming-vaccines-for-autism/,vaccines cause autism
"""There is some concern that the rise in autism is the result of the preservatives that are in our vaccines.""",en,1,FactCheck.org,https://www.factcheck.org/2018/12/rep-elect-green-wrong-about-vaccines-cdc-fraud/,vaccines cause autism
Poul Thorsen's arrest means studies he co-authored on autism are invalid,en,2,AFP Fact Check,https://factcheck.afp.com/doc.afp.com.767A2NQ,vaccines cause autism
The increase in both the number of vaccines in the CDC schedule and in autism rates implies that vaccines cause autism,en,0,Science Feedback,https://science.feedback.org/review/vaccines-dont-cause-increase-autism-prevalence-changes-diagnostic-criteria-most-plausible-explanation/,vaccines cause autism
"Packaging inserts for the diphtheria, tetanus and pertussis vaccines list autism as a possible side effect on the U.S. Food and Drug Administration’s website.",en,1,AP News,https://apnews.com/article/archive-fact-checking-4852910033,vaccines cause autism
there are no studies that prove vaccines don’t cause autism,en,0,Science Feedback,https://science.feedback.org/review/contrary-to-viral-facebook-claim-numerous-studies-show-vaccines-dont-cause-autism/,vaccines cause autism
“COVID-19 Shots Linked to Autism in Vaccinated Rats: Study”,en,3,Science Feedback,https://science.feedback.org/review/rat-study-alleged-link-covid-vaccines-autism-cannot-generalized-humans-important-limitations/,vaccines cause autism
"In July 2025, a new, 21-year-long study from Denmark that followed more than a million children showed no link between vaccines and 50 chronic conditions, including autism and asthma.",en,0,Snopes,https://www.snopes.com/fact-check/aluminum-chronic-illness-childhood-vaccines/,vaccines cause autism
If a child has a mitochondrial disorder [...] she is more at risk of having a vaccine pushing her over the edge and causing a bad reaction,en,3,Science Feedback,https://science.feedback.org/review/claim-that-vaccines-can-cause-individuals-with-mitochondrial-disorders-to-develop-autism-is-unsupported/,vaccines cause autism
The CDC vaccine schedule corresponds with a spike in autism rates,en,2,AFP Fact Check,https://factcheck.afp.com/doc.afp.com.33PR7HD,vaccines cause autism
MMR vaccine causes autism,en,1,AFP Fact Check,https://factcheck.afp.com/no-courts-have-not-quietly-confirmed-mmr-vaccine-causes-autism,vaccines cause autism
“Now it’s official: FDA announced that vaccines are causing autism.”,en,1,PolitiFact,https://www.politifact.com/factchecks/2017/dec/19/truthcommandcom/no-fda-didnt-hide-information-linking-vaccine-auti/,vaccines cause autism
Mercury in vaccines causes autism,en,1,USA Today,https://www.usatoday.com/story/news/factcheck/2023/10/12/vaccines-rarely-contain-mercury-do-not-cause-autism-fact-check/71126393007/,vaccines cause autism
"All these diseases [...] use [sic] to be rare. Autism use [sic] to be 1 in 10,000. Now it’s 1 in 50. Now, where is it all coming from? Vaccines are doing it.",en,3,Science Feedback,https://science.feedback.org/review/vaccines-do-not-cause-autism-diabetes-or-cancer-contrary-to-shiv-chopras-claim/,vaccines cause autism
“Autism is nothing more than mercury toxicity“; vaccine ingredients are toxic,en,0,Science Feedback,https://science.feedback.org/review/vaccines-do-not-cause-mercury-toxicity-or-autism-contrary-to-claim-by-rashid-buttar-london-real/,vaccines cause autism
Courts have quietly confirmed MMR vaccine causes autism,en,1,vishvasnews.com,https://www.vishvasnews.com/english/viral/fact-check-no-courts-havent-quietly-confirmed-mmr-vaccine-causes-autism/,vaccines cause autism
“New peer-reviewed study again confirms childhood vaccines are likely responsible for nearly 80% of the autism cases in US”,en,2,Science Feedback,https://science.feedback.org/review/flawed-analysis-florida-medicaid-data-promote-false-claim-vaccines-cause-autism/,vaccines cause autism
It is a lie to say vaccines don’t cause autism.,en,1,AAP,https://www.aap.com.au/factcheck/once-again-no-vaccines-do-not-cause-autism/,vaccines cause autism
Vaccines contain unhealthy levels of aluminum; Japan’s elimination of vaccines has reduced infant mortality,en,0,Science Feedback,https://science.feedback.org/review/vaccines-dont-cause-autism-difference-infant-mortality-rates-japan-us-unrelated-vaccination/,vaccines cause autism
Vaccines cause autism.,en,3,Full Fact,https://fullfact.org/health/vietnam-vaccines-autism-gates/,vaccines cause autism
"Courts have ""quietly confirmed"" that the MMR vaccine causes autism",en,1,PolitiFact,https://www.politifact.com/factchecks/2019/feb/11/blog-posting/no-courts-did-not-quietly-confirm-mmr-vaccine-caus/,vaccines cause autism
The CDC found a 236% increased risk of autism in African-American boys associated with the MMR vaccine,en,0,Science Feedback,https://science.feedback.org/review/no-increased-risk-of-autism-observed-in-african-american-boys-associated-with-mmr-vaccine-claim-based-on-erroneous-study-retracted-in-2014/,vaccines cause autism
"Aluminum, mercury in vaccines cause autism; aluminum exceeds safe limit",en,1,USA Today,https://www.usatoday.com/story/news/factcheck/2024/01/26/aluminum-in-vaccines-not-linked-to-autism-fact-check/72355284007/,vaccines cause autism
"Autism has increased by 30,000% in 50 years, is linked to vaccines",en,1,USA Today,https://www.usatoday.com/story/news/factcheck/2021/04/18/fact-check-autism-diagnosis-changes-over-years-account-high-rate/7102414002/,vaccines cause autism
Gates Foundation vaccination campaign in Vietnam increased autism cases,en,1,AFP Fact Check,https://factcheck.afp.com/doc.afp.com.33PX7TD,vaccines cause autism
The rise in the number of childhood vaccines is associated with a rise in autism compared to the past,en,0,Science Feedback,https://science.feedback.org/evidence-refuting-false-claim-vaccines-cause-autism/,vaccines cause autism
Government silenced “top expert witness” who denied the vaccine-autism link in court and changed opinion; his testimony could have changed the court’s decision,en,2,Science Feedback,https://science.feedback.org/review/2019-tv-host-sharyl-attkisson-exaggerates-expert-opinion-court-case-claim-vaccines-cause-autism/,vaccines cause autism
“The CDC Finally Capitulated To ICAN’s Legal Demands and Removed the Claim that “Vaccines Do Not Cause Autism” From Its Website!”,en,0,Science Feedback,https://science.feedback.org/review/there-is-no-evidence-that-vaccines-cause-autism-the-u-s-cdc-didnt-change-their-stance-on-the-subject/,vaccines cause autism
The Amish don’t get autism because they do not vaccinate their children.,en,1,Snopes,https://www.snopes.com/fact-check/the-amish-dont-get-autism/,vaccines cause autism
Pneumococcal vaccines cause autism,en,1,THIP Media,https://www.thip.media/health-news-fact-check/fact-check-do-pneumococcal-vaccines-cause-autism/46724/,vaccines cause autism
"Autism has now been included among the known side effects of the DTaP (Diphtheria, Tetanus, and acellular Pertussis) vaccine.",en,1,Snopes,https://www.snopes.com/fact-check/autism-is-now-disclosed-as-dtap-side-effect/,vaccines cause autism
The pneumococcal vaccine causes autism spectrum disorder in children.,en,3,Lead Stories,https://leadstories.com/hoax-alert/2023/05/fact-check-pneumococcal-vaccine-does-not-cause-autism.html,vaccines cause autism
Data suppressed by the CDC proved that the MMR vaccine produces a 340% increased risk of autism in African-American boys.,en,1,Snopes,https://www.snopes.com/fact-check/bad-medicine/,vaccines cause autism
"Energy Department ""confirms Covid came from a Wuhan lab leak.""",en,3,FactCheck.org,https://www.factcheck.org/2023/03/scicheck-still-no-determination-on-covid-19-origin/,COVID origin lab leak
“China has also made it clear more than once that the Wuhan Institute of Virology has never engaged in gain-of-function studies of coronavirus.”,en,2,VOA,https://www.voanews.com/a/china-denial-of-coronavirus-tinkering-at-wuhan-lab-misleading/7980887.html,COVID origin lab leak
Multiple agencies “have all agreed that NIH research almost certainly led to the pandemic.”,en,1,FactCheck.org,https://www.factcheck.org/2025/05/trump-administration-incorrectly-claims-certainty-about-origin-of-coronavirus/,COVID origin lab leak
"A lab leak is ""the true origins"" of COVID-19.",en,3,FactCheck.org,https://www.factcheck.org/2025/05/trump-administration-incorrectly-claims-certainty-about-origin-of-coronavirus/,COVID origin lab leak
A lab leak “is now the leading theory among scientists” for the origin of the COVID-19 pandemic.,en,3,FactCheck.org,https://www.factcheck.org/2025/05/trump-administration-incorrectly-claims-certainty-about-origin-of-coronavirus/,COVID origin lab leak
“Wuhan Lab Leak Theory CONFIRMED.”,en,1,FactCheck.org,https://www.factcheck.org/2023/06/scicheck-no-bombshell-on-covid-19-origins-u-s-intelligence-rebuts-claims-about-sick-lab-workers/,COVID origin lab leak
"“I will tell you, more and more, we’re hearing the story [that the new coronavirus emerged from a Wuhan lab].”",en,3,The Washington Post,https://www.washingtonpost.com/politics/2020/05/01/was-new-coronavirus-accidentally-released-wuhan-lab-its-doubtful/,COVID origin lab leak
“CIA now says Covid DID come from Chinese lab”,en,2,Science Feedback,https://science.feedback.org/review/did-cia-conclude-sars-cov-2-came-from-chinese-lab-beware-misleading-headlines-daily-mail/,COVID origin lab leak
“US GOV finally admits that Covid started in the Wuhan lab.”,en,2,PolitiFact,https://www.politifact.com/article/2023/mar/02/new-reports-show-backing-lab-leak-theory-but/,COVID origin lab leak
"""Johns Hopkins"" study finds ""lockdowns"" had ""little to no"" impact on COVID-19 deaths.",en,3,FactCheck.org,https://www.factcheck.org/2022/03/scicheck-what-weve-learned-about-so-called-lockdowns-and-the-covid-19-pandemic/,COVID lockdown
"""Here we are a year later - the world shut down for a 99.97% survival rate""",en,0,BBC,https://www.bbc.co.uk/news/55949640,COVID lockdown
"We don't lock down for flu, so why now?",en,2,BBC,https://www.bbc.co.uk/news/55949640,COVID lockdown
"""There was no pressure on the NHS all winter""",en,1,BBC,https://www.bbc.co.uk/news/55949640,COVID lockdown
"Suicides increased ""200%"" during lockdown",en,1,BBC,https://www.bbc.co.uk/news/55949640,COVID lockdown
"""No-lockdown Sweden fared better than the UK""",en,0,BBC,https://www.bbc.co.uk/news/55949640,COVID lockdown
"NHS data shows only 3,000 people have died of Covid-19",en,1,BBC,https://www.bbc.co.uk/news/55949640,COVID lockdown
Video shows recent protests over Muslim land bill in India,en,1,AFP Fact Check,https://factcheck.afp.com/doc.afp.com.43876WF,COVID lockdown
Sources within the federal government say “new lockdowns are coming.”,en,3,FactCheck.org,https://www.factcheck.org/2023/08/scicheck-no-support-for-viral-claim-that-covid-19-lockdowns-are-returning-this-fall/,COVID lockdown
"An ""emergency lockdown"" will be implemented starting Apr. 10 due to the alleged threat of new COVID-19 variant, ""Cicada"" in the Philippines.",en,1,VERA Files,https://verafiles.org/articles/fact-check-no-lockdown-due-to-covid-19-cicada-variant,COVID lockdown
Indian actor threatening to the gangster Lawrence Bishnoi,en,1,AFP Fact Check,https://factcheck.afp.com/doc.afp.com.36K32FP,COVID lockdown
"""[W]ithin 48 to 72 Hours… The president will order a two week mandatory quarantine for the nation.""",en,1,FactCheck.org,https://www.factcheck.org/2020/03/false-claims-of-nationwide-lockdown-for-covid-19/,COVID lockdown
there will be a complete lockdown in India from 12 midnight while a lockdown has been implemented in Delhi.,en,1,vishvasnews.com,https://www.vishvasnews.com/english/viral/fact-check-fake-claim-of-lockdown-going-viral-amid-rising-cases-of-covid-19-in-india/,COVID lockdown
China declares state of emergency over HMPV,en,1,AFP Fact Check,https://factcheck.afp.com/doc.afp.com.36VJ6J2,COVID lockdown
List of countries that imposed new lockdown restrictions to contain the third wave of COVID-19 virus,en,1,FACTLY,https://factly.in/old-message-revived-as-new-lockdown-restrictions-in-various-countries-to-contain-the-third-wave-of-covid-19/,COVID lockdown
Suicides have increased 200% in the COVID-19 lockdown period.,en,3,FactCheckNI,https://factcheckni.org/topics/health/has-the-suicide-rate-increased-200-during-the-covid-19-lockdown-period/,COVID lockdown
A ‘Johns Hopkins study’ found lockdowns in effective in preventing deaths,en,2,USA Today,https://www.usatoday.com/story/news/factcheck/2022/02/18/fact-check-working-paper-isnt-proof-lockdown-dont-work-experts-say/6749032001/,COVID lockdown
Lockdown in UP will start on 4 March 2025,en,1,vishvasnews.com,https://www.vishvasnews.com/english/viral/fact-check-viral-claim-of-lockdown-in-uttar-pradesh-from-march-4-2025-is-fake-video-is-from-2021/,COVID lockdown
WHO has released “protocols and procedures” of lockdown periods to fight Covid-19.,en,1,India Today,https://www.indiatoday.in/fact-check/story/fact-check-viral-lockdown-phases-control-covid-19-not-endorsed-who-1663542-2020-04-05,COVID lockdown
"Victoria's lockdown is ""the most severe lockdown tried anywhere in the world outside of Wuhan itself""",en,1,ABC News,https://www.abc.net.au/news/2020-10-01/fact-check-was-victorias-lockdown-most-severe-oustide-wuhan/12690432,COVID lockdown
"""[H]ere in Melbourne, very sadly, we've endured the longest lockdown in the world.""",en,3,ABC News,https://www.abc.net.au/news/2021-10-25/fact-check-is-melbourne-most-locked-down-city/100560172,COVID lockdown
“COVID lockdowns don’t appear to have saved lives”; “ample scientific evidence points to the fact that lockdowns did not save lives”,en,0,Science Feedback,https://science.feedback.org/review/evidence-shows-that-lockdowns-implemented-to-tackle-the-spread-of-covid-19-have-saved-lives-contrary-to-claims-in-the-new-york-post/,COVID lockdown
The list of countries that imposed new lockdown restrictions to contain the second wave of COVID-19 virus,en,2,FACTLY,https://factly.in/old-message-revived-as-new-lockdown-restrictions-in-various-countries-to-contain-second-wave-of-covid-19/,COVID lockdown
"Coronavirus gone in South Korea and under control in Japan, restrictions in Philippines are too relaxed",en,2,AFP Fact Check,https://factcheck.afp.com/misinformation-circulates-online-about-covid-19-cases-and-lockdown-measures-asia,COVID lockdown
"""The United States is the only country on earth that is protesting being locked down.""",en,1,FactCheck.org,https://www.factcheck.org/2020/05/u-s-isnt-the-only-country-with-lockdown-protests/,COVID lockdown
The government's roadmap to ease Covid-19 restrictions will be set out in 5 phases.,en,3,Full Fact,https://fullfact.org/online/ireland-lockdown-phases/,COVID lockdown
"A photograph shows a ""Your Health Is Not More Important Than My Liberties!"" message displayed on an automobile window at a protest calling for the loosening of COVID-19 social-distancing restrictions.",en,0,Snopes,https://www.snopes.com/fact-check/lockdown-protest-car-message/,COVID lockdown
"Palace Spokesperson Harry Roque claims that the Duterte administration deserves an 85 percent rating for effective COVID-19 response because it managed to minimize the number of deaths and infection, owing primarily for being the first country in Southeast Asia to impose a lockdown.",en,1,VERA Files,https://verafiles.org/articles/vera-files-fact-check-roque-repeats-false-claim-covid-lockdo,COVID lockdown
Five states to reintroduce lockdown. Prime Minister Narendra Modi has announced fresh lockdown in these states in view of rising number of Covid-19 cases.,en,1,India Today,https://www.indiatoday.in/fact-check/story/fact-check-no-pm-modi-has-not-announced-another-covid-19-lockdown-1743770-2020-11-24,COVID lockdown
WHO's proposal for lockdown periods to control COVID-19,en,1,Boom Live,https://www.boomlive.in/fake-news/viral-messages-stating-who-protocols-for-lockdown-extension-are-false-7552,COVID lockdown
Covid-19 vaccines and face masks are unsafe; that several official facts about Covid-19 are wrong; that Covid-19 does not spread as easily as official sources state; and that lockdowns will cause everyone to die an early death,en,1,The Journal,https://www.thejournal.ie/debunked-dolores-cahill-covid-19-video-masks-lockdown-vaccines-5315519-Jan2021/,COVID lockdown
"The Philippines was the ""earliest...in the world"" to impose a lockdown to curb the spread of COVID-19.",en,1,VERA Files,https://verafiles.org/articles/vera-files-fact-check-imee-marcos-falsely-claims-ph-imposed,COVID lockdown
An image shows demonstrations against COVID-19 restrictions in Austria,en,1,USA Today,https://www.usatoday.com/story/news/factcheck/2021/11/22/fact-check-viral-photo-doesnt-show-covid-19-protests-vienna/8719390002/,COVID lockdown
Genuine news report about extension of COVID-19 lockdown in the Philippines,en,1,AFP Fact Check,https://factcheck.afp.com/graphic-about-covid-19-lockdown-extension-philippines-has-been-doctored,COVID lockdown
World Health Organization issues guidelines on COVID-19 lockdown,en,1,AFP,https://factcheck.afp.com/world-health-organization-confirmed-protocol-covid-19-lockdown-fake,COVID lockdown
Mandatory vaccines became law from Wednesday 6 January 2021.,en,0,Full Fact,https://fullfact.org/online/mandatory-vaccines-january-2021/,COVID lockdown
WHO has released a protocol for lockdown period to fight coronavirus,en,1,The Quint,https://www.thequint.com/news/webqoof/no-who-has-not-released-a-global-lockdown-timeline-for-covid-19-fact-check,COVID lockdown
Government of India's roadmap for exiting lockdown in five phases,en,1,The Quint,https://www.thequint.com/news/webqoof/government-of-indias-roadmap-for-exiting-lockdown-in-5-phases-not-really-fact-check,COVID lockdown
A photograph shows protesters displaying an anti-Semitic sign during a COVID-19 lockdown protest.,en,0,Snopes,https://www.snopes.com/fact-check/anti-semitic-lockdown-protest/,COVID lockdown
CM Yediyurappa announced a lockdown in Karnataka in March 2021,en,1,The Quint,https://www.thequint.com/news/webqoof/old-video-shared-to-claim-cm-announced-lockdown-in-karnataka-fact-check,COVID lockdown
Philippine capital placed under heightened Covid restriction after elections,en,1,AFP Fact Check,https://factcheck.afp.com/doc.afp.com.32A99B2,COVID lockdown
"An image shows Muslims queueing to get into a mosque, standing closer than two metres apart, after the lockdown was announced.",en,3,Full Fact,https://fullfact.org/online/coronavirus-mosque-shut-lockdown/,COVID lockdown
Video shows people leaving food packets on the road for the poor and needy who cannot earn due to the novel Coronavirus lockdown.,en,1,Boom Live,https://www.boomlive.in/world/coronavirus/no-food-donations-were-not-made-in-turkey-during-covid-19-lockdown-7528,COVID lockdown
Video shows Mamata Banerjee announcing lockdown rules for August 2021.,en,1,The Quint,https://www.thequint.com/news/webqoof/mamata-banerjee-announces-new-covid-19-lockdown-rules-for-august-fact-check,COVID lockdown
Assam has been completely locked down due to Covid-19,en,1,India Today,https://www.indiatoday.in/fact-check/story/fact-check-false-message-of-assam-lockdown-goes-viral-amid-covid-19-scare-1658824-2020-03-23,COVID lockdown
The Philippine government has passed a motion to put Metro Manila back on strict lockdown restrictions,en,2,AFP Fact Check,https://factcheck.afp.com/misinformation-about-reimposing-strict-covid-19-lockdown-metro-manila-circulates-online,COVID lockdown
Ghana's President Nana Akufo-Addo announces partial lockdown due to coronavirus fears,en,0,Ghana Fact,https://ghanafact.com/coronavirus-ghanas-president-announces-partial-lockdown/,COVID lockdown
Maharashtra CM Uddhav Thackeray has recently announced a lockdown in the state from 1 March.,en,1,The Quint,https://www.thequint.com/news/webqoof/no-maha-cm-hasnt-announced-a-lockdown-from-1-march-yet,COVID lockdown
"Amid a nationwide COVID-19 lockdown, Italians reported seeing wildlife such as swans and dolphins ""returning"" to newly tranquil waterways, ports, and canals.",en,2,Snopes,https://www.snopes.com/fact-check/dolphins-swans-italy-lockdown/,COVID lockdown
Lockdown in India because of HMPV. HMPV is like Covid-19.,en,1,The Quint,https://www.thequint.com/news/webqoof/false-claims-about-lockdown-due-to-hmpv-india-covid-fact-check,COVID lockdown
"Sweden had few COVID deaths in July, despite low vaccination rates, relaxed lockdown rules and low mask compliance.",en,0,PolitiFact,https://www.politifact.com/factchecks/2021/aug/06/steve-deace/swedens-low-covid-19-death-tally-july-ignores-othe/,COVID lockdown
Trump warned mpox will be used as excuse for electoral fraud and lockdowns,en,1,USA Today,https://www.usatoday.com/story/news/factcheck/2024/08/23/trump-lockdown-claims-covid-19-not-mpox-fact-check/74906489007/,COVID lockdown
Latest video of Salman Khan warning Lawrence Bishnoi.,en,2,FACTLY,https://factly.in/an-old-video-of-salman-khan-talking-about-covid-19-lockdown-violators-is-now-viral-as-his-recent-warning-message-to-lawrence-bishnoi/,COVID lockdown
"Zhengzhou residents shopping for city lockdown in May, 2022",en,2,AFP Fact Check,https://factcheck.afp.com/doc.afp.com.329H42F,COVID lockdown
How lockdown is executed in Spain or the USA,en,1,Alt News,https://www.altnews.in/video-of-2019-protest-in-azerbaijani-shared-as-spanish-police-excess-during-covid-19-lockdown/,COVID lockdown
Dolphins and swans return to Italy waterways after Covid-19 lockdown.,en,1,India Today,https://www.indiatoday.in/fact-check/story/has-covid19-lockdown-returned-dolphins-swans-italian-waterways-1658457-2020-03-22,COVID lockdown
"As governor of Minnesota, Tim Walz ordered police to shoot residents with paintball guns for not obeying curfew orders during the COVID-19 pandemic.",en,1,Snopes,https://www.snopes.com/fact-check/tim-walz-paintball-guns-curfew/,COVID lockdown
A critically endangered Malabar civet was seen for the first time since the 1990s during a COVID-19 lockdown in India.,en,1,Snopes.com,https://www.snopes.com/fact-check/spotted-malabar-civet-coronavirus/,COVID lockdown
Photo shows Finnish people protesting US President Joe Biden's visit in July 2023,en,1,AFP Fact Check,https://factcheck.afp.com/doc.afp.com.33PR7RF,COVID lockdown
Photo of people from Chinese mainland heading to Hong Kong for pandemic aid,en,2,AFP,https://factcheck.afp.com/doc.afp.com.323L9TY,COVID lockdown
Bhopal and Indore under lockdown as COVID cases rise in India,en,1,The Quint,https://www.thequint.com/news/webqoof/bhopal-indore-lockdown-as-covid-cases-rise-fake-news-fact-check,COVID lockdown
Russia released more than 500 lions to make sure that people stay inside during the COVID-19 pandemic.,en,1,Snopes,https://www.snopes.com/fact-check/russia-release-lions-coronavirus/,COVID lockdown
A photograph shows protest signs carried by demonstrators calling for the loosening of COVID-19 social-distancing restrictions.,en,1,Snopes,https://www.snopes.com/fact-check/anti-lockdown-protest-signs/,COVID lockdown
PM Modi to announce nation-wide lockdown,en,1,The Quint,https://www.thequint.com/news/webqoof/fake-news-pm-modi-not-to-declare-lockdown-in-india-tv9-bulletin-is-edited,COVID lockdown
“Breaking: UK Prepares For Full Lockdown After Hundreds Of New Cases — Wuhan Super Virus Updates.”,en,1,PolitiFact,https://www.politifact.com/factchecks/2020/feb/25/facebook-posts/no-evidence-united-kingdom-preparing-lockdown-over/,COVID lockdown
"The lockdown began on 16 March 2020, when Matt Hancock told the House of Commons that all unnecessary social contact should cease.",en,3,Full Fact,https://fullfact.org/health/coronavirus-lockdown-hancock-claim/,COVID lockdown
Just see saudi arabia shopping mall after lifting lockdown,en,1,The Quint,https://www.thequint.com/news/webqoof/old-video-resurfaces-to-show-saudi-arabia-shoppping-mall-coronavirus-lockdown-fact-check,COVID lockdown
Parrots are feasting on sacks of grains during COVID-19 lockdown in India.,en,1,BOOM Fact Check,https://www.boomlive.in/world/2014-photo-revived-and-shared-with-covid-19-lockdown-spin-8045,COVID lockdown
Photos show Shanghai residents protesting against martial law imposed during COVID-19 lockdown.,en,1,BOOM Fact Check,https://www.boomlive.in/world/fake-news-covid-19-shanghai-martial-law-lockdown-citizens-protesting-17859,COVID lockdown
Deer playing on a beach during COVID-19 lockdown.,en,1,BOOM Fact Check,https://www.boomlive.in/world/old-video-of-deer-on-a-beach-resurfaces-with-covid-19-lockdown-spin-7858,COVID lockdown
Schools in the UK could reopen and the lockdown could be lifted in the next two days.,en,0,Full Fact,https://fullfact.org/online/facebook-coronavirus-lockdown-prank/,COVID lockdown
A video shows Prime Minister Narendra Modi announcing a 21-day lockdown in the country after the detection of Human Metapneumovirus (HMPV) cases.,en,1,FACTLY,https://factly.in/an-old-march-2020-video-of-pm-modi-announcing-a-21-day-lockdown-in-response-to-covid-19-is-falsely-shared-as-if-he-announced-a-lockdown-concerning-hmpv-cases/,COVID lockdown
Video shows 2020 Minnesota crackdown on COVID-19 measures,en,1,AFP Fact Check,https://factcheck.afp.com/doc.afp.com.36EB4X9,COVID lockdown
Video shows PM Modi has recently announced a nationwide lockdown over reports of surge in COVID cases.,en,1,BOOM Fact Check,https://www.boomlive.in/fact-check/viral-video-corona-lockdown-announcement-prime-minister-narendra-modi-old-video-social-media-20601,COVID lockdown
"The ""second wave"" is real: Wuhan City in lockdown again",en,1,VERA Files,https://verafiles.org/articles/vera-files-fact-check-wuhan-not-second-lockdown-amid-new-cov,COVID lockdown
Latest visuals of Prime Minister Narendra Modi announcing a complete lockdown again in the country,en,1,FACTLY,https://factly.in/old-videos-of-centre-state-government-measures-during-previous-covid-19-waves-resurfaced-amid-the-recent-rise-new-cases/,COVID lockdown
"Bihar government has issued orders to shut down schools, colleges and coaching institutes amid the rising COVID-19 cases in the country",en,1,FACTLY,https://factly.in/old-videos-of-centre-state-government-measures-during-previous-covid-19-waves-resurfaced-amid-the-recent-rise-new-cases/,COVID lockdown
Followers of a priest beat up a cop after the priest defied the lockdown,en,1,The Quint,https://www.thequint.com/news/webqoof/followers-of-a-priest-beat-up-cop-during-covid-19-lockdown-fact-check,COVID lockdown
Video shows residents breaking out of Covid lockdown in China’s Lanzhou,en,1,AFP Fact Check,https://factcheck.afp.com/doc.afp.com.32MT26P,COVID lockdown
Metro Manila and four provinces placed under strict lockdown in April 2023,en,1,AFP Fact Check,https://factcheck.afp.com/doc.afp.com.33ED6VH,COVID lockdown
Video shows police crackdown during COVID-19 lockdown in Spain,en,1,The Quint,https://www.thequint.com/news/webqoof/covid-19-old-video-from-azerbaijan-shared-as-lockdown-in-spain,COVID lockdown
Viral video shows vijaywada to witness COVID-19 lockdown,en,1,The Quint,https://www.thequint.com/news/webqoof/old-video-coronavirus-lockdown-fact-check,COVID lockdown
"Maharashtra under lockdown from March 1, 2021 for 15 days",en,1,Boom Live,https://www.boomlive.in/fact-check/maharashtra-uddhav-thackeray-covid-19-lockdown-march-1-tv9-graphic-fake-12089,COVID lockdown
"A photograph shows a flyer posted for an ""End the Lockdown Rally"" in Staten Island.",en,0,Snopes.com,https://www.snopes.com/fact-check/lockdown-rally-flyer/,COVID lockdown
These are delhi chief minister arvind kejriwal's delhi and the photos have been published by news agency ANI,en,1,The Quint,https://www.thequint.com/news/webqoof/jammu-picture-passed-off-as-delhi-situation-amid-covid-lockdown-fact-check,COVID lockdown
India Today graphic says lockdown extended to May 4,en,1,Boom Live,https://www.boomlive.in/fake-news/morphed-india-today-graphic-claims-lockdown-extended-to-may-4th-7494,COVID lockdown
"“Lockdowns only reduced COVID-19 mortality by .2%, study finds”",en,2,Science Feedback,https://science.feedback.org/review/claims-johns-hopkins-study-showed-lockdowns-ineffective-reducing-covid-19-mortality-based-working-paper-questionable-methods-fox-news-daily-mail/,COVID lockdown
A video has been shared alongside a claim it shows people rioting and looting shops in England during the coronavirus lockdown.,en,1,BOOM Fact Check,https://www.boomlive.in/world/london-riots-video-from-2011-goes-viral-during-covid-19-lockdown-7755,COVID lockdown
WHO issued proposal for extending lockdowns to control COVID-19,en,1,vishvasnews.com,https://www.vishvasnews.com/english/health/fact-check-who-didnt-issue-proposal-for-extending-lockdowns-to-control-covid-19-fake-post-getting-viral-2/,COVID lockdown
People celebrating the end of lockdown in Saudi Arabia,en,1,AFP Fact Check,https://factcheck.afp.com/video-shows-street-dubai-after-authorities-eased-coronavirus-lockdown-measures,COVID lockdown
24-2-2021 Coronavirus Amravati lockdown,en,1,vishvasnews.com,https://www.vishvasnews.com/english/viral/fact-check-old-video-of-covid-19-lockdown-in-amravati-going-viral-as-recent/,COVID lockdown
Video of a shop being looted shared lockdown situation in South Africa.,en,1,NewsMobile,https://www.newsmobile.in/nm-fact-checker/fact-check-shop-looted-in-south-africa-during-covid-19-lockdown-heres-the-truth-behind-this-video/,COVID lockdown
Video shows birds flocking in Ahmedabad post the COVID-19 lockdown,en,2,Boom Live,https://www.boomlive.in/fake-news/video-of-birds-flocking-in-ahmedabad-not-linked-to-covid-19-lockdown-7464,COVID lockdown
Video shows stringent lockdown measures in Italy,en,1,BOOM Fact Check,https://www.boomlive.in/fake-news/coronavirus-video-of-an-arrest-in-brazil-falsely-linked-to-lockdown-in-italy-7333,COVID lockdown
"Ivermectin cures Covid-19, cancer",en,1,AFP Fact Check,https://factcheck.afp.com/doc.afp.com.46J2763,ivermectin COVID
The U.S. Food and Drug Administration approved ivermectin as a treatment for COVID-19 in April 2025,en,3,Lead Stories,https://leadstories.com/hoax-alert/2025/04/fact-check-fda-approves-ivermectin-covid.html,ivermectin COVID
"“Ivermectin is a treatment after Covid and after vaccination, it is an effective medicine in all phases of Covid 19.”",en,1,PolitiFact,https://www.politifact.com/factchecks/2024/dec/19/facebook-posts/no-ivermectin-still-isnt-an-effective-covid-19-tre/,ivermectin COVID
“WHO scientist faces death penalty” in India for advising against using ivermectin to treat COVID-19,en,0,Science Feedback,https://science.feedback.org/review/no-former-who-scientist-doesnt-face-death-penalty-advising-against-ivermectin-covid/,ivermectin COVID
"Court rules FDA broke the law with advisory warning against using ivermectin for COVID-19; FDA lost lawsuit, proving ivermectin is effective against COVID-19",en,0,Science Feedback,https://science.feedback.org/review/no-court-didnt-rule-fda-broke-the-law-advisory-warning-ivermectin-covid-19/,ivermectin COVID
Fox News Tweets that 68% of individuals who used Ivermectin to treat or prevent COVID-19 are suffering from long-term bowel and urinary incontinence.,en,3,Fact Crescendo Sri Lanka,https://srilanka.factcrescendo.com/english/purported-screenshot-of-fox-news-tweet-being-spread-as-side-effects-of-ivermectin-usage-in-covid-19-period-is-misleading/,ivermectin COVID
“The FDA is now saying that it is OK to prescribe ivermectin [for COVID-19]”,en,2,Science Feedback,https://science.feedback.org/review/the-fda-continues-to-recommend-against-ivermectin-for-treating-preventing-covid19-despite-claims-contrary/,ivermectin COVID
An article published in the medical journal Cureus proves that ivermectin reduces COVID mortality by 74 percent.,en,3,Lead Stories,https://leadstories.com/hoax-alert/2023/08/fact-check-study-does-not-show-ivermectin-reduces-covid-19-mortality-by-74-percent.html,ivermectin COVID
The FDA quietly approved ivermectin to treat COVID-19,en,1,USA Today,https://www.usatoday.com/story/news/factcheck/2023/08/17/ivermectin-still-not-fda-approved-as-covid-19-remedy-fact-check/70595989007/,ivermectin COVID
“The FDA is now saying that it’s OK to take ivermectin if you have COVID.”,en,1,PolitiFact,https://www.politifact.com/factchecks/2023/aug/17/maria-bartiromo/the-fda-didnt-reverse-course-ivermectin-is-still-n/,ivermectin COVID
"In August 2023, the U.S. Food and Drug Administration reversed course and admitted that doctors would be allowed to prescribe ivermectin for treatment of COVID-19.",en,1,Snopes,https://www.snopes.com/fact-check/fda-admit-ivermectin/,ivermectin COVID
Public health experts discredited the anti-parasitic drug ivermectin to ensure that COVID-19 vaccines got emergency use authorization.,en,3,Lead Stories,https://leadstories.com/hoax-alert/2023/07/fact-check-public-health-experts-did-not-discredit-ivermectin-to-ensure-covid-vaccines-got-emergency-use-authorization.html,ivermectin COVID
Donald Trump got a COVID-19 vaccine containing hydroxychloroquine and ivermectin,en,1,USA Today,https://www.usatoday.com/story/news/factcheck/2023/06/16/trump-got-pfizer-covid-vaccine-not-ivermectin-mix-fact-check/70303213007/,ivermectin COVID
Senate President Tito Sotto and The Philippine Senate is promoting and considering Ivermectin for the early prevention and treatment of COVID-19.,en,1,Rappler,https://www.rappler.com/newsbreak/fact-check/senate-promoting-ivermectin-covid-19-treatment-prevention/,ivermectin COVID
Indian State Of Uttar Pradesh Did Drop COVID Cases To Zero In 71 out 75 Districts In 24 Hours After Implementing Ivermectin Protocol,en,3,Lead Stories,https://leadstories.com/hoax-alert/2021/11/fact-check-indian-state-of-uttar-pradesh-did-not-drop-covid-cases-to-zero-in-71-out-75-districts-in-24-hours.html,ivermectin COVID
Ivermectin was effective against omicron in phase 3 clinical trials.,en,1,FactCheck.org,https://www.factcheck.org/2022/02/scicheck-social-media-posts-repeat-inaccurate-reporting-on-ivermectin-and-omicron/,ivermectin COVID
"“Looks like Merck is repackaging the ‘horse drug’ and making it much more expensive! It will be the ‘new’ treatment for C. in pill form.""",en,1,FactCheck.org,https://www.factcheck.org/2021/10/scicheck-merck-pfizer-covid-19-antivirals-different-from-ivermectin/,ivermectin COVID
“Pfizer’s new oral antiviral is just a protease inhibitor just like Ivermectin. They’re literally repackaging ivermectin to sell to the masses with a new name.”,en,1,FactCheck.org,https://www.factcheck.org/2021/10/scicheck-merck-pfizer-covid-19-antivirals-different-from-ivermectin/,ivermectin COVID
A new trial drug being tested by Pfizer is actually ivermectin being rebranded.,en,0,Full Fact,https://fullfact.org/online/new-protease-inhibitor/,ivermectin COVID
A Japanese study “says ivermectin is effective against Omicron in phase III trial.”,en,1,AP News,https://apnews.com/article/fact-checking-439365261885,ivermectin COVID
The National Institutes of Health recently added ivermectin to a list of COVID-19 treatments.,en,1,AP News,https://apnews.com/article/fact-check-false-ivermectin-NIH-COVID19-guidelines-365274157598,ivermectin COVID
A recently published study shows that ivermectin is more effective than remdesivir in reducing mortality when treating COVID-19.,en,2,AP News,https://apnews.com/article/fact-checking-136056839408,ivermectin COVID
Ivermectin won Nobel Prize for its role in treating human disease,en,2,USA Today,https://www.usatoday.com/story/news/factcheck/2021/09/14/fact-check-ivermectin-did-win-nobel-prize-not-proven-covid-19/8258399002/,ivermectin COVID
The Mexican government is giving away free ivermectin in a COVID-19 medical kit.,en,2,AP News,https://apnews.com/article/fact-checking-867018157676,ivermectin COVID
Pfizer’s new pill to treat COVID-19 is just ivermectin repackaged.,en,1,AP News,https://apnews.com/article/fact-checking-067310377629,ivermectin COVID
Ivermectin proves to be an effective alternative to the COVID-19 vaccine.,en,1,Rappler,https://www.rappler.com/newsbreak/fact-check/ivermectin-proves-effective-alternative-covid-19-vaccination-those-pro-life/,ivermectin COVID
The medication ivermectin is an alternative to Covid-19 vaccines,en,3,The Journal,https://www.thejournal.ie/factcheck-ivermectin-covid-19-5385782-Mar2021/,ivermectin COVID
Monash University study found ivermectin effective against Covid-19,en,1,AFP Fact Check,https://factcheck.afp.com/doc.afp.com.9DG443,ivermectin COVID
FTX funded TOGETHER Trial research that found ivermectin ineffective for treating COVID-19,en,1,USA Today,https://www.usatoday.com/story/news/factcheck/2022/11/30/fact-check-ftx-funding-together-trial-came-after-ivermectin-study/10798874002/,ivermectin COVID
The Therapeutic Goods Administration overturned a ban on ivermectin as a treatment for COVID-19.,en,1,AAP,https://www.aap.com.au/factcheck/claim-tga-now-backs-ivermectin-is-a-losing-bet/,ivermectin COVID
Poison control calls jumped 550% in Texas from use of horse and cow dewormer,en,0,USA Today,https://www.usatoday.com/story/news/factcheck/2021/08/30/fact-check-590-spike-texas-poison-control-calls-ivermectin/5643254001/,ivermectin COVID
“Ivermectin has been FDA approved for human use since 1996.”,en,0,PolitiFact,https://www.politifact.com/factchecks/2021/sep/15/facebook-posts/ivermectin-was-approved-fda-treat-some-diseases-no/,ivermectin COVID
Ivermectin can prevent and lead to 100% recovery from COVID-19,en,3,annie lab,https://annielab.org/2021/03/15/no-evidence-there-is-no-proof-that-ivermectin-prevents-or-cures-covid-19/,ivermectin COVID
"“Japan has pulled the vaccines and substituted ivermectin — and in one month, wiped COVID out in that country.”",en,1,AP News,https://apnews.com/article/fact-checking-079183409501,ivermectin COVID
Molnupiravir is actually ivermectin with a different name.,en,0,Full Fact,https://fullfact.org/health/molnupiravir-ivermectin-comparisons/,ivermectin COVID
Ivermectin has been approved in Indonesia.,en,1,BBC,https://www.bbc.co.uk/news/world-asia-pacific-57838033,ivermectin COVID
The Therapeutic Goods Administration (TGA) has lifted the ban on ivermectin after finally admitting it is safe and effective in treating COVID-19.,en,1,AAP,https://www.aap.com.au/factcheck/no-ivermectin-has-not-been-ruled-safe-and-effective-against-covid/,ivermectin COVID
"Ivermectin “has been very effective against COVID-19 and shown to outperform at least 10 other drugs, including Paxlovid.”",en,1,FactCheck.org,https://www.factcheck.org/2022/11/scicheck-post-omits-paxlovids-ability-to-protect-against-severe-covid-19-death/,ivermectin COVID
Indian Council of Medical Research (ICMR) issued guidelines for using Ivermectin drug as preventive medication against Covid-19.,en,0,India Today,https://www.indiatoday.in/fact-check/story/fact-check-no-icmr-hasn-t-prescribed-this-drug-to-prevent-covid-19-1720939-2020-09-11,ivermectin COVID
"""Mountains of data"" show drug ivermectin ""basically obliterates"" COVID-19 transmission.",en,1,PolitiFact,https://www.politifact.com/factchecks/2021/apr/23/instagram-posts/fact-checking-claim-about-use-ivermectin-treat-cov/,ivermectin COVID
"“Japan drops vax rollout, goes to Ivermectin.”",en,1,FactCheck.org,https://www.factcheck.org/2021/11/scicheck-japan-continues-to-use-vaccines-not-ivermectin-to-fight-covid-19/,ivermectin COVID
Ivermectin “is a safe and widely available treatment for coronavirus”; it would “work like a vaccine”,en,3,Science Feedback,https://science.feedback.org/review/strong-evidence-lacking-to-support-claim-that-ivermectin-is-a-cure-for-covid-19-there-are-only-limited-clinical-results-at-this-stage-oann/,ivermectin COVID
Queen Elizabeth II is being treated for Covid-19 with ivermectin.,en,0,Full Fact,https://fullfact.org/health/queen-elizabeth-covid-ivermectin/,ivermectin COVID
Ivermectin “works really fast” and “people get well... [w]ithin three to five days.”,en,3,VERA Files,https://verafiles.org/articles/vera-files-fact-check-ivermectin-not-yet-proven-be-miracle-d,ivermectin COVID
Ivermectin is a “miracle drug” that could save lives amid the COVID-19 pandemic.,en,3,VERA Files,https://verafiles.org/articles/vera-files-fact-check-ivermectin-not-yet-proven-be-miracle-d,ivermectin COVID
"Ivermectin has been shown to be effective. If you would look at the rates of death in Mexico, in Paraguay, in Peru, wherein when they started ivermectin, all their death rates suddenly dropped.",en,2,VERA Files,https://verafiles.org/articles/vera-files-fact-check-ivermectin-not-yet-proven-be-miracle-d,ivermectin COVID
"The proper dosage of ivermectin if you are sick, if you get sick: take ivermectin at 12 to 15 milligrams depending on body weight. If you are over 90 kilos, most likely you need to take more ivermectin.",en,2,VERA Files,https://verafiles.org/articles/vera-files-fact-check-ivermectin-not-yet-proven-be-miracle-d,ivermectin COVID
US health institute (NIH) recommends Ivermectin to treat Covid-19,en,1,AFP Fact Check,https://factcheck.afp.com/us-national-institutes-health-did-not-recommend-ivermectin-treat-covid-19-patients,ivermectin COVID
The National Institutes of Health “adds ivermectin to list of COVID approved treatments.”,en,1,PolitiFact,https://www.politifact.com/factchecks/2022/sep/07/instagram-posts/no-nih-doesnt-recommend-using-ivermectin-treat-cov/,ivermectin COVID
The National Institute of Health added ivermectin to the list of Covid treatments.,en,0,Full Fact,https://fullfact.org/health/russell-brand-ivermectin/,ivermectin COVID
Ivermectin is now approved as COVID-19 treatment in the Philippines.,en,1,Rappler,https://www.rappler.com/newsbreak/fact-check/ivermectin-approved-covid-19-cure-philippines/,ivermectin COVID
Centers for Disease Control and Prevention “officially recommends administering ivermectin as presumptive therapy (giving medication without a diagnosis) to refugees.”,en,3,FactCheck.org,https://www.factcheck.org/2021/09/scicheck-facebook-post-on-use-of-ivermectin-for-refugees-lacks-context/,ivermectin COVID
Ivermectin is an effective treatment for COVID-19.,en,1,PolitiFact,https://www.politifact.com/factchecks/2021/aug/10/viral-image/no-evidence-yet-concluding-ivermectin-effective-co/,ivermectin COVID
Merck's new COVID-19 drug molnupiravir is ivermectin repurposed,en,1,USA Today,https://www.usatoday.com/story/news/factcheck/2021/10/12/fact-check-mercks-molnupiravir-and-ivermectin-not-same-drugs/6023438001/,ivermectin COVID
Ivermectin can cure Covid-19 in 48 hours.,en,3,Full Fact,https://fullfact.org/online/ethylene-oxide-covid-test-ivermectin/,ivermectin COVID
Lateral flow tests could cause cancer or damage DNA because the swabs used to collect a sample from the user are sterilised with ethylene oxide.,en,3,Full Fact,https://fullfact.org/online/ethylene-oxide-covid-test-ivermectin/,ivermectin COVID
Philippine regulators approve ivermectin as a substitute for Covid-19 vaccination,en,3,AFP Fact Check,https://factcheck.afp.com/philippine-regulators-did-not-approve-antiparasitic-drug-ivermectin-covid-19-vaccine-substitute,ivermectin COVID
A study on the NIH website comes to a different conclusion than the CDC about the use of ivermectin to treat COVID-19.,en,2,FactCheck.org,https://www.factcheck.org/2022/02/scicheck-facebook-post-misleads-on-nihs-position-on-ivermectin/,ivermectin COVID
”Pfizer launches final study for COVID drug that's suspiciously similar to 'horse paste'” ivermectin.,en,1,PolitiFact,https://www.politifact.com/factchecks/2021/sep/30/blog-posting/drug-pfizer-studying-covid-19-not-suspiciously-sim/,ivermectin COVID
Afghan refugees will receive ivermectin before coming to the US,en,2,USA Today,https://www.usatoday.com/story/news/factcheck/2021/09/08/fact-check-post-ivermectin-afghan-refugees-missing-context/5741058001/,ivermectin COVID
Ivermectin reduces the risk of death from COVID-19,en,3,Science Feedback,https://science.feedback.org/review/ivermectin-isnt-a-highly-effective-drug-for-treating-covid-19-tess-lawrie/,ivermectin COVID
Ivermectin is an effective treatment for COVID-19,en,2,USA Today,https://www.usatoday.com/story/news/factcheck/2021/08/13/fact-check-ivermectin-not-proven-covid-19-treatment/5566216001/,ivermectin COVID
“Coronavirus cases are plummeting in India thanks to new rules that promote Ivermectin and hydroxychloroquine”; it is a “now-indisputable fact that [ivermectin and hydroxychloroquine] essentially kill COVID-19 within hours or days”,en,3,Science Feedback,https://science.feedback.org/review/no-data-available-to-suggest-a-link-between-indias-reduction-of-covid-19-cases-and-the-use-of-ivermectin-jim-hoft-gateway-pundit/,ivermectin COVID
Ivermectin is a safe and effective COVID-19 treatment,en,3,Science Feedback,https://science.feedback.org/review/ivermectin-hasnt-proven-effective-covid-19-so-far-despite-persistent-online-claims/,ivermectin COVID
"A lot of high-quality scientific studies, including 50 clinical trials, attest to ivermectin's safety and efficacy.",en,2,VERA Files,https://verafiles.org/articles/vera-files-fact-check-experts-claim-ivermectin-safety-needs,ivermectin COVID
"“WHO data shows [that] ivermectin reduces COVID-19 mortality by 81%, but they won’t recommend it?”",en,2,Science Feedback,https://science.feedback.org/review/the-world-health-organization-doesnt-recommend-ivermectin-as-a-covid-19-treatment-the-drugs-safety-and-effectiveness-remains-uncertain-in-covid-19-patients/,ivermectin COVID
"Japan drop vaccination rollout, goes to Ivermectin, ends covid almost overnight.",en,1,The Quint,https://www.thequint.com/news/webqoof/japan-vaccines-ivermectin-coronavirus-fact-check,ivermectin COVID
"“Ivermectin Cuts Indonesia Covid By 98%, Aussie Cases UP 500% With Lock-N-Vax”",en,1,VOA,https://www.voanews.com/a/fact-check-indonesia-ivermectin-covid-surge/6743201.html,ivermectin COVID
Japan's government recommends using antiparasitic drug ivermectin to treat COVID-19,en,1,BOOM Fact Check,https://www.boomlive.in/world/fake-news-japan-ivermectin-covid-19-treatment-14658,ivermectin COVID
"The United States allows ""off-label"" use of ivermectin as treatment for the coronavirus disease 2019 (COVID-19).",en,2,VERA Files,https://verafiles.org/articles/vera-files-fact-check-defensor-claim-us-allows-label-use-ive,ivermectin COVID
A drug used to treat animal parasites like heartworm and roundworm is a potential cure for coronavirus.,en,3,Snopes.com,https://www.snopes.com/fact-check/ivermectin-cure-coronavirus/,ivermectin COVID
Ivermectin and hydroxychloroquine are used for treating covid-19,en,1,BOOM Fact Check,https://www.boomlive.in/world/no-ivermectin-hydroxychloroquine-do-not-treat-covid-19-12607,ivermectin COVID
"“Yesterday the National institute of health added Ivermectin to the list of covid treatment.""",en,1,FactCheck.org,https://www.factcheck.org/2022/09/scicheck-clinical-trials-show-ivermectin-does-not-benefit-covid-19-patients-contrary-to-social-media-claims/,ivermectin COVID
"Ivermectin, hydroxychloroquine cure Covid-19",en,1,AFP Fact Check,https://factcheck.afp.com/ivermectin-and-hydroxychloroquine-are-not-proven-covid-19-treatments,ivermectin COVID
https://www.facebook.com/jeeviteswararao.duvvada/posts/2723719364542642,en,2,FACTLY,https://factly.in/no-icmr-didnt-prescribe-ivermectin-in-the-treatment-of-covid-19-but-the-up-government-did/,ivermectin COVID
'The most populated state in India just declared they are officially COVID-19 free after promoting widespread use of the safe proven medicine',en,3,Science,https://science.feedback.org/review/no-evidence-suggests-a-causal-link-between-ivermectin-recommendation-and-the-decline-of-covid-19-cases-in-the-indian-state-of-uttar-pradesh/,ivermectin COVID
"“Ivermectin reduces COVID death risk by 92%, peer-reviewed study finds”; NIH now lists ivermectin as COVID-19 therapy",en,2,Science Feedback,https://science.feedback.org/review/study-claiming-ivermectin-reduces-covid-19-mortality-by-92-has-important-methodological-problems/,ivermectin COVID
Research from Japan shows “ivermectin is effective against omicron in Phase III trial.”,en,1,PolitiFact,https://www.politifact.com/factchecks/2022/feb/02/tweets/ivermectin-study-showed-antiviral-effect-which-not/,ivermectin COVID
Former Japanese prime minister Shinzo Abe's chief health officer promoted ivermectin as a treatment for COVID-19.,en,1,AAP,https://www.aap.com.au/factcheck/false-claim-links-shinzo-abe-to-ivermectin-as-a-covid-treatment/,ivermectin COVID
"Shinzo Abe 'didn’t mandate vaccines, sent 1.6 million doses back and gave citizens ivermectin'",en,1,USA Today,https://www.usatoday.com/story/news/factcheck/2022/07/26/fact-check-shinzo-abe-didnt-promote-ivermectin-send-back-vaccines/10051190002/,ivermectin COVID
"No new COVID-19 cases in Uttar Pradesh, India, due to use of ivermectin",en,1,PolitiFact,https://www.politifact.com/factchecks/2021/nov/12/facebook-posts/no-scientific-basis-claims-ivermectins-success-utt/,ivermectin COVID
Phase 3 trial shows that Ivermectin is effective against Omicron,en,0,Science Feedback,https://science.feedback.org/review/claims-that-a-phase-iii-clinical-trial-showed-that-ivermectin-is-effective-against-omicron-are-inaccurate-and-based-on-a-now-corrected-reuters-article/,ivermectin COVID
Doctors in the Philippines may prescribe ivermectin to COVID-19 patients.,en,2,VERA Files,https://verafiles.org/articles/vera-files-fact-check-party-list-groups-fb-post-ivermectin-u,ivermectin COVID
Several Youtube videos claim that Department of Health (DOH) Secretary Francisco Duque III and Food and Drug Administration (FDA) Director General Eric Domingo are facing imprisonment over the DOH and FDA’s pending approval process of Ivermectin.,en,1,Rappler,https://www.rappler.com/newsbreak/fact-check/duque-domingo-face-jail-time-over-delayed-approval-ivermectin/,ivermectin COVID
"“Ivermectin reduces COVID death risk by 92%, peer-reviewed study finds.""",en,3,FactCheck.org,https://www.factcheck.org/2022/09/scicheck-clinical-trials-show-ivermectin-does-not-benefit-covid-19-patients-contrary-to-social-media-claims/,ivermectin COVID
Ivermectin can be used to protect people from and treat those infected with any variant of COVID-19.,en,3,VERA Files,https://verafiles.org/articles/vera-files-fact-check-marcoleta-defensor-insist-unproven-cla,ivermectin COVID
A peer-reviewed study found ivermectin reduces Covid-19 death risk,en,2,AFP Fact Check,https://factcheck.afp.com/doc.afp.com.32KN223,ivermectin COVID
Hospitals in Oklahoma are overwhelmed with cases of people suffering ivermectin overdose after taking the drug as COVID-19 cure.,en,1,BOOM Fact Check,https://www.boomlive.in/world/fake-news-covid-19-oklahoma-hospitals-ivermectin-overdose-jason-mcelyea-14694,ivermectin COVID
Queen Elizabeth II is taking ivermectin to treat COVID-19.,en,1,Snopes,https://www.snopes.com/fact-check/is-the-queen-taking-ivermectin/,ivermectin COVID
The National Institutes of Health added ivermectin to its list of COVID-19 treatments,en,1,USA Today,https://www.usatoday.com/story/news/factcheck/2022/09/14/fact-check-nih-recommends-against-ivermectin-as-covid-19-treatment/8039630001/,ivermectin COVID
“Proud of my dad for spearheading the approval of ivermectin as an affordable drug to fight covid-19. I have friends who recently recovered from the virus who can testify that the drug works and I’m also using it now …”,en,3,VOA,https://www.voanews.com/a/fact-check-philippines-ivermectin-covid-treatment/6742893.html,ivermectin COVID
Japan's Kowa says ivermectin effective against Omicron in phase III trial,en,2,AFP Fact Check,https://factcheck.afp.com/doc.afp.com.9XZ4RG,ivermectin COVID
Putting tampons soaked in a liquid solution that includes ivermectin into vaginas is an effective and safe step to fight COVID-19.,en,1,Snopes,https://www.snopes.com/fact-check/ivermectin-tampons-covid/,ivermectin COVID
Evidence that ivermectin works to treat COVID-19 is “powerful” and “overwhelming.”,en,3,FactCheck.org,https://www.factcheck.org/2022/03/scicheck-evidence-still-lacking-to-support-ivermectin-as-treatment-for-covid-19/,ivermectin COVID
"“In other words, you're about 70 percent less likely to die if you take ivermectin compared to taking remdesivir”",en,2,Science Feedback,https://science.feedback.org/review/ivermectin-wasnt-shown-more-effective-than-remdesivir-contrary-to-claim-by-john-campbell/,ivermectin COVID
"“12 RESEARCH STUDIES PROVE MASKS DIDN’T WORK,"" referring to a Cochrane review on mask interventions.",en,3,FactCheck.org,https://www.factcheck.org/2023/03/scicheck-what-the-cochrane-review-says-about-masks-for-covid-19-and-what-it-doesnt/,mask effectiveness COVID
No study has ever proven face masks protect against viruses.,en,1,AAP,https://www.aap.com.au/factcheck/evidence-shows-face-masks-do-work-against-respiratory-viruses/,mask effectiveness COVID
Face masks are useless at stopping Covid-19 because the gaps in them are larger than a Covid-19 viral particle.,en,3,Full Fact,https://fullfact.org/health/face-masks-covid-holes/,mask effectiveness COVID
"Danish study ""“proves masks offer NO protection from COVID.”",en,1,FactCheck.org,https://www.factcheck.org/2020/11/danish-study-doesnt-prove-masks-dont-work-against-the-coronavirus/,mask effectiveness COVID
A study found face masks did not help prevent the spread of COVID-19 and even increased the chances of getting infected.,en,2,AAP,https://www.aap.com.au/factcheck/covid-19-face-mask-study-findings-misinterpreted-online/,mask effectiveness COVID
Fauci admitted masks were a failure,en,1,USA Today,https://www.usatoday.com/story/news/factcheck/2023/05/01/fact-check-fauci-comments-new-york-times-magazine-misconstrued-covid-19-masks/11758099002/,mask effectiveness COVID
“Countries with high levels of mask compliance did not perform better than those with low mask usage”; “Mask Mandates [are] Associated With Increased Covid Death Rate”,en,0,Science Feedback,https://science.feedback.org/review/scientific-evidence-shows-mask-wearing-effective-at-limiting-community-transmission-claims-face-masks-increase-mortality-based-on-flawed-correlation-studies/,mask effectiveness COVID
Dr. Anthony Fauci “admitted” in a recent interview that face masks were a “failure.”,en,1,AP News,https://apnews.com/article/fact-check-fauci-interview-face-masks-covid-406605262832,mask effectiveness COVID
"""CDC: Face Masks Don’t Prevent COVID-19, Study Finds Masks Have Negligible Impact On Coronavirus Numbers""",en,1,FactCheck.org,https://www.factcheck.org/2021/03/scicheck-posts-distort-cdc-study-supporting-masks-mandates-to-reduce-covid-19/,mask effectiveness COVID
Surgical masks don't prevent respiratory viruses from clinging to air particles and circulating,en,2,USA Today,https://www.usatoday.com/story/news/factcheck/2022/01/11/fact-check-post-surgical-masks-covid-19-missing-context/9101241002/,mask effectiveness COVID
Accurate graphic over effectiveness of face masks in curbing the spread of COVID-19,en,2,AFP Fact Check,https://factcheck.afp.com/no-evidence-support-these-statistics-about-effectiveness-face-masks-expert-says,mask effectiveness COVID
"""When you talk about the peer-reviewed studies of masks, there was one done in Denmark, showed that it didn’t work. When you look at all of Sweden — 1.8 million children have not been wearing masks for the last two years, they’ve had zero covid deaths.""",en,3,The Washington Post,https://www.washingtonpost.com/politics/2021/12/02/rand-pauls-false-claim-that-masks-dont-work/,mask effectiveness COVID
Study by US CDC found face masks do little to prevent the spread of Covid-19,en,1,AFP Fact Check,https://factcheck.afp.com/article-misrepresents-cdc-study-mask-mandate-effectiveness,mask effectiveness COVID
"Mask-wearing cuts Covid incidence by 53%, says global study.",en,3,Full Fact,https://fullfact.org/health/mask-wearing-study-edinburgh-guardian/,mask effectiveness COVID
A Cochrane Library review found that masks do not work,en,2,AFP Fact Check,https://factcheck.afp.com/doc.afp.com.33BQ4TB,mask effectiveness COVID
"Face masks are ineffective at reducing the spread of COVID-19 and other respiratory diseases, a Cochrane review demonstrates",en,2,Science Feedback,https://science.feedback.org/review/multiple-studies-show-face-masks-reduce-spread-of-covid-19-cochrane-review-doesnt-demonstrate-otherwise/,mask effectiveness COVID
"Face masks have been proven ""unsafe"" and ""ineffective,"" and cause ""facial deformities.""",en,1,FactCheck.org,https://www.factcheck.org/2021/02/scicheck-video-airs-false-misleading-claims-about-face-masks/,mask effectiveness COVID
Face masks do not work against Covid-19 and the value of 'dirty or contaminated cloth masks' hasn't been studied,en,1,The Journal,https://www.thejournal.ie/factcheck-debunk-cloth-masks-5325916-Jan2021/,mask effectiveness COVID
Healthy people should not wear face masks during the COVID-19 pandemic because they are ineffective and dangerous,en,1,AFP Fact Check,https://factcheck.afp.com/misleading-article-warns-against-face-masks-during-covid-19-pandemic,mask effectiveness COVID
"A Facebook post is correct in saying N95 masks, surgical masks, and cloth masks can be dangerous and/or ineffective in protecting against the spread of COVID-19 based on CDC and U.S. Occupational Safety and Health Administration (OSHA) guidelines.",en,1,Snopes,https://www.snopes.com/fact-check/effectiveness-face-masks/,mask effectiveness COVID
"A FOIA response shows that according to the CDC, there is no known study showing masks help stop the spread of COVID-19.",en,2,AP News,https://apnews.com/article/fact-checking-600561870345,mask effectiveness COVID
Steaming face masks makes them reusable during coronavirus outbreak,en,1,AFP Fact Check,https://factcheck.afp.com/novel-coronavirus-health-experts-warn-against-steaming-face-masks-reuse-after-misinformation-chinese,mask effectiveness COVID
An email proves Fauci knew masks were ineffective for COVID-19,en,1,USA Today,https://www.usatoday.com/story/news/factcheck/2021/06/03/fact-check-missing-context-claim-mask-emails-fauci/7531267002/,mask effectiveness COVID
“‘Gold Standard’ Scientific Trial Deals Massive Blow to N95 and Surgical Masks as Way to ‘Stop Covid’”,en,0,Science Feedback,https://science.feedback.org/review/mask-wearing-reduce-spread-covid-19-social-media-posts-misinterpreted-annals-internal-medicine-study-n95-masks/,mask effectiveness COVID
A photograph of non-respirator ear loop mask packaging demonstrates that such masks are ineffective at protecting against the spread of COVID-19.,en,1,Snopes,https://www.snopes.com/fact-check/cloth-masks-ineffective-covid19/,mask effectiveness COVID
Face masks can cause fungal lung infections,en,2,AFP Fact Check,https://factcheck.afp.com/face-masks-do-not-cause-fungal-lung-infections-if-handled-correctly-health-experts-say,mask effectiveness COVID
"COVID-19’s “contagion probability” between two people is 70% if the carrier is not masked, 5% if the carrier is masked, and 1.5% if both parties are.",en,1,PolitiFact,https://www.politifact.com/factchecks/2020/jul/01/viral-image/social-media-image-about-mask-efficacy-right-senti/,mask effectiveness COVID
A chart accurately shows the effectiveness of wearing face masks during the COVID-19 pandemic.,en,1,Snopes,https://www.snopes.com/fact-check/covid-19-mask-efficacy-chart/,mask effectiveness COVID
"Wearing masks for the coronavirus “decreases oxygen intake, increases toxin inhalation, shuts down immune system, increases virus risk, scientifically inaccurate, effectiveness not studied.”",en,1,PolitiFact,https://www.politifact.com/factchecks/2020/jun/12/facebook-posts/masks-covid-19-are-effective-six-part-facebook-tak/,mask effectiveness COVID
Face masks are aimed at protecting the wearer from COVID-19,en,2,AFP Fact Check,https://factcheck.afp.com/face-mask-recommendations-aimed-stopping-spread-covid-19,mask effectiveness COVID
“Mask mandates do nothing to stop [the spread of] COVID[-19]”; There is “overwhelming scientific evidence” that masks do not work,en,0,Science Feedback,https://science.feedback.org/review/wearing-face-masks-helps-reduce-the-spread-of-covid-19-but-it-only-confers-partial-protection-and-should-be-combined-with-additional-public-health-measures/,mask effectiveness COVID
"The U.S. CDC has commissioned a study which found that the combined protection of surgical masks and face shields was ""similar"" to surgical mask use alone.",en,1,VERA Files,https://verafiles.org/articles/vera-files-fact-check-isko-moreno-inaccurately-cites-us-cdc,mask effectiveness COVID
"According to the study, combined protection of surgical masks and face shields was ""similar"" to surgical mask use alone.",en,2,VERA Files,https://verafiles.org/articles/vera-files-fact-check-isko-moreno-inaccurately-cites-us-cdc,mask effectiveness COVID
Science debunks the use of face masks to stop viruses like COVID-19,en,0,Science Feedback,https://science.feedback.org/review/face-masks-can-filter-small-airborne-particles-including-respiratory-droplets-and-are-effective-at-reducing-the-spread-of-covid-19/,mask effectiveness COVID
A viral video says that scientific studies support the claim that face masks don't mitigate the transmission of COVID-19.,en,3,FactCheck.org,https://www.factcheck.org/2020/07/video-misrepresents-the-science-behind-face-masks/,mask effectiveness COVID
CDC study found that wearing face masks have no impact on preventing spread of COVID-19.,en,1,BOOM Fact Check,https://www.boomlive.in/world/fake-news-covid-19-face-masks-oann-one-america-news-network-12348,mask effectiveness COVID
“It’s been a year & there is still no evidence masks or lockdowns slow the spread of #COVID19”,en,0,Science Feedback,https://science.feedback.org/review/scientific-evidence-demonstrates-that-wearing-face-masks-and-implementing-lockdowns-reduce-the-spread-of-covid-19/,mask effectiveness COVID
Face masks are ineffective against coronavirus as drywall dust can penetrate masks.,en,1,BOOM Fact Check,https://www.boomlive.in/world/misleading-posts-claim-face-masks-are-ineffective-against-coronavirus-8876,mask effectiveness COVID
The WHO does not recommend wearing masks in public.,en,1,Boom Live,https://www.boomlive.in/world/anti-mask-posts-use-fake-who-document-to-spread-misinformation-9424,mask effectiveness COVID
"Says only certain face masks are effective and others, such as cloth masks, are not.",en,1,PolitiFact,https://www.politifact.com/factchecks/2020/may/18/facebook-posts/face-masks-including-homemade-ones-are-effective-c/,mask effectiveness COVID
No scientific evidence to support wearing masks,en,2,AFP Fact Check,https://factcheck.afp.com/anti-lockdown-group-promotes-misleading-claims-about-face-masks-fact-check,mask effectiveness COVID
Blowing vape smoke through face masks shows that they do not help prevent the spread of coronavirus,en,1,AFP Fact Check,https://factcheck.afp.com/doctor-expired-license-falsely-claims-masks-dont-work,mask effectiveness COVID
"When it comes to protecting against COVID-19 transmission, neck gaiters are worse than wearing no mask at all.",en,1,Snopes,https://www.snopes.com/fact-check/neck-gaiters-covid-19/,mask effectiveness COVID
"According to a recent CDC report, ""almost everyone — 85% — who got the coronavirus in July was wearing a mask, and they were infected anyway. So clearly (wearing a mask) doesn’t work the way they tell us it works.”",en,1,PolitiFact,https://www.politifact.com/factchecks/2020/oct/15/tucker-carlson/tucker-carlson-distorts-new-cdc-report-makes-false/,mask effectiveness COVID
CDC admits cloth face masks don't protect against coronavirus,en,1,USA Today,https://www.usatoday.com/story/news/factcheck/2020/12/02/fact-check-cdc-still-endorses-masks-covid-19-protection/6119819002/,mask effectiveness COVID
CDC study found that face masks have a negligible effect on the spread of COVID-19,en,1,USA Today,https://www.usatoday.com/story/news/factcheck/2021/03/12/fact-check-cdc-study-links-mask-mandates-slowed-covid-infections/6938262002/,mask effectiveness COVID
A study linked to Stanford University showed masks are harmful and ineffective at preventing spread of COVID,en,1,USA Today,https://www.usatoday.com/story/news/factcheck/2021/04/24/fact-check-study-falsely-claiming-masks-harmful-isnt-stanfords/7353629002/,mask effectiveness COVID
"""US To Sign Over Sovereignty To W.H.O.”",en,1,FactCheck.org,https://www.factcheck.org/2023/03/scicheck-who-pandemic-treaty-draft-reaffirms-nations-sovereignty-to-dictate-health-policy/,WHO pandemic
The WHO's Pandemic Agreement removes national sovereignty.,en,1,AAP,https://www.aap.com.au/factcheck/pandemic-agreement-falsehoods-resurface-following-who-vote/,WHO pandemic
United Nations troops can “round up” and forcibly “vaccinate the population” if WHO pandemic treaty is passed.,en,1,PolitiFact,https://www.politifact.com/factchecks/2024/jan/26/instagram-posts/pandemic-treaty-wouldnt-give-the-who-power-to-forc/,WHO pandemic
WHO’s pandemic treaty gains authority over the Indian constitution ; PM Modi decided to sign the treaty,en,1,FACTLY,https://factly.in/no-whos-pandemic-treaty-does-not-cede-the-sovereignty-of-signatory-nations/,WHO pandemic
The WHO Pandemic Agreement enables global police to arrest non-compliant citizens.,en,1,AAP,https://www.aap.com.au/factcheck/who-pandemic-agreement-does-not-enable-global-police-arrests/,WHO pandemic
The Biden administration “is bringing amendments that would propose that all nations of the Earth cede their sovereignty over national health care decisions to the WHO.”,en,1,FactCheck.org,https://www.factcheck.org/2022/05/scicheck-who-has-no-authority-to-dictate-u-s-health-policy/,WHO pandemic
The World Health Organisation has declared the Covid-19 pandemic over.,en,3,Full Fact,https://fullfact.org/health/who-covid-pandemic-over/,WHO pandemic
The World Health Organisation (WHO) has announced that the Covid-19 pandemic is officially over.,en,0,Full Fact,https://fullfact.org/health/steve-barclay-covid-who-pandemic/,WHO pandemic
The World Health Organization is working on an agreement among nations regarding future pandemics that would “bypass” the U.S. Senate and “reshape America.”,en,1,AP News,https://apnews.com/article/fact-check-WHO-pandemic-treaty-senate-736653222998,WHO pandemic
"“Nations who accept the new regulations [WHO International Health Regulations] are signing over their power in health emergencies to an unelected international organization that could order lockdowns, travel restrictions, or any other measures.""",en,1,FactCheck.org,https://www.factcheck.org/2025/07/rfk-jr-hhs-wrong-about-who-power-under-updated-global-health-regulations/,WHO pandemic
Australia will have to pay the World Health Organization (WHO) more than $5b a year as part of a pandemic treaty.,en,1,AAP,https://www.aap.com.au/factcheck/no-who-wont-charge-australia-5b-a-year-for-pandemic-treaty/,WHO pandemic
"A legally-binding World Health Organization “pandemic treaty” will give the organization the authority to control U.S. policies during a pandemic, including those on vaccines, lockdowns, school closures and more.",en,1,AP News,https://apnews.com/article/fact-check-world-health-organization-pandemic-treaty-212446302001,WHO pandemic
"Dr. Tedros Adhanom Ghebreyesus, the director-general of the World Health Organization, ""says he isn't vaccinated.""",en,2,FactCheck.org,https://www.factcheck.org/2023/09/scicheck-who-director-general-is-vaccinated-against-covid-19-contrary-to-online-post/,WHO pandemic
An international pandemic treaty will allow the World Health Organization to dictate health policy in member countries.,en,1,AAP,https://www.aap.com.au/factcheck/pandemic-treaty-wont-give-un-health-agency-global-control/,WHO pandemic
Pandemic treaty would allow WHO to forcibly 'vaccinate the population',en,1,USA Today,https://www.usatoday.com/story/news/factcheck/2024/01/30/proposed-accord-encourages-global-pandemic-preparedness-fact-check/72395018007/,WHO pandemic
The UN’s Pact for the Future includes emergency powers originally proposed in the WHO pandemic treaty.,en,1,AAP,https://www.aap.com.au/factcheck/no-un-pact-for-the-future-is-not-who-pandemic-treaty-in-disguise/,WHO pandemic
"Countries that sign pandemic treaty cede their sovereignty to the WHO, allowing WHO to control domestic policies, force vaccination, lockdowns, and arrest of vaccine opponents",en,0,Science Feedback,https://science.feedback.org/review/false-claims-pandemic-treaty-abolishes-countries-sovereignty-allows-who-impose-health-policies-circulate-social-media/,WHO pandemic
Accord gives WHO power over US pandemic policies,en,1,AFP Fact Check,https://factcheck.afp.com/doc.afp.com.339W4CQ,WHO pandemic
"The WHO is developing a pandemic treaty that will remove current human rights protections, enforce surveillance and censorship and eliminate freedom of speech.",en,1,PolitiFact,https://www.politifact.com/factchecks/2023/sep/05/facebook-posts/who-pandemic-preparedness-treaty-will-not-remove-h/,WHO pandemic
"""Biden admin negotiates deal to give WHO authority over US pandemic policies.”",en,1,PolitiFact,https://www.politifact.com/factchecks/2023/feb/21/instagram-posts/who-pandemic-accord-doesnt-replace-us-sovereignty/,WHO pandemic
Thailand signed WHO pandemic treaty that strips the kingdom of sovereignty,en,1,AFP Fact Check,https://factcheck.afp.com/doc.afp.com.33J66EP,WHO pandemic
Drinking lemon mixed with hot water for one to three months will cause cancer to disappear.,en,3,Full Fact,https://fullfact.org/online/sugar-lemon-coconut-not-cancer-cures/,cancer cure alternative medicine
Vitamin B17 is banned because it kills cancer cells.,en,3,Full Fact,https://fullfact.org/health/vitamin-B17-cancer/,cancer cure alternative medicine
Can mushrooms soup cure Cancer?,en,1,Medical Dialogues,https://medicaldialogues.in/fact-check/fact-check-can-mushrooms-soup-cure-cancer-128291,cancer cure alternative medicine
Drinking soursop tea can cure endometrial cancer,en,1,AFP Fact Check,https://factcheck.afp.com/doc.afp.com.76BT6TK,cancer cure alternative medicine
Cancer can be cured without using chemotherapy,en,3,First Check,https://firstcheck.in/can-cancer-be-cured-without-chemotherapy-fact-check/,cancer cure alternative medicine
Gerson therapy including coffee enemas is an effective cancer treatment.,en,1,AAP,https://www.aap.com.au/factcheck/no-evidence-gerson-therapy-coffee-enemas-treat-cancer/,cancer cure alternative medicine
"THC, IV vitamin C, essiac tea, LDN, mistletoe therapy, apricot kernels, alkaline diets are all cancer cures.",en,3,Full Fact,https://fullfact.org/health/ellie-grey-cancer-cures-cannabis-thc/,cancer cure alternative medicine
Image stating that three Nobel Prize winners concluded that cancer can be cured without any medications,en,1,Boom Live,https://www.boomlive.in/did-three-nobel-winners-say-cancer-can-be-cured-without-medicine,cancer cure alternative medicine
"""MMS (chlorine dioxide), can be very effective in both preventing and eradicating the coronavirus.""",en,1,FactCheck.org,https://www.factcheck.org/2020/02/fake-coronavirus-cures-part-1-mms-is-industrial-bleach/,drinking bleach cure
Says drinking a bleach solution will prevent you from getting the coronavirus.,en,1,PolitiFact,https://www.politifact.com/factchecks/2020/jan/30/tweets/no-drinking-bleach-will-not-ward-coronavirus/,drinking bleach cure
"“You know, years ago they used to call it global cooling.""",en,2,FactCheck.org,https://www.factcheck.org/2024/09/trump-clings-to-inaccurate-climate-change-talking-points/,climate change hoax
"""The wind doesn’t work ... It’s the most expensive energy.""",en,1,FactCheck.org,https://www.factcheck.org/2024/09/trump-clings-to-inaccurate-climate-change-talking-points/,climate change hoax
"Scientists ""have no idea what’s going to happen [with climate change]. It’s weather.""",en,1,FactCheck.org,https://www.factcheck.org/2024/09/trump-clings-to-inaccurate-climate-change-talking-points/,climate change hoax
"Scientists predicted ""we have 12 years to live"" because of climate change.",en,3,FactCheck.org,https://www.factcheck.org/2024/09/trump-clings-to-inaccurate-climate-change-talking-points/,climate change hoax
"""Coal is okay, they actually have methods now where coal becomes clean coal.”",en,3,FactCheck.org,https://www.factcheck.org/2024/09/trump-clings-to-inaccurate-climate-change-talking-points/,climate change hoax
"""They don’t call it [global warming] anymore, they call it climate change because, you know, some parts of the planet are cooling and warming.""",en,1,FactCheck.org,https://www.factcheck.org/2024/09/trump-clings-to-inaccurate-climate-change-talking-points/,climate change hoax
"""Every nine years you have to replace the [wind] turbines. You know, they’re made out of steel and they wear out.”",en,3,FactCheck.org,https://www.factcheck.org/2024/09/trump-clings-to-inaccurate-climate-change-talking-points/,climate change hoax
An ocean temperature decrease between 2013-2022 proves global warming is a hoax.,en,0,AAP,https://www.aap.com.au/factcheck/cherry-picked-ocean-data-does-not-prove-climate-change-is-a-hoax/,climate change hoax
"Judith Curry gets no media coverage and she says climate changes is a ""hoax.""",en,1,FactCheck.org,https://www.factcheck.org/2023/12/scicheck-meme-makes-misleading-comparison-to-cast-doubt-on-climate-change/,climate change hoax
“The climate change agenda is a hoax … The reality is more people are dying of bad climate change policies than they are of actual climate change.”,en,3,The Washington Post,https://www.washingtonpost.com/politics/2023/08/25/vivek-ramaswamy-says-hoax-agenda-kills-more-people-than-climate-change/,climate change hoax
August temperature comparison shows CO2-driven global warming is a 'hoax',en,1,USA Today,https://www.usatoday.com/story/news/factcheck/2024/09/13/hot-august-1983-climate-hoax-fact-check/75176844007/,climate change hoax
"""I'm not denying climate change. But it could very well go back.""",en,3,FactCheck.org,https://www.factcheck.org/2018/10/trump-wrong-on-climate-change-again/,climate change hoax
Sea ice and temperature data show climate change is a hoax,en,1,USA Today,https://www.usatoday.com/story/news/factcheck/2025/02/14/global-temperature-sea-ice-fact-check/78389070007/,climate change hoax
Scientists have had to pause the Climate Change Hoax Scam,en,0,DW.com,https://www.dw.com/en/fact-check-climate-deniers-misinterpret-antarctic-ice-study/a-73044336,climate change hoax
US July temperatures show climate change is a hoax,en,1,USA Today,https://www.usatoday.com/story/news/factcheck/2024/08/12/july-temperatures-climate-change-hoax-fact-check/74708631007/,climate change hoax
No one has shown that human CO2 emissions drive global warming,en,1,USA Today,https://www.usatoday.com/story/news/factcheck/2023/12/20/humans-cause-global-warming-fact-check/71714659007/,climate change hoax
"Says ""Donald Trump says climate change is a hoax invented by the Chinese.""",en,0,PolitiFact,https://www.politifact.com/factchecks/2016/jun/03/hillary-clinton/yes-donald-trump-did-call-climate-change-chinese-h/,climate change hoax
Antarctic sea ice extent is 17 per cent higher today compared to 1979.,en,2,AAP,https://www.aap.com.au/factcheck/climate-lies-claim-misrepresents-antarctic-sea-ice-loss/,climate change hoax
Greta Thunberg said climate change is a hoax,en,1,USA Today,https://www.usatoday.com/story/news/factcheck/2023/02/03/fact-check-no-greta-thunberg-did-not-say-climate-change-hoax/11171060002/,climate change hoax
"A meme claims to show a Time magazine cover from 1977 warning of the ""Coming Ice Age.""",en,1,FactCheck.org,https://www.factcheck.org/2019/05/manipulated-time-cover-on-climate-recirculates/,climate change hoax
Man-made climate change is a hoax,en,1,USA Today,https://www.usatoday.com/story/news/factcheck/2021/04/22/fact-check-scientific-consensus-humans-main-cause-climate-change/7336153002/,climate change hoax
"Earth is in a cooling phase, which questions scientific proof behind human-driven global warming",en,2,AFP Fact Check,https://factcheck.afp.com/doc.afp.com.64Q68ZT,climate change hoax
"“Climate change is not happening.""",en,1,FactCheck.org,https://www.factcheck.org/2022/08/unequivocal-evidence-that-humans-cause-climate-change-contrary-to-posts-of-old-video/,climate change hoax
"Global warming is caused by oxygen absorbing UV radiation, not the greenhouse effect.",en,1,AAP,https://www.aap.com.au/factcheck/global-warming-theory-crumbles-under-scientific-scrutiny/,climate change hoax
"CO2 facilitates plant growth; therefore, the climate emergency is a hoax.",en,2,annie lab,https://annielab.org/2022/07/13/misleading-although-co2-facilitates-plant-growth-excessive-amount-could-be-harmful-as-well/,climate change hoax
Climate change a 'scam' as Australian trees absorb more CO2 than is made,en,1,USA Today,https://www.usatoday.com/story/news/factcheck/2023/07/26/no-australian-trees-dont-prove-climate-change-is-scam-fact-check/70435058007/,climate change hoax
Study shows global warming is a 'hoax',en,1,USA Today,https://www.usatoday.com/story/news/factcheck/2024/10/29/study-485-million-years-warming-hoax-fact-check/75697535007/,climate change hoax
"""The amount of carbon dioxide in the atmosphere is actually close to an all-time low ever in human history.""",en,1,FactCheck.org,https://www.factcheck.org/2023/09/scicheck-ramaswamys-climate-change-spin/,climate change hoax
“NASA admits that man-made climate change is a hoax!”,en,1,PolitiFact,https://www.politifact.com/factchecks/2021/feb/16/viral-image/no-nasa-didnt-say-human-caused-climate-change-hoax/,climate change hoax
A study into global warming proves it is a hoax.,en,1,AAP,https://www.aap.com.au/factcheck/false-claims-global-warming-is-a-hoax-due-to-failure-to-understand-research/,climate change hoax
"30,000 scientists have signed a petition arguing that there is no convincing scientific evidence for anthropogenic climate change.",en,1,Snopes,https://www.snopes.com/fact-check/30000-scientists-reject-climate-change/,climate change hoax
Video shows “California sets their own forest fires and claims them as climate change effects.”,en,1,PolitiFact,https://www.politifact.com/factchecks/2022/oct/20/instagram-posts/video-shows-controlled-burn-not-climate-change-hoa/,climate change hoax
Says two photos show climate change “is a hoax.”,en,1,PolitiFact,https://www.politifact.com/factchecks/2021/apr/21/facebook-posts/no-two-photos-dont-reveal-sea-levels-dont-prove-cl/,climate change hoax
“NOAA makes it official… CO2 warming is a hoax.”,en,1,PolitiFact,https://www.politifact.com/factchecks/2023/jan/24/viral-image/climate-change-real-and-earth-warming/,climate change hoax
Plane bound for climate conference in Dubai froze on German runway,en,1,AFP Fact Check,https://factcheck.afp.com/doc.afp.com.347U4NK,climate change hoax
Human-made carbon dioxide emissions do not drive global warming,en,1,AFP Fact Check,https://factcheck.afp.com/doc.afp.com.32WY8ZD,climate change hoax
"""30,000 scientists have come forward confirming that man-made climate change is a hoax perpetuated by the elite in order to make money.""",en,1,PolitiFact,https://www.politifact.com/factchecks/2017/sep/08/blog-posting/no-30000-scientists-have-not-said-climate-change-h/,climate change hoax
All Climate Change Predictions Are Wrong !!,en,2,Fact Crescendo Sri Lanka,https://srilanka.factcrescendo.com/english/unpacking-the-truth-behind-climate-change-predictions-and-carbon-taxes/,climate change hoax
NASA admits that man-made climate change is a hoax!,en,1,vishvasnews.com,https://www.vishvasnews.com/english/viral/fact-check-nasa-didnt-make-this-statement-on-human-made-climate-change-viral-post-is-a-fake/,climate change hoax
Climate change is a 'hoax' because CO2 is only 0.04% of the atmosphere,en,1,USA Today,https://www.usatoday.com/story/news/factcheck/2024/02/21/co2-percentage-used-to-mislead-on-global-warming-fact-check/72539359007/,climate change hoax
April 1895 v. April 2023 temperature proves CO2-driven global warming is a hoax,en,1,USA Today,https://www.usatoday.com/story/news/factcheck/2023/05/16/climate-change-is-real-despite-april-1895-temperatures-fact-check/70218669007/,climate change hoax
"Donald Trump has called global warming a ""hoax"" on multiple occasions.",en,0,Snopes,https://www.snopes.com/fact-check/donald-trump-global-warming-hoax/,climate change hoax
Thousands of scientists sign 'climate crisis hoax' document,en,1,USA Today,https://www.usatoday.com/story/news/factcheck/2023/10/31/most-climate-change-hoax-signatories-not-climate-experts-fact-check/71249813007/,climate change hoax
"Over 30,000 Scientists Declare Climate Change A Hoax.",en,1,Lead Stories,"https://leadstories.com/hoax-alert/2019/04/fake-news-30,000-scientists-did-not-declare-climate-change-a-hoax.html",climate change hoax
Antarctic sea ice area maps show climate change is a hoax,en,1,USA Today,https://www.usatoday.com/story/news/factcheck/2025/01/06/2024-antarctic-sea-ice-climate-hoax-fact-check/77440285007/,climate change hoax
"“even IF mankind is influencing the temperature, it is insignificant compared to the natural forces”",en,0,Science Feedback,https://science.feedback.org/review/recent-global-warming-driven-by-human-co2-emissions-not-little-ice-age-or-urban-heat-island-effects/,global warming emissions
"If global warming goes above 1.5 C “we’re done; there’s no way to turn it around, according to the scientists that tell us.”",en,1,FactCheck.org,https://www.factcheck.org/2023/04/warming-beyond-1-5-c-harmful-but-not-a-point-of-no-return-as-biden-claims/,global warming emissions
“It’s a good thing that we are putting some more carbon dioxide in the atmosphere. The scientific method has not been applied in such a way as to prove that carbon dioxide is causing the Earth to warm.”,en,0,Science Feedback,https://science.feedback.org/review/scientific-studies-established-clear-links-between-human-caused-increased-in-atmospheric-co2-and-global-warming-patrick-moore/,global warming emissions
It is not too hot now. Temperatures and CO2 are lower now than they have been throughout nearly the entire history of the Earth.,en,2,Science Feedback,https://science.feedback.org/review/earth-was-hotter-in-the-past-but-that-doesnt-make-humans-safer-from-modern-climate-change/,global warming emissions
"Carbon dioxide does not cause global warming, scientists are 90% sure it’s the Sun; The climate problems blamed on carbon dioxide (such as ocean acidification and negative impacts on polar bears) are not real",en,0,Science Feedback,https://science.feedback.org/review/evidence-greenhouse-gasses-cause-global-warming-denied-willie-soon-tucker-carlson-interview-mass-social-media-climate-misinformation/,global warming emissions
"Whether all that additional carbon dioxide is a function of human activity, that’s still debatable.",en,0,Science Feedback,https://science.feedback.org/review/no-doubt-on-co2s-role-despite-peterson-rogans-claims-2/,global warming emissions
CO2 is not correlated with global temperatures,en,0,Science Feedback,https://science.feedback.org/global-warming-doesnt-mean-everywhere-is-warming-same-rate-heres-why/,global warming emissions
They tell us that we are the primary forces controlling earth temperatures by the burning of fossil fuels and releasing their carbon dioxide. I hope my readers can recognize the absurdity of their claims. … increasing sunspots are linked to increases in earth temperature,en,0,Science Feedback,https://science.feedback.org/review/human-induced-increases-in-greenhouse-gases-are-the-primary-driver-of-global-warming-contrary-to-claims-in-cfact-article/,global warming emissions
"Post implies climate change is 'cyclical,' not caused by humans",en,2,USA Today,https://www.usatoday.com/story/news/factcheck/2023/02/10/fact-check-co-2-responsible-global-warming-not-earth-cycles/11156725002/,global warming emissions
Water vapor is the most abundant greenhouse gas so it is the main cause of recent global warming,en,0,Science Feedback,https://science.feedback.org/review/water-vapor-greenhouse-gas-not-major-driver-global-warming/,global warming emissions
"Human-produced carbon might be one of the factors [of climate change], but there’s simply no evidence that it is a significant one.",en,0,Science Feedback,https://science.feedback.org/review/there-is-overwhelming-evidence-that-climate-change-is-human-caused-townhall/,global warming emissions
Man-made CO2 is an insignificant contributor to climate change,en,1,AFP Fact Check,https://factcheck.afp.com/doc.afp.com.9NT3RW,global warming emissions
Global temperatures haven’t risen despite rise in greenhouse gas emissions,en,1,USA Today,https://www.usatoday.com/story/news/factcheck/2023/01/17/fact-check-greenhouse-gases-behind-increase-global-temperatures/11025956002/,global warming emissions
Impact of human-induced CO2 is insignificant when compared to natural climate variations,en,1,AFP Fact Check,https://factcheck.afp.com/doc.afp.com.36N447C,global warming emissions
We do not know if CO2 is the cause of global warming,en,0,Science Feedback,https://science.feedback.org/review/wall-street-journal-questions-decades-scientific-evidence-demonstrating-elevated-atmospheric-co2-causes-global-warming/,global warming emissions
Global warming slowing down? 'Ironic' study finds more CO2 has slightly cooled the planet,en,3,Science Feedback,https://science.feedback.org/review/claim-that-co2-is-cooling-the-planet-is-misleading-anthropogenic-co2-emissions-overall-cause-global-warming/,global warming emissions
Climate scientists disagree about how much warming is associated with our emissions and whether this warming is larger than natural climate variability from the sun and volcanic eruptions,en,2,Science Feedback,https://science.feedback.org/review/no-evidence-significant-influence-volcanoes-solar-variability-on-recent-climate-change-contrary-judith-curry-claims-prageru-video/,global warming emissions
Scientists say human breathing is fueling global warming,en,2,Science Feedback,https://science.feedback.org/review/contrary-widespread-misrepresentation-new-study-finds-extremely-minimal-impact-human-breathing-climate/,global warming emissions
Agriculture and land use emit more greenhouse gases than using fossil fuels,en,2,Science Feedback,https://science.feedback.org/agriculture-emits-greenhouse-gases-less-than-using-fossil-fuels-despite-recent-papers-claim/,global warming emissions
Viral posts have been making claims that man-made CO2 constitutes only 0.1 to 0.2% of atmospheric greenhouse gases.,en,1,Boom Live,https://www.boomlive.in/world/climate-crisis-greenhouse-gases-fact-check-14955,global warming emissions
Discovery Of Massive Volcanic CO2 Emissions Discredits Global Warming Theory,en,0,Science Feedback,https://science.feedback.org/review/volcanic-co2-emissions-known-much-smaller-than-human-caused-emissions-james-edward-kamis/,global warming emissions
Cow emissions don't contribute to global warming,en,2,AFP Fact Check,https://factcheck.afp.com/doc.afp.com.32C97Q2,global warming emissions
Scientists have never proved that human emissions of carbon dioxide drive global warming.,en,2,AAP,https://www.aap.com.au/factcheck/geologist-misleads-with-climate-change-proof-claim/,global warming emissions
Carbon dioxide has an atmospheric residence time of less than a decade.,en,1,AAP,https://www.aap.com.au/factcheck/carbon-atmospheric-residence-claim-is-full-of-gas/,global warming emissions
Carbon dioxide is not a climate heat driver; we had an ice age when the Earth had extraordinarily larger amounts of carbon dioxide; in the 1970s scientists thought we were going to have a new ice age.,en,0,Science Feedback,https://science.feedback.org/review/carbon-dioxide-emissions-humans-major-driver-climate-change-jerome-corsi-claims-cbn-news/,global warming emissions
"The scientific consensus on whether global warming is human caused is not 97 percent, it’s less than 1 percent. There is no way to measure the human impact on climate change.",en,0,Science Feedback,https://science.feedback.org/review/climate-scientists-agree-that-human-caused-greenhouse-gas-emissions-are-primarily-responsible-for-climate-change-contrary-to-claims-in-clear-energy-alliance-video/,global warming emissions
"Says human activity, or carbon dioxide emissions, is not the “primary contributor” to global warming.",en,1,FactCheck.org,https://www.factcheck.org/2017/03/pruitt-on-climate-change-again/,global warming emissions
Post implies modern climate change is caused by the sun,en,2,USA Today,https://www.usatoday.com/story/news/factcheck/2024/02/15/sun-impact-global-warming-climate-change-fact-check/72600226007/,global warming emissions
100 companies are responsible for 71% of global emissions.,en,3,Full Fact,https://fullfact.org/news/are-100-companies-causing-71-carbon-emissions/,global warming emissions
"Posts on social media, perhaps as an attempted “gotcha” to those worried about climate change, claim an erupting volcano can put more carbon dioxide into Earth’s atmosphere in 24 hours than humans have in all of human existence. But this is false.",en,0,Africa Check,https://africacheck.org/fact-checks/meta-programme-fact-checks/no-volcanic-eruptions-dont-put-more-carbon-dioxide,global warming emissions
Greenhouse gases emitted into the ocean are causing more holes in the ozone layer … “the ozone layer has holes in it causing global temperature to rise”,en,0,Science Feedback,https://science.feedback.org/review/greenhouse-gases-cause-global-warming-by-trapping-infra-red-radiations-not-by-causing-more-holes-in-the-ozone-layer/,global warming emissions
Human-based carbon dioxide emissions do not cause global warming.,en,1,AAP,https://www.aap.com.au/factcheck/sunny-outlook-on-global-warmings-causes-denies-scientific-evidence/,global warming emissions
Scientists have found no consistent correlation between CO2 and temperature; scientists do not know whether earth will warm or cool in future,en,0,Science Feedback,https://science.feedback.org/review/link-between-co2-earth-temperature-well-established-despite-claims-fox-news-tom-harris/,global warming emissions
Greenland studies show global warming is natural,en,2,AFP Fact Check,https://factcheck.afp.com/doc.afp.com.32KP6NR,global warming emissions
"Increases in atmospheric CO2 is mainly from natural causes, like ocean outgassing, and not from humans who emit so little in comparison",en,0,Science Feedback,https://science.feedback.org/review/video-ian-plimer-incorrectly-states-human-co2-emissions-not-responsible-for-increased-atmospheric-co2-concentrations-global-warming/,global warming emissions
Satellite temperature data in January 2023 proves global warming is a hoax,en,2,AFP Fact Check,https://factcheck.afp.com/doc.afp.com.338U7EP,global warming emissions
Less than 5% of carbon dioxide emissions are produced by man [... they] can’t cause 30% of today’s atmospheric carbon dioxide,en,2,Science Feedback,https://science.feedback.org/review/co2-emissions-from-human-activities-have-imbalanced-the-atmospheric-carbon-budget-significantly-contributing-to-climate-change-contrary-to-online-claim-issues-insights/,global warming emissions
CO2 is 0.04% of the atmosphere and humans have contributed only 3% of that.,en,1,USA Today,https://www.usatoday.com/story/news/factcheck/2023/06/26/humans-have-significant-impact-on-atmospheric-co2-fact-check/70278653007/,global warming emissions
"Methane from cows is only a small percentage of total greenhouse gas emissions, it would be produced anyways without cattle, it is not an important contributor to climate change",en,2,Science Feedback,https://science.feedback.org/review/claim-cow-burps-not-important-contributor-climate-change-ignores-full-range-greenhouse-gas-emissions-beef-production/,global warming emissions
CO2's role in recent warming is not well-established; CO2 is beneficial because it can increase agriculture productivity; climate change has not impacted U.S. wildfire activity,en,0,Science Feedback,https://science.feedback.org/review/misleading-u-s-department-energy-climate-report-chooses-bias-over-science-climate-scientists-say/,global warming emissions
“The clothing industry contributes up to 10% of the pollution driving the climate crisis.”,en,0,Science Feedback,https://science.feedback.org/review/the-clothing-industry-produces-3-to-10-of-global-greenhouse-gas-emissions-as-accurately-claimed-in-patagonia-post/,global warming emissions
"""There is no evidence, other than models, that human CO2 emissions drive climate change and abundant evidence that the Sun, coupled with natural climate cycles, drives most, if not all, of recent climate changes""",en,0,Science Feedback,https://science.feedback.org/review/robust-scientific-evidence-supports-human-activity-drives-global-warming-contrary-to-claims-co2-coalition-blog-post-andy-may/,global warming emissions
Only 100 corporations are responsible for 71% of global greenhouse gas emissions.,en,1,Snopes,https://www.snopes.com/fact-check/corporations-greenhouse-gas/,global warming emissions
Animal agriculture is the biggest contributor to climate change,en,1,USA Today,https://www.usatoday.com/story/news/factcheck/2022/12/05/fact-check-fossil-fuels-no-1-climate-change-cause-not-animals/10764976002/,global warming emissions
"""Gas is as dirty as coal.""",en,3,ABC News,https://www.abc.net.au/news/2020-11-03/fact-check-is-gas-just-as-dirty-as-coal-adam-bandt/12838066,global warming emissions
Cow farts are a major source of greenhouse gas emissions.,en,2,Snopes.com,https://www.snopes.com/fact-check/cow-farts-global-warming/,global warming emissions
"There is no factual data to back up global warming; real scientists don’t know whether CO2, solar sunspots or natural activity cause global warming",en,0,Science Feedback,https://science.feedback.org/review/in-viral-turning-point-usa-video-candace-owens-and-charlie-kirk-falsely-claim-there-is-no-evidence-of-global-warming-and-scientists-dont-know-the-cause/,global warming emissions
Cows do not produce greenhouse gases,en,1,USA Today,https://www.usatoday.com/story/news/factcheck/2022/11/17/fact-check-cows-produce-greenhouse-gases-like-all-mammals/10707179002/,global warming emissions
"""The science is clear, under President Trump greenhouse gas emissions are down.""",en,0,PolitiFact,https://www.politifact.com/factchecks/2018/jun/18/environmental-protection-agency/are-greenhouse-emissions-down-under-donald-trump-e/,global warming emissions
"Scientists predicted global cooling and were wrong, so they are wrong about global warming",en,0,Science Feedback,https://science.feedback.org/review/uncertainties-about-future-climate-change-1970s-does-not-invalidate-today-evidence-reality-global-warming/,global warming emissions
"Human-contributed CO2 is .0016% of atmosphere, so can't spur climate change",en,1,USA Today,https://www.usatoday.com/story/news/factcheck/2024/03/11/co2-atmosphere-percentage-global-warming/72858354007/,global warming emissions
‘No correlation’ between carbon dioxide emissions and the climate,en,1,USA Today,https://www.usatoday.com/story/news/factcheck/2023/02/27/fact-check-scientists-say-carbon-dioxide-levels-affect-climate/11275148002/,global warming emissions
"Trees absorb all CO2 in US; climate change caused by El Niño, sea volcanoes",en,1,USA Today,https://www.usatoday.com/story/news/factcheck/2023/11/29/false-claim-global-warming-from-volcanoes-and-el-nio-fact-check/71440999007/,global warming emissions
"“...Seven and a half years have passed since there was any trend in global warming at all” If global warming was caused by human emissions, temperature would rise at a steady rate",en,0,Science Feedback,https://science.feedback.org/review/earths-surface-warm-due-greenhouse-gas-christopher-monckton-watts-up-with-that/,global warming emissions
Atmospheric CO2 level is negligible,en,2,AFP Fact Check,https://factcheck.afp.com/doc.afp.com.33GM2A2,global warming emissions
It's more likely oceans are causing global warming than CO2,en,1,USA Today,https://www.usatoday.com/story/news/factcheck/2023/01/20/fact-check-global-warming-caused-co-2-not-ocean-warming/11066134002/,global warming emissions
NASA 'admits' climate change not caused by fossil fuels,en,1,USA Today,https://www.usatoday.com/story/news/factcheck/2022/07/26/fact-check-nasa-says-modern-climate-change-fossil-fuels/10032564002/,global warming emissions
“Greenhouse gas emissions have effectively been put under control in 2020. China’s carbon emission intensity reduced by 18.8 percent … basically reversing the rapid growth of CO2 emissions.”,en,2,VOA,https://www.voanews.com/a/fact-check-china-greenhouse-gas-coal/6743177.html,global warming emissions
Emissions-driven global warming is a hoax; El Niño driving recent warming,en,1,USA Today,https://www.usatoday.com/story/news/factcheck/2023/07/21/no-el-nio-isnt-the-reason-we-have-climate-change-fact-check/70385441007/,global warming emissions
"Land use, farming have no meaningful climate impact",en,2,AFP Fact Check,https://factcheck.afp.com/doc.afp.com.33LP6PR,global warming emissions
"Climate, weather is being altered by technology such as HAARP, chemtrails",en,1,AFP Fact Check,https://factcheck.afp.com/doc.afp.com.32XK3PR,global warming emissions
"Warming caused by Milankovitch cycles and solar inertial motion, not CO2",en,1,USA Today,https://www.usatoday.com/story/news/factcheck/2023/08/17/no-milankovitch-cycles-dont-cause-modern-global-warming-fact-check/70471408007/,global warming emissions
Italy withdrew from Paris accord,en,1,AFP Fact Check,https://factcheck.afp.com/doc.afp.com.67862NQ,Paris climate agreement
Italy is withdrawing from the Paris Climate Agreement.,en,3,Lead Stories,https://leadstories.com/hoax-alert/2025/07/fact-check-italy-did-not-withdraw-from-the-paris-agreement.html,Paris climate agreement
"China, India, Russia and the US are no longer part of the Paris Agreement.",en,1,AAP,https://www.aap.com.au/factcheck/farming-group-misquotes-nz-deputy-prime-minister-on-paris-agreement-exodus/,Paris climate agreement
"China and India, along with the US, are not parties to the Paris Agreement on climate change.",en,1,AAP,https://aap.com.au/factcheck/senator-falsely-claims-china-and-india-left-paris-climate-pact/,Paris climate agreement
Claimed the Paris Agreement on climate change is legally binding.,en,3,FactCheck.org,https://www.factcheck.org/2017/06/factchecking-trumps-iowa-rally/,Paris climate agreement
"“Compliance with the terms of the Paris accord and the onerous energy restrictions it has placed on the United States could cost America as much as 2.7 million lost jobs by 2025, according to the National Economic Research Associates. This includes 440,000 fewer manufacturing jobs — not what we need.”",en,3,The Washington Post,https://www.washingtonpost.com/news/fact-checker/wp/2017/06/01/fact-checking-president-trumps-claims-on-the-paris-climate-change-deal/,Paris climate agreement
"""Even if the Paris Agreement were implemented in full, with total compliance from all nations, it is estimated it would only produce a two-tenths of one degree ... Celsius reduction in global temperature by the year 2100.""",en,3,FactCheck.org,https://www.factcheck.org/2017/06/will-paris-tiny-effect-warming/,Paris climate agreement
"“The Paris agreement would’ve cost America millions of lost jobs and billions and billions of lost dollars, and put us at a permanent economic disadvantage. China doesn’t kick in until 2030.”",en,3,PolitiFact,https://www.politifact.com/article/2017/jun/22/fact-checking-nine-things-trump-overstated-got-wro/,Paris climate agreement
"The Paris Agreement would result in ""lost jobs, lower wages, shuttered factories and vastly diminished economic production.""",en,3,PolitiFact,https://www.politifact.com/article/2017/jun/01/fact-checking-donald-trumps-statement-withdrawing-/,Paris climate agreement
Mrs. Clinton said Mr. Sanders had opposed the Paris climate change agreement.,en,3,The New York Times,https://www.nytimes.com/interactive/2016/us/elections/fact-check.html,Paris climate agreement
"China will be allowed to build hundreds of additional coal plants. So we can’t build the plants, but they can, according to this (Paris) agreement.""",en,1,PolitiFact,https://www.politifact.com/factchecks/2017/jun/05/donald-trump/donald-trump-wrong-paris-accord-china-and-coal-pla/,Paris climate agreement
"""Every single one of the signatories to the Paris climate accord lags behind America in overall emissions reductions.""",en,2,The New York Times,https://www.nytimes.com/2019/07/08/us/politics/trump-environmental-record-fact-check.html,Paris climate agreement
President Donald Trump sent a video message to Belgian citizens criticizing their government for being part of the Paris Climate Change Agreement.,en,1,Snopes,https://www.snopes.com/fact-check/trump-belgium-climate-agreement/,Paris climate agreement
"Fact check/China, India, and the Paris Climate Agreement.",en,2,Ballotpedia,"https://ballotpedia.org/Fact_check/China,_India,_and_the_Paris_Climate_Agreement",Paris climate agreement
"“The Paris Agreement isn’t working out so well for Paris. Protests
and riots all over France. People do not want to pay large sums
of money, much to third world countries (that are questionably
run), in order to maybe protect the environment. Chanting ‘We
Want Trump!’ Love France.”",en,1,The Washington Post,https://www.washingtonpost.com/politics/2018/12/11/fact-checking-president-trumps-volley-weekend-tweets/,Paris climate agreement
"“Even if the Paris Agreement were implemented in full, with total compliance from all nations, it is estimated it would only produce a two-tenths of one degree — think of that, this much — Celsius reduction in global temperature by the year 2100. Tiny, tiny amount.”",en,2,PolitiFact,https://www.politifact.com/article/2017/jun/01/fact-checking-donald-trumps-statement-withdrawing-/,Paris climate agreement
"Under the Paris Accord, ""China and India had no obligations under the agreement until 2030.”",en,3,The Washington Post,https://www.washingtonpost.com/news/fact-checker/wp/2017/04/14/epa-administrator-scott-pruitts-claim-that-china-and-india-have-no-obligations-until-2030-under-the-paris-accord/,Paris climate agreement
"""I terminated for our country the Paris accord...I terminated because it was not fair to our country, we have other countries that had much better deals than we did.""",en,3,PolitiFact,https://www.politifact.com/article/2017/jul/13/fact-checking-president-donald-trumps-interview-ch/,Paris climate agreement
"“China will be allowed to build hundreds of additional coal plants. So, we can’t build the plants, but they can, according to this agreement. India will be allowed to double its coal production by 2020.”",en,1,The Washington Post,https://www.washingtonpost.com/news/fact-checker/wp/2017/06/01/fact-checking-president-trumps-claims-on-the-paris-climate-change-deal/,Paris climate agreement
"""Syria and Nicaragua are the only nations that didn't sign the Paris Agreement. Nicaragua said it wasn't tough enough.""",en,0,PolitiFact,https://www.politifact.com/factchecks/2017/jun/01/debbie-wasserman-schultz/are-nicaragua-and-syria-only-countries-not-sign-pa/,Paris climate agreement
"""You know what was wrong with Paris [Accord] ... China and India got away, the largest producers of CO2 internationally, got away scot-free. They didn’t have to take steps until 2030.""",en,1,FactCheck.org,https://www.factcheck.org/2017/03/pruitt-paris-accord/,Paris climate agreement
"Said ""it's not true"" that the Paris Agreement if fully implemented would reduce the global average temperature by only 0.2 degrees Celsius.",en,3,FactCheck.org,https://www.factcheck.org/2017/06/will-paris-tiny-effect-warming/,Paris climate agreement
"The Paris Climate Agreement is “bad for America,” because it ""does nothing to hold real polluters, like Communist China and India, accountable.""",en,1,PolitiFact,https://www.politifact.com/factchecks/2021/jan/26/rick-scott/paris-climate-agreement-easier-china-and-india-us/,Paris climate agreement
Labor’s pledge to reduce emissions by 43 per cent by 2030 falls short of Australia’s commitment to the Paris Agreement.,en,0,AAP,https://www.aap.com.au/factcheck/greens-senator-says-labors-43-pct-target-fails-to-achieve-paris-commitment/,Paris climate agreement
"""China will be allowed to build hundreds of additional coal plants. So, we can't build the plants, but they can, according to this agreement.""",en,3,PolitiFact,https://www.politifact.com/article/2017/jun/01/fact-checking-donald-trumps-statement-withdrawing-/,Paris climate agreement
A study by the National Economics Research Association showed that the deal could cost 2.7 million lost jobs in the U.S. by 2025 should our country adhere to the commitments made by the Obama Administration.,en,1,PolitiFact,https://www.politifact.com/factchecks/2017/jun/21/gus-bilirakis/gus-bilirakis-cites-flawed-study-defend-us-wit/,Paris climate agreement
"“Believe me, we have massive legal liability if we stay in"" the Paris accord.",en,2,The Washington Post,https://www.washingtonpost.com/news/fact-checker/wp/2017/06/01/fact-checking-president-trumps-claims-on-the-paris-climate-change-deal/,Paris climate agreement
"New study about historical variations in Arctic region ""inconvenient fact"" for climate alarmists",en,2,AFP Fact Check,https://factcheck.afp.com/doc.afp.com.329J4RK,Arctic ice melting
"The Antarctic ice sheet is not melting, it’s growing.",en,1,AAP,https://www.aap.com.au/factcheck/cold-hard-facts-sink-antarctic-ice-claim/,Arctic ice melting
April data shows Arctic sea ice is not declining,en,1,USA Today,https://www.usatoday.com/story/news/factcheck/2024/05/08/arctic-sea-ice-declining-not-hoax-fact-check/73601707007/,Arctic ice melting
A 1922 report disproves human-caused global warming,en,1,AFP Fact Check,https://factcheck.afp.com/doc.afp.com.32EH2J7,Arctic ice melting
"The melting of South Pole ice will allow the continent to float up, therefore resulting in minimal sea level change.",en,1,AAP,https://www.aap.com.au/factcheck/cold-hard-nonsense-floated-about-polar-ice/,Arctic ice melting
Changes in Antarctic sea ice coverage shows global warming is not happening,en,1,USA Today,https://www.usatoday.com/story/news/factcheck/2024/02/20/antarctic-sea-ice-extent-global-warming-real/72654412007/,Arctic ice melting
Melting of Arctic sea ice and polar icecaps is not occurring at ‘unnatural’ rates and does not constitute evidence of a human impact on the climate.,en,0,Science Feedback,https://science.feedback.org/review/heartland-institute-report-incorrectly-claims-no-evidence-human-impacts-melting-ice/,Arctic ice melting
There was more ice than ever before at the polar ice caps in 2015.,en,1,Full Fact,https://fullfact.org/online/polar-ice-al-gore/,Arctic ice melting
Al Gore said that the ice caps would melt by 2014.,en,3,Full Fact,https://fullfact.org/online/polar-ice-al-gore/,Arctic ice melting
There was more ice than ever before in 2015.,en,1,Full Fact,https://fullfact.org/online/polar-ice-al-gore/,Arctic ice melting
"Arctic sea ice is not melting and there is no indication that we should expect the Arctic sea summer ice to disappear completely, as predicted",en,0,Science Feedback,https://science.feedback.org/review/arctic-sea-ice-melting-over-past-decades-with-projections-summer-ice-free-conditions-mid-century/,Arctic ice melting
1922 news article about the Arctic said sea level rise would make coastal cities uninhabitable 'within a few years',en,1,USA Today,https://www.usatoday.com/story/news/factcheck/2022/07/26/fact-check-1922-news-article-reported-arctic-conditions/10144008002/,Arctic ice melting
Al Gore predicted that Earth’s “ice caps” would melt away by 2014.,en,2,Snopes.com,https://www.snopes.com/fact-check/ice-caps-melt-gore-2014/,Arctic ice melting
"A 1922 newspaper article reported that ""radical change in climatic conditions"" was melting Arctic ice and disrupting wildlife.",en,0,Snopes,https://www.snopes.com/fact-check/warm-welcome/,Arctic ice melting
Measurements indicating that 2017 had relatively more sea ice in the Arctic and less melting of glacial ice in Greenland casts scientific doubt on the reality of global warming.,en,1,Snopes,https://www.snopes.com/fact-check/does-arctic-ice-doubt-reality-climate-change/,Arctic ice melting
April and May data shows Arctic sea ice isn't declining.,en,1,USA Today,https://www.usatoday.com/story/news/factcheck/2023/05/23/arctic-sea-ice-declining-despite-april-and-may-data-fact-check/70241424007/,Arctic ice melting
Says Al Gore said in 2009 that “the North Pole will be ice-free in the summer by 2013 because of man-made global warming.”,en,0,PolitiFact,https://www.politifact.com/factchecks/2021/mar/02/facebook-posts/fact-checking-claims-al-gore-said-all-arctic-ice-w/,Arctic ice melting
A meme debunks climate change by showing that melting sea ice (represented by ice cubes) placed in a measuring cup does not contribute to sea level rise (represented by the unchanging water level of the cup).,en,1,Snopes,https://www.snopes.com/fact-check/meme-debunk-sea-level-rise/,Arctic ice melting
Status of the Amazon forest in 2009 vs. 2019.,en,1,FACTLY,https://factly.in/a-2004-deforestation-photo-in-the-amazon-forest-is-falsely-shared-as-a-2019-image/,deforestation Amazon
Brazil is rebranding deforestation numbers under degradation,en,2,AFP Fact Check,https://factcheck.afp.com/doc.afp.com.84426NQ,deforestation Amazon
Picture shows deforestation in Sinharaja forest Sri Lanka,en,2,AFP Fact Check,https://factcheck.afp.com/photo-shows-deforestation-amazon-forest-south-america,deforestation Amazon
“Brazilian agribusiness does not deforest the Amazon. It generates clean energy and helps to conserve the forest that occupies 61% of Brazil's territory.”,en,1,VOA,https://www.voanews.com/a/fact-check-bolsonaro-son-covers-for-agribusiness-on-amazon-deforestation/6742897.html,deforestation Amazon
Wind turbine blades are made with balsa wood - which is plundered from the Amazon rainforest.,en,2,Science Feedback,https://science.feedback.org/wind-turbine-blades-are-made-from-balsa/,deforestation Amazon
“Amazon near tipping point of switching from rainforest to savannah”,en,3,Science Feedback,https://science.feedback.org/review/climate-change-can-make-it-harder-for-the-amazon-rainforest-to-grow-back-from-deforestation-but-that-does-not-mean-40-of-it-will-now-turn-into-a-savanna/,deforestation Amazon
More than 75 percent of the rainforest is losing resilience; More than half of the rainforest could be converted into savanna in a matter of decades,en,0,Science Feedback,https://science.feedback.org/review/more-than-75-percent-amazon-rainforest-losing-resilience-the-washington-post-sarah-kaplan/,deforestation Amazon
"""With operations in the field of Operation Green Brazil 2, with the Armed Forces in support ... we have advanced in the fight against environmental crimes and other illegal activities, obtaining significant results.""",en,2,VOA,https://www.voanews.com/a/fact-check-brazil-fantasy-and-failure-to-protect-the-amazon-under-bolsonaro/6742748.html,deforestation Amazon
Bill Gates’ “ultimate goal” is to microchip COVID-19 vaccine in order to create virtual IDs,en,3,AFP Fact Check,https://factcheck.afp.com/hoax-about-bill-gates-plan-microchip-vaccine-circulates-online,Bill Gates microchip vaccine
"""Bill Gates will use microchip implants to fight coronavirus.""",en,1,FactCheck.org,https://www.factcheck.org/2020/04/conspiracy-theory-misinterprets-goals-of-gates-foundation/,Bill Gates microchip vaccine
"“Due to the large number of people who will refuse the forthcoming COVID-19 vaccine because it will include tracking microchips, the Gates Foundation is now spending billions to ensure that all medical and dental injections and procedures include the chips.”",en,1,PolitiFact,https://www.politifact.com/factchecks/2020/may/20/facebook-posts/no-gates-foundation-isnt-pushing-microchips-all-me/,Bill Gates microchip vaccine
Bill Gates wants to add a microchip in COVID-19 vaccine to create digital IDs.,en,1,Boom Live,https://www.boomlive.in/world/does-bill-gates-want-to-microchip-covid-19-vaccine-not-really-8656,Bill Gates microchip vaccine
Bill Gates is using vaccines to implant a microchip in humans.,en,1,BOOM Fact Check,https://www.boomlive.in/world/fake-news-bill-gates-microchips-implant-covid-19-vaccine-11940,Bill Gates microchip vaccine
"Microsoft Co-Founder Bill Gates tweeted the joke, ""I guess we finally ran out of microchips,"" in response to a previous tweet from ""The Daily Show's"" Twitter account.",en,0,Snopes.com,https://www.snopes.com/fact-check/bill-gates-microchips-tweet/,Bill Gates microchip vaccine
Video shows Bill Gates’s microchips hidden inside Covid-19 vaccinations?,en,2,AFP Fact Check,https://factcheck.afp.com/clip-german-tv-programme-circulates-misleading-posts-about-coronavirus-vaccines-and-bill-gates,Bill Gates microchip vaccine
"Bill Gates — along with a coalition dubbed ""ID 2020"" — seeks to ""microchip"" the world population using a COVID-19 vaccine.",en,1,Snopes,https://www.snopes.com/fact-check/bill-gates-id2020/,Bill Gates microchip vaccine
"“Bill Gates calls for the withdrawal of all Covid-19 Vaccines; ‘The vaccines are far more dangerous than anyone imagined.’""",en,1,PolitiFact,https://www.politifact.com/factchecks/2021/sep/07/blog-posting/no-bill-gates-didnt-call-withdrawal-all-covid-19-v/,Bill Gates microchip vaccine
Navy admits the Earth is flat.,en,3,Lead Stories,https://leadstories.com/hoax-alert/2025/09/fact-check-us-navy-did-not-admit-the-earth-was-flat-or-claim-the-helios-laser-system-had-a-range-of-100-miles-these-are-misrepresentations.html,flat earth
NASA has admitted the earth is flat in several documents.,en,1,AAP,https://www.aap.com.au/factcheck/no-nasa-didnt-admit-the-earth-is-flat/,flat earth
"Flights from New Zealand to Argentina connect through the U.S., which only makes sense if the Earth is flat.",en,0,Science Feedback,https://science.feedback.org/review/flight-paths-not-evidence-for-flat-earth/,flat earth
"Antarctica’s perimeter is larger than Earth’s circumference which should not be possible, proving Antarctica is an ice wall and we live on a flat Earth.",en,0,Science Feedback,https://science.feedback.org/review/viral-flat-earth-videos-miss-basic-geometry-when-comparing-antarcticas-perimeter-to-earths-circumference/,flat earth
"The Earth is flat based on various observations (e.g., photographs taken of objects that should be below the horizon but aren’t)",en,0,Science Feedback,https://science.feedback.org/review/how-we-know-earth-is-round-not-flat-a-review-of-claims-and-misconceptions-about-earths-shape/,flat earth
Earth is flat because we never see shooting stars coming from the bottom up,en,1,USA Today,https://www.usatoday.com/story/news/factcheck/2024/07/19/shooting-stars-fly-up-flat-earth-fact-check/74431671007/,flat earth
A video shows Antarctica is an 'ice wall' surrounding a flat Earth.,en,1,Rappler,https://www.rappler.com/newsbreak/fact-check/fake-video-antarctica-ice-wall-flat-earth/,flat earth
the Coriolis effect does not affect aircraft trajectory and proves that the Earth is flat,en,3,Lead Stories,https://leadstories.com/hoax-alert/2024/05/fact-check-video-does-not-prove-earth-is-flat-coriolis-effect-does-affect-planes-weather.html,flat earth
"Long-distance photos, showing things up to hundreds of miles away, provide evidence that the Earth is not curved.",en,3,Lead Stories,https://leadstories.com/hoax-alert/2024/03/fact-check-long-distance-photos-do-not-prove-earth-is-not-flat.html,flat earth
Operation Highjump was to see what was beyond the 'ice wall' of Antarctica,en,1,USA Today,https://www.usatoday.com/story/news/factcheck/2024/03/08/flat-earth-operation-highjump-antarctica/72881230007/,flat earth
"Celestial navigation would be impossible if Earth is round, orbits the sun",en,1,USA Today,https://www.usatoday.com/story/news/factcheck/2024/03/05/no-navigation-by-ancients-does-not-show-earth-is-flat-fact-check/72835665007/,flat earth
Hindu mythology portrayed the earth as spherical long before the commonly held belief that it was flat until the 5th century since Varaha lifted a spherical earth,en,2,FACTLY,https://factly.in/no-conclusive-evidence-that-varaha-lifting-a-spherical-shaped-earth/,flat earth
Space is 'fake' because you can't have a gas gradient without a container,en,1,USA Today,https://www.usatoday.com/story/news/factcheck/2023/12/08/gravity-creates-gas-pressure-without-a-container-fact-check/71833094007/,flat earth
"Images authentically depicted a Facebook post by the Flat Earth Society in which it claimed to have ""members all around the globe.""",en,1,Snopes.com,https://www.snopes.com/fact-check/flat-earth-society-facebook/,flat earth
Photo Does Show Elon Musk Reading Flat Earth Book,en,3,Lead Stories,https://leadstories.com/hoax-alert/2023/10/fact-check-photo-does-not-show-elon-musk-reading-flat-earth-book.html,flat earth
A photo showing the Earth is flat has been leaked by SpaceX.,en,0,Full Fact,https://fullfact.org/online/photo-SpaceX-flat-Earth/,flat earth
Lead Developer At Google Earth Believes Earth Is Flat,en,3,Lead Stories,https://leadstories.com/hoax-alert/2023/09/fact-check-no-evidence-lead-developer-at-google-earth-believes-earth-is-flat-story-originated-on-parody-site.html,flat earth
"Pictures show the Earth is flat, and sea levels haven’t changed",en,1,USA Today,https://www.usatoday.com/story/news/factcheck/2023/08/07/false-claim-the-earth-is-flat-and-sea-levels-arent-rising-fact-check/70533704007/,flat earth
Civil engineers and aircraft pilots never factor in the earth’s curve.,en,1,AAP,https://www.aap.com.au/factcheck/engineers-deflate-flat-earth-funnymans-theory/,flat earth
Polish Astronaut Admitted The Earth Is Flat,en,3,Lead Stories,https://leadstories.com/hoax-alert/2023/07/fact-check-polish-astronaut-did-not-admit-the-earth-is-flat.html,flat earth
Donald Trump said that he believes that the Earth is flat.,en,1,Snopes,https://www.snopes.com/fact-check/donald-trump-says-the-earth-is-flat/,flat earth
Airplanes Fly Straight and Level And The Planet Is Flat,en,3,Lead Stories,https://leadstories.com/hoax-alert/2022/10/fact-check-airplanes-do-not-fly-straight-and-level-and-the-earth-is-not-flat.html,flat earth
Antarctica is an ice wall that surrounds the flat Earth,en,1,USA Today,https://www.usatoday.com/story/news/factcheck/2022/11/16/fact-check-antarctica-continent-not-ice-wall-flat-earth/8305230001/,flat earth
The Earth is flat.,en,3,Full Fact,https://fullfact.org/online/earth-is-spherical-not-flat/,flat earth
Moon visible in the daytime proves Earth is flat,en,1,USA Today,https://www.usatoday.com/story/news/factcheck/2023/01/13/fact-check-false-claim-moon-visible-during-day-proof-flat-earth/11022360002/,flat earth
The UN Flag Shows Flat Earth,en,3,Lead Stories,https://leadstories.com/hoax-alert/2022/09/fact-check-the-un-flag-does-not-show-flat-earth.html,flat earth
"Laser tests show bodies of water are level, which proves the Earth is flat",en,1,USA Today,https://www.usatoday.com/story/news/factcheck/2022/12/07/fact-check-false-claim-laser-tests-prove-earth-flat/10821382002/,flat earth
NASA admits the Earth is flat and non-rotating,en,1,USA Today,https://www.usatoday.com/story/news/factcheck/2023/01/10/fact-check-nasa-says-earth-globe-reports-dont-prove-otherwise/10881711002/,flat earth
The absence of locks on the Suez Canal is proof the earth is flat.,en,1,AAP,https://www.aap.com.au/factcheck/flat-earthers-stuck-in-a-rut-over-suez-canals-lack-of-locks/,flat earth
The Terra Infinita map is an accurate representation of real territories beyond our known continents on a flat earth,en,3,Lead Stories,https://leadstories.com/hoax-alert/2022/12/fact-check-terra-infinita-map-does-not-show-real-place-its-illustration-of-lands-in-science-fiction-series.html,flat earth
The Earth is flat and is surrounded by an invisible barrier. In 1962 the US military tried to blast a hole in the barrier with Operation Fish Bowl,en,1,Lead Stories,https://leadstories.com/hoax-alert/2022/11/fact-check-the-earth-is-not-flat-and-operation-fish-bowl-was-a-high-altitude-nuclear-proof-test.html,flat earth
The Earth is flat because cities cannot be upside-down,en,1,USA Today,https://www.usatoday.com/story/news/factcheck/2022/12/13/fact-check-gravity-pulls-objects-toward-center-earth/10840434002/,flat earth
Satellites are fake.,en,3,Full Fact,https://fullfact.org/online/earth-is-spherical-not-flat/,flat earth
Earth not curved or moving; air pressure couldn't exist without a container,en,1,USA Today,https://www.usatoday.com/story/news/factcheck/2022/11/28/fact-check-earth-curve-motion-detectable-air-pressure-gravity/8296016001/,flat earth
Radar technology wouldn’t work if the Earth was a globe,en,1,USA Today,https://www.usatoday.com/story/news/factcheck/2023/05/08/no-radar-technology-doesnt-prove-earth-is-flat-fact-check/11728472002/,flat earth
Earth isn't curved and doesn't rotate,en,1,USA Today,https://www.usatoday.com/story/news/factcheck/2022/11/17/fact-check-ample-evidence-earth-round-and-rotating/8267678001/,flat earth
Image of Chicago skyline taken in Indiana proves Earth is flat,en,1,USA Today,https://www.usatoday.com/story/news/factcheck/2022/12/05/fact-check-image-chicago-skyline-proves-earth-round-not-flat/10664681002/,flat earth
The moon gives off its own light.,en,1,AAP,https://www.aap.com.au/factcheck/flat-earthers-orbit-in-fact-free-zone-with-lunar-light-theory/,flat earth
Video shows Elon Musk admitting he is a flat earther,en,3,USA Today,https://www.usatoday.com/story/news/factcheck/2023/04/28/fact-check-video-elon-musk-discussing-flat-earth-theory-altered/11728406002/,flat earth
Planes flying ‘straight and level’ prove the Earth is flat,en,1,USA Today,https://www.usatoday.com/story/news/factcheck/2022/10/31/fact-check-false-claim-straight-and-level-flying-proves-earth-flat/10624777002/,flat earth
“I don’t want to take anyone else’s word for it. I don’t know if the Earth is flat or round … I just couldn’t dismiss it (flat Earth theory) after four to five months researching this.”,en,1,VOA,https://www.voanews.com/a/flat-earth-believer-mad-mike-hughes-dies-in-diy-rocket-crash/6742319.html,flat earth
Former US astronaut Buzz Aldrin admits in a video there was no moon landing.,en,1,AAP,https://www.aap.com.au/factcheck/buzz-aldrin-video-exposes-flat-earth-lunacy-over-moon-landing/,flat earth
Flat earth 'theory' says Tunisia’s Jugurtha Tableland is the stump of an ancient giant tree,en,1,Africa Check,https://africacheck.org/fact-checks/meta-programme-fact-checks/no-flat-earth-conspiracy-theorists-cant-claim-tunisias,flat earth
A compass wouldn't work if Earth is spherical,en,1,USA Today,https://www.usatoday.com/story/news/factcheck/2022/02/22/fact-check-compass-works-globe-because-magnetic-field-lines/6848272001/,flat earth
"First photo of the Earth's curvature was taken on April Fools' Day, 1960.",en,1,USA Today,https://www.usatoday.com/story/news/factcheck/2023/03/27/fact-check-earths-curvature-first-imaged-1935-contrary-post/11535820002/,flat earth
The local sun moves in a circle in the sky over the flat Earth once a day,en,3,Lead Stories,https://leadstories.com/hoax-alert/2023/02/fact-check-timelapse-video-of-alaskan-midnight-sun-does-not-prove-the-earth-is-flat-digitally-altered.html,flat earth
1958 encyclopedia americana domes prove earth is flat,en,3,Lead Stories,https://leadstories.com/hoax-alert/2023/01/fact-check-1958-encyclopedia-americana-does-not-prove-earth-is-flat.html,flat earth
Photo of solar eclipse taken at the South Pole proves Earth is flat,en,1,USA Today,https://www.usatoday.com/story/news/factcheck/2022/12/06/fact-check-false-claim-timelapse-photo-proof-flat-earth/10731282002/,flat earth
Image shows Elon Musk tweeting that the Earth is flat,en,3,USA Today,https://www.usatoday.com/story/news/factcheck/2023/03/16/fact-check-no-elon-musk-did-not-tweet-earth-flat/11484407002/,flat earth
Artemis crew interview glitch shows it was staged,en,1,AFP Fact Check,https://factcheck.afp.com/doc.afp.com.A6WV668,moon landing fake
"In late 2025, NASA admitted that it ""didn't go to the moon.""",en,1,Snopes,https://www.snopes.com/fact-check/nasa-admit-moon-landing-hoax/,moon landing fake
Photo proves US Moon landing is staged,en,1,AFP Fact Check,https://factcheck.afp.com/doc.afp.com.36623CE,moon landing fake
Image shows NASA astronauts posing for picture on the moon without helmets,en,1,USA Today,https://www.usatoday.com/story/news/factcheck/2024/05/30/apollo-16-helmets-moon-landing-not-fake-fact-check/73899992007/,moon landing fake
Photo proves US Moon landing was faked.,en,1,AFP Fact Check,https://factcheck.afp.com/doc.afp.com.34RY8JP,moon landing fake
"Eight newspaper front pages carried high quality images taken by astronauts on the day of the 1969 moon landing, the day after it occurred and before Apollo 11 returned to Earth.",en,3,Full Fact,https://fullfact.org/online/moon-landing-front-page-photos-altered/,moon landing fake
Video proves the moon landing was a hoax.,en,1,PolitiFact,https://www.politifact.com/factchecks/2024/may/08/viral-image/houston-we-have-no-problem-this-video-doesnt-prove/,moon landing fake
Post implies moon landings faked because lunar rover didn't fit in capsule,en,1,USA Today,https://www.usatoday.com/story/news/factcheck/2024/03/01/lunar-rover-moon-landing-not-fake/72794515007/,moon landing fake
Apollo 11 mission was faked because images appeared in newspapers day of,en,2,USA Today,https://www.usatoday.com/story/news/factcheck/2024/03/05/media-coverage-post-misleads-about-moon-landing-photos-fact-check/72835666007/,moon landing fake
"Archived footage from Stanley Kubrick showed him shooting scenes for the Apollo 11 moon landing in 1969, proving that it was faked.",en,1,Snopes,https://www.snopes.com/fact-check/stanley-kubrick-moon-landing/,moon landing fake
WikiLeaks released the footage of moon landing scenes filmed in the Nevada DesertF,en,1,FACTLY,https://factly.in/wikileaks-has-not-released-the-footage-of-nasas-moon-landing-shot-in-the-nevada-desert/,moon landing fake
"""Google proves that no one ever went to the moon.”",en,1,PolitiFact,https://www.politifact.com/factchecks/2024/feb/16/instagram-posts/no-google-didnt-confirm-that-the-1969-us-moon-land/,moon landing fake
Newspaper photos of the moon landing published on the same day could not have been transported and developed so quickly - proving the 1969 mission was faked.,en,1,AAP,https://www.aap.com.au/factcheck/fake-moon-landing-claim-orbits-the-simple-facts/,moon landing fake
Astronaut Buzz Aldrin Said The Moon Landing Was Fake,en,2,Fact Crescendo Sri Lanka,https://srilanka.factcrescendo.com/english/did-astronaut-buzz-aldrin-say-the-moon-landing-was-fake/,moon landing fake
Post implies image of moon in Nixon's office proves moon landing was fake,en,2,USA Today,https://www.usatoday.com/story/news/factcheck/2023/08/07/earthrise-photo-in-nixons-office-taken-during-apollo-8-fact-check/70528054007/,moon landing fake
Video is evidence the moon landing was faked because someone would have had to stay behind to film,en,1,PolitiFact,https://www.politifact.com/factchecks/2023/jun/19/instagram-posts/a-remotely-controlled-camera-captured-apollo-17-le/,moon landing fake
"""No proof US landed on moon""",en,1,VOA,https://www.voanews.com/a/fact-check-former-russian-space-chief-repeats-false-moon-landing-conspiracy-theory/7085470.html,moon landing fake
Chinese lunar rover finds no evidence of American moon landings.,en,1,PolitiFact,https://www.politifact.com/factchecks/2017/jun/22/antinews/its-fake-news-chinese-lunar-rover-found-no-evidenc/,moon landing fake
Phone Call During 1969 Moon Landing Was Faked,en,0,Lead Stories,https://leadstories.com/hoax-alert/2022/06/fact-check-phone-call-during-1969-moon-landing-was-not-faked.html,moon landing fake
"Image shows mismatch between Neil Armstrong’s spacesuit and boot print left on the Moon, therefore Moon landing was a hoax",en,1,AFP Fact Check,https://factcheck.afp.com/false-boot-print-comparison-shared-facebook-posts-about-neil-armstrongs-moon-landing,moon landing fake
A photograph of astronauts Neil Armstrong and Buzz Aldrin proves the 1969 moon landing was faked because a ceiling is visible in the background.,en,1,Snopes,https://www.snopes.com/fact-check/photo-moon-landing-staged/,moon landing fake
Buzz Aldrin’s comments during an interview with Conan O’Brien prove the moon landing was fake.,en,1,PolitiFact,https://www.politifact.com/factchecks/2022/feb/16/viral-image/some-tv-coverage-1969-moon-landing-was-animated-do/,moon landing fake
The phone President Richard Nixon used to talk to the first astronauts on the moon is evidence the 1969 moon landing was faked.,en,1,PolitiFact,https://www.politifact.com/factchecks/2023/may/05/instagram-posts/in-1969-the-president-called-the-astronauts-on-the/,moon landing fake
"The boots on Neil Armstrong's spacesuit don't match up with the ""footprints"" supposedly he left on the moon.",en,1,Snopes,https://www.snopes.com/fact-check/moon-footprints/,moon landing fake
Wikileaks released footage showing that the moon landing was faked.,en,1,Snopes,https://www.snopes.com/fact-check/wikileaks-faked-moon-landing/,moon landing fake
Astronaut Buzz Aldrin admitted during a television appearance with Conan O'Brien that the 1969 moon landing was fake.,en,1,Snopes,https://www.snopes.com/fact-check/buzz-aldrin-moon-landing-faked/,moon landing fake
Neil Armstrong’s spacesuit boots’ sole does not match his footprint on the moon. This might indicate discrepancies in the famous moon landing story.,en,1,India Today,https://www.indiatoday.in/fact-check/story/neil-armstrong-foot-print-theory-moon-landing-1975344-2022-07-14,moon landing fake
Video implies moon landings were faked,en,2,USA Today,https://www.usatoday.com/story/news/factcheck/2022/07/29/fact-check-video-shows-movie-footage-not-proof-moon-landing-hoax/10156183002/,moon landing fake
“Wikileaks releases moon landing cut scenes filmed in the Nevada desert.”,en,1,PolitiFact,https://www.politifact.com/factchecks/2022/oct/25/viral-image/no-wikileaks-didnt-release-evidence-that-the-moon/,moon landing fake
Video was released by WikiLeaks and proves moon landing was faked,en,1,USA Today,https://www.usatoday.com/story/news/factcheck/2022/01/28/fact-check-wikileaks-did-not-release-staged-moon-landing-footage/9217263002/,moon landing fake
A clip from the show 'Arrested Development' featuring Ron Howard is proof that the 1969 moon landing was fake.,en,1,Snopes,https://www.snopes.com/fact-check/ron-howard-moon-hoax/,moon landing fake
NASA's new test flight to moon proves 1969 moon landing is a hoax,en,1,AFP Fact Check,https://factcheck.afp.com/doc.afp.com.32J842V,moon landing fake
Buzz Aldrin has admitted that he never went to the Moon.,en,2,Full Fact,https://fullfact.org/online/buzz-aldrin-moon-landing-fake/,moon landing fake
Moonwalking astronaut Buzz Aldrin punched a moon-landing-denier conspiracy theorist.,en,0,Snopes,https://www.snopes.com/fact-check/buzz-aldrin-punched-conspiracist/,moon landing fake
A video clip shows a NASA studio-produced 'outtake' of the first manned moon landing.,en,1,Snopes,https://www.snopes.com/fact-check/moon-truth/,moon landing fake
A video shows director Stanley Kubrick admitting to faking the 1969 moon landings in collaboration with the US Government and NASA.,en,0,Full Fact,https://fullfact.org/online/stanley-kubrick-moon-landing-fake/,moon landing fake
Video shows Buzz Aldrin admitting the moon landing didn’t happen,en,1,USA Today,https://www.usatoday.com/story/news/factcheck/2022/10/12/fact-check-no-buzz-aldrin-did-not-say-moon-landing-fake-apollo-11/8236597001/,moon landing fake
"A ""banned"" photograph of a man in a suit walking on ""the moon"" revealed the 1969 moon landing was a hoax.",en,3,Snopes,https://www.snopes.com/fact-check/banned-photo-moon-landing-fake/,moon landing fake
Buzz Aldrin admitted the Moon landings were faked in an interview.,en,3,Full Fact,https://fullfact.org/online/buzz-aldrin-moon-landing-interview/,moon landing fake
Mismatch between a space boot and lunar footprint proves moon landing fake,en,1,USA Today,https://www.usatoday.com/story/news/factcheck/2021/09/17/fact-check-moon-landing-conspiracy-theory-misrepresents-footprint/8380230002/,moon landing fake
"Viral video describing a father's ""deathbed confession"" prove that the 1969 moon landing was a hoax",en,3,Lead Stories,https://leadstories.com/hoax-alert/2022/09/fact-check-deathbed-confession-video-does-not-prove-moon-landing-hoax.html,moon landing fake
Falling stage lighting proves moon landing was a hoax,en,3,Lead Stories,https://leadstories.com/hoax-alert/2022/10/fact-check-video-is-not-proof-of-apollo-11-hoax-its-lampoon-about-moon-landing-conspiracies.html,moon landing fake
claims that 89 percent of Americans under the age of 45 believe astronauts never went to the moon.,en,1,Check Your Fact,https://checkyourfact.com/2020/02/21/fact-check-89-americans-45-moon-landing-fake-staged/,moon landing fake
Stanley Kubrick admitted in an interview that he helped NASA fake the U.S. moon landings.,en,1,Snopes,https://www.snopes.com/fact-check/false-stanley-kubrick-faked-moon-landings/,moon landing fake
Buzz Aldrin admitted that the moon landing “didn’t happen.”,en,1,PolitiFact,https://www.politifact.com/factchecks/2022/oct/06/viral-image/aldrin-didnt-say-moon-landing-was-hoax/,moon landing fake
Chat with AI proves chemtrails are real,en,1,AFP Fact Check,https://factcheck.afp.com/doc.afp.com.A4L24ZQ,chemtrails
OPERATION SKYWATCH IGNITED: Trump & Rfk Jr Launch Global Crackdown On Chemtrails,en,1,AFP Fact Check,https://factcheck.afp.com/doc.afp.com.98UE6ZQ,chemtrails
"Videos show snow turning black and not dripping water when held above a lighter, which is evidence that it is chem snow laced with toxic chemtrails.",en,1,Full Fact,https://fullfact.org/environment/snow-turning-black-lighter-experiment-chemsnow-chemtrails/,chemtrails
Aerosol deployments in Australia are accelerating wildfires,en,1,AFP Fact Check,https://factcheck.afp.com/doc.afp.com.94DJ2G6,chemtrails
Fourteen nations have signed a World Economic Forum chemtrails treaty.,en,1,AAP,https://www.aap.com.au/factcheck/no-the-wef-has-not-proposed-a-chemtrails-treaty/,chemtrails
DARPA is spraying the skies with chemicals that are in jet fuel.,en,1,PolitiFact,https://www.politifact.com/factchecks/2025/may/05/robert-f-kennedy-jr/rfk-jr-said-a-government-arm-is-spraying-the-sky-w/,chemtrails
Toxic chemicals are sprayed from aircraft in phenomenon called chemtrail,en,3,AFP Fact Check,https://factcheck.afp.com/doc.afp.com.36ZH8NR,chemtrails
Tropical Cyclone Alfred has been artificially created using HAARP or chemtrails.,en,1,AAP,https://www.aap.com.au/factcheck/haarp-weather-manipulation-conspiracies-spread-as-cyclone-alfred-nears/,chemtrails
A video news report describes the case of a Lufthansa pilot who is in court fighting his termination after refusing to activate “chemtrail equipment” during flights over the EU.,en,3,Full Fact,https://fullfact.org/online/pilot-germany-chemtrails-court-case-satire/,chemtrails
A German pilot was fired from his Lufthansa job for refusing to spray chemtrails,en,3,Lead Stories,https://leadstories.com/hoax-alert/2025/02/fact-check-german-pilot-fired-chemtrails-lufthansa.html,chemtrails
"Aircraft are spraying chemical gas with traces of aluminum, barium, and other metals to manipulate the weather by blocking the sun and creating chemical rains and fogs.",en,0,Science Feedback,https://science.feedback.org/review/long-lasting-contrails-not-proof-of-chemtrails/,chemtrails
A Lufthansa pilot has launched an appeal at the labour court in Nuremberg after being fired for refusing to turn on the “chemtrail system” on European flights.,en,0,Full Fact,https://fullfact.org/environment/pilot-fired-refused-spray-chemtrails-satire/,chemtrails
Chemicals being sprayed in Florida skies,en,1,AFP Fact Check,https://factcheck.afp.com/doc.afp.com.36PM96H,chemtrails
Pilot in Siberia accidentally switches on stratospheric aerosol injection during takeoff creating ground Chemtrail,en,3,Lead Stories,https://leadstories.com/hoax-alert/2024/08/fact-check-video-does-not-show-plane-accidentally-releasing-chemtrails-during-takeoff-caption-has-satire-origin.html,chemtrails
Company admitted having contract with Air Force to spray ‘chemtrails’,en,1,USA Today,https://www.usatoday.com/story/news/factcheck/2024/06/28/evergreen-aviation-chemtrails-fact-check/74234693007/,chemtrails
Clouds over Australia's east are chemtrails.,en,1,AFP Fact Check,https://factcheck.afp.com/doc.afp.com.34WA8MG,chemtrails
Tubular clouds seen over NSW were dangerous ‘chemtrails’ released from an aircraft.,en,1,AAP,https://www.aap.com.au/factcheck/sydney-roll-clouds-were-not-chemtrails/,chemtrails
"An image shows two different trails left by planes. The short one is a contrail, while the longer one, where the “trail extends for miles” and “lasts for ‘hours”, is a ‘chemtrail’.",en,3,Full Fact,https://fullfact.org/online/contrails-not-chemtrails-length/,chemtrails
A ‘massive amount’ of chemtrails on April 8 caused people to get sick,en,1,USA Today,https://www.usatoday.com/story/news/factcheck/2024/04/17/chemtrails-april-8-eclipse-sickness-fact-check/73355104007/,chemtrails
Tennessee bill that would ban the release of chemicals into the atmosphere is evidence chemtrails are real.,en,1,PolitiFact,https://www.politifact.com/factchecks/2024/mar/27/instagram-posts/a-tennessee-bill-doesnt-prove-chemtrails-are-real/,chemtrails
An image on Facebook shows chemtrails blocking the sun.,en,0,Full Fact,https://fullfact.org/online/chemtrail-sun-blocking/,chemtrails
Tennessee Senate vote banned chemtrails,en,1,USA Today,https://www.usatoday.com/story/news/factcheck/2024/03/25/tennessee-senate-vote-chemtrails-fact-check/73092897007/,chemtrails
The solar eclipse path was “full of chemtraiIs.”,en,1,PolitiFact,https://www.politifact.com/factchecks/2024/apr/10/facebook-posts/chemtrails-didnt-cover-sky-during-solar-eclipse-th/,chemtrails
One is a contrail the other isn't.,en,3,Lead Stories,https://leadstories.com/hoax-alert/2024/04/fact-check-differing-length-persistence-of-planes-vapor-trail-does-not-indicate-if-it-is-contrail-or-something-else.html,chemtrails
Texas petition to outlaw “aerosolized spraying” is evidence of chemtrails.,en,1,PolitiFact,https://www.politifact.com/factchecks/2024/mar/05/facebook-posts/a-texas-petition-doesnt-prove-chemtrails-are-real/,chemtrails
"The Spanish Meteorological Department has confessed that Spain is being sprayed with Lead dioxide, silver iodide, and diatomite to manipulate weather conditions",en,1,FACTLY,https://factly.in/the-spanish-meteorological-agency-has-not-confessed-that-spain-is-being-sprayed-with-chemtrails-from-planes/,chemtrails
Video shows 'The Simpsons' predicted chemtrails,en,3,USA Today,https://www.usatoday.com/story/news/factcheck/2024/02/14/the-simpsons-chemtrails/72585689007/,chemtrails
"US state governments are banning chemtrails, confirming secret government programs using chemtrails for various purposes that harm the public and the environment",en,0,Science Feedback,https://science.feedback.org/review/us-proposed-bills-hearings-dont-confirm-chemtrails-exist-not-geoengineering-strategy/,chemtrails
New Hampshire banned ‘chemtrails’ in January 2024,en,1,USA Today,https://www.usatoday.com/story/news/factcheck/2024/01/25/post-falsely-claims-new-hampshire-banned-chemtrails-fact-check/72351056007/,chemtrails
Video With Alexa Answer Is Proof Of Chemtrails Conspiracy Theory,en,3,Lead Stories,https://leadstories.com/hoax-alert/2024/01/fact-check-video-with-alexa-answer-is-not-proof-of-chemtrails-conspiracy-theory.html,chemtrails
Amazon's Alexa confirms the government is spraying aluminum and other toxic substances into the sky despite their known toxicity,en,3,Lead Stories,https://leadstories.com/hoax-alert/2024/02/fact-check-alexa-answers-do-not-prove-chemtrails-conspiracy-theory-that-government-sprays-aluminum-in-sky.html,chemtrails
"A “chemtrail” can be identified by the length of the white line left behind an aircraft, and how long it remains in the sky.",en,0,Full Fact,https://fullfact.org/online/longer-aircraft-trails-not-chemtrails/,chemtrails
Images show a close-up of an aeroplane involved in geoengineering.,en,3,Full Fact,https://fullfact.org/online/contrails-not-chemtrails-geoengineering/,chemtrails
Geoengineering and Stratospheric Aerosol Injection (SAI) are chemtrails,en,3,Lead Stories,https://leadstories.com/hoax-alert/2023/10/fact-check-cia-head-did-not-admit-chemtrails-are-real-by-discussing-stratospheric-aerosol-injection-a-proposed-solar-geoengineering-technology.html,chemtrails
Post implies images of smoke trailing plane are evidence of ‘chemtrails’,en,2,USA Today,https://www.usatoday.com/story/news/factcheck/2023/09/27/image-shows-plane-trailing-smoke-not-chemtrails-fact-check/70975378007/,chemtrails
Magnetic residue found on cars in the UK is evidence of 'chemtrails',en,1,USA Today,https://www.usatoday.com/story/news/factcheck/2023/09/20/video-shows-sand-from-sahara-not-proof-of-chemtrails-fact-check/70847560007/,chemtrails
"A video shows chemtrails emerging from a plane, but not coming from the engines.",en,3,Full Fact,https://fullfact.org/online/wing-tip-vortices-contrails-chemtrails/,chemtrails
A flight tracking map shows planes spreading chemtrails over the UK in 2023.,en,3,Full Fact,https://fullfact.org/online/flight-radar-map-chemtrail-survey-pattern/,chemtrails
Global weather is controlled by secret geoengineering programs using chemtrails and ionosphere heating facilities.,en,0,Science Feedback,https://science.feedback.org/review/three-decades-chemtrail-haarp-geoengineering-conspiracy-theory-remains-popular-despite-lack-evidence-no-scientific-basis/,chemtrails
Researchers developed technology to forcibly vaccinate people through air,en,2,USA Today,https://www.usatoday.com/story/news/factcheck/2023/09/15/vaccines-cant-be-sprayed-in-chemtrails-scientists-say-fact-check/70790772007/,chemtrails
The long clouds seen behind planes at high altitudes are poisonous 'chemtrails'.,en,1,AAP,https://www.aap.com.au/factcheck/aircraft-chemtrails-conspiracy-is-long-overdue-for-departure/,chemtrails
Chemtrails are harmful to humans,en,1,THIP Media,https://www.thip.media/health-news-fact-check/fact-check-are-chemtrails-harmful-to-humans/48587/,chemtrails
"Aluminum barium strontium ethylene in chemtrails risk to health migraines runny noses depression, lethargy anxiety",en,3,Lead Stories,https://leadstories.com/hoax-alert/2023/06/fact-check-chemtrails-do-not-contain-chemicals-known-to-cause-human-harm.html,chemtrails
Video shows contrail and 'chemtrail' next to each other,en,1,USA Today,https://www.usatoday.com/story/news/factcheck/2023/05/19/video-does-not-show-one-contrail-and-one-chemtrail-fact-check/70225338007/,chemtrails
Post implies UN creates climate change using geoengineering and chemtrails,en,2,USA Today,https://www.usatoday.com/story/news/factcheck/2023/05/05/no-the-u-n-is-not-changing-the-climate-with-geoengineering-fact-check-chemtrails/70180831007/,chemtrails
An image shows a picture of clouds and another shows a picture of chemtrails.,en,3,Full Fact,https://fullfact.org/online/contrails-not-chemtrails-pictures-clouds/,chemtrails
Australia approved a pharmaceutical company to vaccinate its citizens aerially via so-called chemtrails.,en,1,AAP,https://www.aap.com.au/factcheck/chemtrails-vaccine-claim-is-a-flight-of-fancy/,chemtrails
NASA admitted to dosing Americans with airborne lithium.,en,1,Snopes.com,https://www.snopes.com/fact-check/nasa-lithium-chemtrails-conspiracy/,chemtrails
Chemtrails proof has been declassified.,en,3,Lead Stories,https://leadstories.com/hoax-alert/2021/01/fact-check-these-photos-are-not-associated-with-chemtrails.html,chemtrails
Photographs show that those who say that chemtrails don't exist and that it's just aeroplane fumes are wrong.,en,1,Full Fact,https://fullfact.org/online/chemtrails-photographs-planes/,chemtrails
CHEMTRAILS WHISTLEBLOWER SPEAKS OUT ABOUT PLANES SPRAYING AEROSOL CHEMICALS AND WHY,en,3,Lead Stories,https://leadstories.com/hoax-alert/2022/08/fact-check-whistleblower-did-not-provide-evidence-to-back-claims.html,chemtrails
"""One year ago Arizona Republicans rejected chemtrail Kelli Ward. Remember why? Ward wasted your tax dollars for a town hall on chemtrail conspiracy theories and sponsoring chemtrail legislation. 'I'm open. I introduce legislation for constituents all the time.' About another chemtrail town hall, 'I'd do it again.'""",en,3,The Washington Post,https://www.washingtonpost.com/news/fact-checker/wp/2017/09/05/no-kelli-ward-doesnt-believe-in-the-chemtrail-conspiracy-theory/,chemtrails
Photo shows pilots in New York holding a protest against chemtrails.,en,3,AFP Fact Check,https://factcheck.afp.com/doc.afp.com.32HN7VW,chemtrails
Morgellons test using cranberry juice pulls out nanoparticles from chemtrails and air pollution,en,0,Science Feedback,https://science.feedback.org/review/alleged-morgellons-test-with-cranberry-juice-doesnt-show-nanoparticles-but-precipitates-from-tannin-protein-interactions/,chemtrails
"White lines in the sky are what’s being called chemtrails, or geoengineering designed to block out the sun.",en,0,Full Fact,https://fullfact.org/online/contrails-not-geoengineering/,chemtrails
A video shows a plane emitting a thick “chemtrail” cloud.,en,1,Full Fact,https://fullfact.org/online/contrails-chemtrails-787-clouds/,chemtrails
"Chemtrails, HAARP used to create droughts, floods, blizzards and hurricanes",en,1,USA Today,https://www.usatoday.com/story/news/factcheck/2023/01/25/fact-check-false-claim-severe-weather-linked-chemtrails-haarp/11084984002/,chemtrails
Pictures of white vapour trails in the sky show chemtrails used for geoengineering.,en,0,Full Fact,https://fullfact.org/online/white-lines-not-chemtrails/,chemtrails
"A substance came down in the rain from the chemtrails that planes are leaving, and this is what they say is condensation.",en,3,Full Fact,https://fullfact.org/online/chemtrails-saharan-dust/,chemtrails
"Bernie Sanders called for ""chemtrail reform"" during a campaign stop in Nevada.",en,1,Snopes,https://www.snopes.com/fact-check/bernie-sanders-chemtrail-reform/,chemtrails
Unusual cloud formations captured in a picture are “not natural” and the result of chemtrails.,en,3,Full Fact,https://fullfact.org/online/chemtrails-clouds-sky-mackerel/,chemtrails
A photo shows chemtrails in the sky from planes.,en,2,Full Fact,https://fullfact.org/online/chemtrails-instagram-cloudy/,chemtrails
A photograph shows a chemtrail switch on a plane.,en,1,Snopes,https://www.snopes.com/fact-check/chemtrails-switch-photo/,chemtrails
A weatherman admitted the military is 'spraying chemtrails',en,1,USA Today,https://www.usatoday.com/story/news/factcheck/2022/02/25/fact-check-oregon-weather-broadcast-isnt-proof-chemtrails-theory/6879822001/,chemtrails
A photograph shows President Trump touring a chemtrail plane.,en,1,Snopes,https://www.snopes.com/fact-check/trump-tour-chemtrail-plane/,chemtrails
"Dr. Kelli Ward, a former Arizona state senator, “wasted your tax dollars for a town hall on ‘chemtrail’ conspiracy theories.”",en,2,FactCheck.org,https://www.factcheck.org/2017/08/misleading-chemtrail-kelli-ad/,chemtrails
Chemtrails contain toxic substances such as barium salts that are 10 thousand times more toxic to your nervous system than lead,en,0,Science Feedback,https://science.feedback.org/review/strands-cloud-behind-aeroplanes-trails-condensed-water-contrails-not-chemtrails-some-believe/,chemtrails
"Mexico is banning solar geoengineering, chemtrails",en,1,USA Today,https://www.usatoday.com/story/news/factcheck/2023/03/07/fact-check-mexico-banning-solar-geoengineering-not-chemtrails/11382941002/,chemtrails
"Chemtrails should be more visible when it’s cold, yet they are seen more commonly during the summer.",en,3,Full Fact,https://fullfact.org/online/chemtrails-instagram-cloudy/,chemtrails
Climate change is ‘actually geoengineering’; weather modified by chemtrails,en,1,USA Today,https://www.usatoday.com/story/news/factcheck/2023/02/28/fact-check-false-claim-geoengineering-behind-climate-change-chemtrails/11360545002/,chemtrails
"Contrails disappear from the sky quickly, so lines of cloud which last for hours are chemtrails.",en,0,Full Fact,https://fullfact.org/online/contrails-can-last-hours/,chemtrails
Magnetic qualities of African dust consist proof of chemtrails,en,1,AFP Fact Check,https://factcheck.afp.com/doc.afp.com.33BJ29G,chemtrails
Photos show 'barrels of chemtrails’ on planes,en,1,USA Today,https://www.usatoday.com/story/news/factcheck/2022/12/14/fact-check-false-claim-planes-contain-barrels-chemtrails/10853185002/,chemtrails
"Vaxchora vaccine to be distributed via chemtrails in Queensland, Australia",en,1,AFP Fact Check,https://factcheck.afp.com/doc.afp.com.32JC73E,chemtrails
Former CIA director admits plan for geoengineering and 'chemtrails',en,1,USA Today,https://www.usatoday.com/story/news/factcheck/2023/04/18/fact-check-post-mischaracterizes-old-cia-comments-geoengineering-john-brennan-chemtrails/11637788002/,chemtrails
"White vapour lines in the sky are chemtrails, not clouds.",en,3,Full Fact,https://fullfact.org/online/chemtrails-photos/,chemtrails
Australia has approved an application to forcibly vaccinate its citizens via ‘chemtrails’.,en,1,Full Fact,https://fullfact.org/online/vaccine-chemtrails-australia/,chemtrails
"Chemtrails are being put into the atmosphere and are trickling down into soil and water, becoming “the real cause of disease.”",en,1,PolitiFact,https://www.politifact.com/factchecks/2023/apr/27/facebook-posts/chemtrails-are-not-causing-diseases-theyre-not-rea/,chemtrails
A CNBC story on research into technology to combat climate change admitted that “chemtrails” are real.,en,1,AP News,https://apnews.com/article/fact-check-white-house-research-aerosol-injection-chemtrails-110164565739,chemtrails
An image on Facebook shows one contrail and one chemtrail.,en,0,Full Fact,https://fullfact.org/online/contrail-and-chemtrail/,chemtrails
An image shows the difference between a contrail and a chemtrail.,en,3,Full Fact,https://fullfact.org/online/chemtrails-vs-contrails/,chemtrails
Weatherman admits military is spraying chemtrails,en,3,Lead Stories,https://leadstories.com/hoax-alert/2022/02/fact-check-weatherman-did-not-identify-military-spraying-chemtrails-on-radar-it-was-anti-radar-chaff.html,chemtrails
Wikipedia and Harvard websites prove that chemtrails are really happening now,en,3,Lead Stories,https://leadstories.com/hoax-alert/2022/10/fact-check-websites-about-geoengineering-do-not-prove-airplanes-are-spraying-the-atmosphere-to-control-the-weather.html,chemtrails
“NASA ADMITS To Spraying Americans With Lithium & Other Chemicals”,en,1,FactCheck.org,https://www.factcheck.org/2018/03/viral-nasa-story-gets-science-wrong/,chemtrails
Mexico banned 'chemtrails',en,1,AFP Fact Check,https://factcheck.afp.com/doc.afp.com.33AW9A9,chemtrails
Chemtrails are intended to 'protect us from climate change',en,1,USA Today,https://www.usatoday.com/story/news/factcheck/2023/04/14/fact-check-chemtrails-arent-real-arent-related-climate-change/11624336002/,chemtrails
High levels of barium in collected rainwater is proof of chemtrails sprayed from planes,en,3,Lead Stories,https://leadstories.com/hoax-alert/2022/08/fact-check-rainwater-did-not-contain-dangerous-levels-of-barium-when-tested-in-chemtrail-report.html,chemtrails
Thousands of cattle that recently died in Kansas weren’t killed by the heat.,en,1,PolitiFact,https://www.politifact.com/factchecks/2022/jun/21/facebook-posts/extreme-heat-killed-cattle-not-chemtrails-or-food-/,chemtrails
Images show aerosolized dispersal of chemicals taking place in Vietnam and the UK.,en,3,Full Fact,https://fullfact.org/online/chemtrails-dispersal-vietnam/,chemtrails
A number of images imply ‘chemtrails’ exist.,en,3,Full Fact,https://fullfact.org/online/chemtrails-pictures-conspiracy/,chemtrails
Australian officials are deploying a genetically-modified vaccine aerially without consent from residents.,en,1,Snopes,https://www.snopes.com/fact-check/is-australia-chemtrails-vaccinate-residents/,chemtrails
"The Spanish Meteorological Agency has confessed that Spain is being sprayed with lead dioxide, silver iodide and diatomite.",en,0,Full Fact,https://fullfact.org/online/spanish-chemtrails/,chemtrails
"Says Kelli Ward hosted a town hall on ""chemtrail conspiracy theories"" and is open to sponsoring chemtrails legislation.",en,1,PolitiFact,https://www.politifact.com/factchecks/2017/aug/25/senate-leadership-fund/no-kelli-ward-isnt-chemtrails-conspiracy-theorist/,chemtrails
White trails behind flying aircraft are chemtrails that spread Covid-19,en,1,AFP Fact Check,https://factcheck.afp.com/doc.afp.com.322X4DV,chemtrails
A series of images show chemtrails around Heathrow airport.,en,3,Full Fact,https://fullfact.org/online/chemtrails-january-2023/,chemtrails
"In an October 2020 town hall Q&A session, U.S. President Donald Trump failed to denounce QAnon, a fringe movement built on conspiracy theories positing a global pedophilic cabal and a “deep state” plot to undermine his presidency.",en,0,Snopes,https://www.snopes.com/fact-check/trump-fail-to-denounce-qanon/,QAnon deep state
"Messages in Google Earth that show the ""Deep States New Home,"" which shows up on the map as ""Setatspeed Emohwen Gardens"" near Guantanamo Bay.",en,1,Lead Stories,https://leadstories.com/hoax-alert/2020/08/fact-check-images-on-google-earth-that-qanon-followers-claim-show-deep-states-new-home-near-guantanamo-bay-cuba-are-fake.html,QAnon deep state
"Photographs shared widely in September 2019 showed Greta Thunberg posing with George Soros and a member of Isis and ""aligning herself"" with Antifa.",en,1,Snopes,https://www.snopes.com/fact-check/greta-thunberg-soros-isis-antifa/,George Soros conspiracy
"""George Soros Arrested in Philadelphia For Election Interference – Judge Orders Media Blackout.""",en,1,FactCheck.org,https://www.factcheck.org/2020/11/website-concocts-false-story-of-soros-arrest/,George Soros conspiracy
A Pentagon official has confirmed that Ukrainian President Volodymyr Zelenskyy and billionaire philanthropist George Soros are cousins.,en,1,AP News,https://apnews.com/article/fact-checking-586448883875,George Soros conspiracy
"""Volodymyr Zelensky is a cousin of George Soros. Pentagon official says.""",en,1,FactCheck.org,https://www.factcheck.org/2022/04/zelensky-and-soros-arent-cousins-contrary-to-social-media-claim/,George Soros conspiracy
US billionaire George Soros attended the UN’s COP26 climate summit in 2021.,en,1,AAP,https://www.aap.com.au/factcheck/soros-climate-summit-conspiracy-a-case-of-mistaken-identity/,George Soros conspiracy
George Soros collaborated with the Nazis.,en,3,The New York Times,https://www.nytimes.com/2018/05/29/us/roseanne-george-soros-twitter.html,George Soros conspiracy
George Soros collaborated with the Nazis,en,1,USA Today,https://www.usatoday.com/story/news/factcheck/2022/11/21/fact-check-false-claim-george-soros-collaborated-nazis/8306094001/,George Soros conspiracy
"""George Soros owns the WuXi PHARMA LAB located in Wuhan, China where COVID-19 was developed and conveniently Broke Out.""",en,1,PolitiFact,https://www.politifact.com/factchecks/2020/mar/19/facebook-posts/conspiracy-theory-falsely-connects-george-soros-co/,George Soros conspiracy
George Soros was arrested in Philadelphia for election-related crimes,en,1,USA Today,https://www.usatoday.com/story/news/factcheck/2020/11/24/fact-check-no-george-soros-wasnt-arrested-election-crimes/6414927002/,George Soros conspiracy
"During World War II, George Soros was a member of the SS (a Nazi paramilitary organization) or a Nazi collaborator who helped confiscate property from Jews.",en,1,Snopes,https://www.snopes.com/fact-check/george-soros-ss-nazi-germany/,George Soros conspiracy
"""We are still not sure exactly what"" the ""great replacement theory"" is.",en,3,PolitiFact,https://www.politifact.com/article/2022/may/19/tucker-carlson-feigned-ignorance-over-great-replac/,great replacement
The video shows External Affairs Minister S. Jaishankar saying that India lost three Rafale jets to Pakistan.,en,1,FACTLY,https://factly.in/this-viral-video-of-s-jaishankar-saying-that-india-lost-three-rafale-jets-to-pakistan-is-edited/,viral video India
"Video showing Jawaharlal Nehru saying, “Take care of this country, otherwise after 75 years, an uneducated man will divide it on the basis of religion”.",en,1,FACTLY,https://factly.in/this-viral-video-claiming-to-show-nehru-warning-india-about-communal-politics-is-ai-generated/,viral video India
A viral video claims former Chief of Army Staff General Manoj Pande said the Indian Army is turning into an “ethnic force” and is being influenced by Israeli instructors to dehumanise minorities.,en,3,Newschecker,https://newschecker.in/fact-check/video-claiming-to-show-ex-army-chief-calling-indian-army-an-ethnic-force-is-manipulated,viral video India
The viral video shows an Indian student serving in the Russian Army pleading for help from a battlefield.,en,1,FACTLY,https://factly.in/this-viral-video-claiming-to-show-an-indian-student-serving-in-the-russian-army-pleading-for-help-is-ai-generated/,viral video India
Basti police thrashing a vehicle owner recently during traffic checking.,en,1,India Today,https://www.indiatoday.in/fact-check/story/fact-check-viral-video-of-police-excess-is-old-and-not-related-to-traffic-checking-1602804-2019-09-24,viral video India
"Visuals of two motorcycles spinning together in the middle of a road in Jaipur, India.",en,1,FACTLY,https://factly.in/viral-video-of-spinning-motorcycles-is-from-indonesia-not-india/,viral video India
"Kid found at Nagpur railway station, police seek help in locating family.",en,1,India Today,https://www.indiatoday.in/fact-check/story/viral-video-lost-child-not-from-india-but-pakistan-1607699-2019-10-09,viral video India
Video shows Muslim woman attacked in India,en,1,Alt News,https://www.altnews.in/attack-against-muslims-in-india-no-viral-video-of-woman-collapsing-is-from-bangladesh/,viral video India
Viral video of tear gas shelling in Kashmir,en,1,India Today,https://www.indiatoday.in/fact-check/story/fact-check-viral-video-of-teargas-shelling-is-not-from-kashmir-but-jakarta-1607510-2019-10-09,viral video India
A Hindu girl burnt alive in Madhya Pradesh for attending a prayer meet at a church.,en,1,India Today,https://www.indiatoday.in/fact-check/story/fact-check-truth-behind-the-viral-video-of-hindu-girl-set-ablaze-in-madhya-pradesh-1555458-2019-06-24,viral video India
video shows man beating woman in north India.,en,1,The Quint,https://www.thequint.com/news/webqoof/video-from-malaysia-viral-as-man-beating-woman-in-north-india-fact-check,viral video India
US students sing Indian national anthem to thank India for HCQ,en,1,Alt News,https://www.altnews.in/old-video-falsely-viral-as-us-students-sing-indian-national-anthem-to-thank-india-for-hcq/,viral video India
Religious fanatics giving death threat slogan to RSS and other Hindu organisations to protest against Tabrez Ansari murder.,en,1,India Today,https://www.indiatoday.in/fact-check/story/fact-check-tampered-video-muharram-anti-rss-slogan-1564068-2019-07-07,viral video India
The viral video of police lathi-charge is from Delhi.,en,0,India Today,https://www.indiatoday.in/fact-check/story/fact-check-viral-video-police-lathi-charge-not-delhi-1650859-2020-02-28,viral video India
"A current video showing illuminated buildings, regular vehicular movement in Pakistan’s Lahore proves that the city remained unharmed in recent strikes by India.",en,1,Newschecker,https://newschecker.in/fact-check/viral-video-showing-lahore-unscathed-by-indian-strikes-is-old,viral video India
Babar Azam’s Indian girl fan crying after Pakistan team lose to India in World Cup Cricket match,en,1,Telugu Post,https://www.telugupost.com/english-factcheck/viral-video-of-a-girl-crying-after-pakistan-loses-to-india-in-world-cup-cricket-match-is-not-an-indian-1500233,viral video India
"A viral video shows Defence Minister Rajnath Singh saying that PM Narendra Modi visited Israel before the war began, conveyed India’s full support, and warned Tehran that peace would be destroyed.",en,1,FACTLY,https://factly.in/this-viral-video-of-defence-minister-rajnath-singh-claiming-that-india-supported-israel-is-a-deepfake/,viral video India
"This video shows heavy bombardment on the Indo-Pak border, conducted by India in the aftermath of the Pahalgam attack.",en,1,India Today,https://www.indiatoday.in/fact-check/story/fact-check-2023-video-from-gaza-viral-as-indias-revenge-on-pakistan-after-pahalgam-attack-2716844-2025-04-29,Pakistan India border
Video showing Indian Army destroying multiple Pakistani border posts along the Line of Control (LoC).,en,1,Newschecker,https://newschecker.in/fact-check/2023-video-of-protest-over-imran-khans-arrest-falsely-shared-as-indian-military-action-against-pakistani-border-posts,Pakistan India border
The exchange of Diwali sweets on the India-Pakistan border,en,1,The Quint,https://www.thequint.com/news/webqoof/old-visual-of-india-pak-soldiers-sharing-sweets-shared-as-recent-fact-check,Pakistan India border
Recent Diwali celebrations at India-Pakistan border.,en,1,Newschecker,https://newschecker.in/fact-check/viral-video-claiming-to-show-diwali-celebrations-at-india-pakistan-border-is-old-unrelated,Pakistan India border
Photo of anti-Sharia signboard placed at the Indian side of India-Pakistan border,en,1,FACTLY,https://factly.in/morphed-image-is-shared-as-anti-sharia-signboard-being-displayed-at-india-border/,Pakistan India border
Road sign with anti-Muslim message at the India-Pakistan border,en,1,AFP Fact Check,https://factcheck.afp.com/doc.afp.com.9GQ6KF,Pakistan India border
Anti-Sharia signboard put up by the Indian Army on the India-Pakistan border.,en,1,India Today,https://www.indiatoday.in/fact-check/story/fact-check-morphed-image-circulated-as-anti-sharia-signboard-by-indian-army-1830566-2021-07-20,Pakistan India border
Video shows cows being smuggled over the India-Pakistan border,en,1,AFP Fact Check,https://factcheck.afp.com/video-has-previously-circulated-media-reports-about-cattle-smuggling-india-bangladesh-border,Pakistan India border
'Breaking' footage of Pakistani tanks moving to Indian border,en,1,AFP Fact Check,https://factcheck.afp.com/no-not-breaking-footage-pakistani-tanks-being-transported-border-india,Pakistan India border
The Modi government has reserved 24 seats for Pakistan-occupied Kashmir,en,2,FACTLY,https://factly.in/seats-had-been-reserved-for-the-pakistan-occupied-kashmir-pok-region-since-the-inception-of-the-constitution-of-jammu-and-kashmir/,Kashmir India
The viral video shows the UAE Crown Prince saying Kashmir is Hindu land.,en,1,FACTLY,https://factly.in/old-video-of-an-australian-imam-falsely-shared-as-the-uae-crown-princes-comment-on-jammu-and-kashmir/,Kashmir India
The song 'Jannat Ki Hai Tasveer Yeh' sung by Mohammed Rafi was banned in India at the Pakistan government's request.,en,1,The Quint,https://www.thequint.com/news/webqoof/rafi-song-on-kashmir-not-banned-in-india-fact-check,Kashmir India
Video of people chanting pro-India slogans in Kashmir,en,1,AFP Fact Check,https://factcheck.afp.com/video-not-kashmir-it-shows-procession-another-part-india,Kashmir India
The government cancelled the degrees of the 100 girl students who raised the slogan ‘Pakistan Zindabad’ at Srinagar Medical College.,en,1,FACTLY,https://factly.in/the-claim-that-the-government-cancelled-the-degrees-of-100-girl-medical-students-in-srinagar-for-allegedly-raising-pro-pakistan-slogans-is-fake/,Kashmir India
Indian Army thrashed a Kashmiri boy.,en,1,India Today,https://www.indiatoday.in/fact-check/story/fact-check-no-indian-army-did-not-thrash-this-kid-in-kashmir-1602331-2019-09-23,Kashmir India
Mohammed Rafi's song 'Jannat Ki Hai Tasveer Yeh' was banned in India by the then Congress government.,en,1,The Quint,https://www.thequint.com/news/webqoof/mohammed-rafi-kashmir-song-not-banned-by-congress-after-pressure-by-pakistan-fact-check,Kashmir India
"The song ‘Jannat Ki Hai Ae Tasveer’ sung by Mohammed Rafi, was banned by the Congress government due to pressure from the Pakistani government.",en,2,FACTLY,https://factly.in/the-congress-government-did-not-ban-the-jannat-ki-hai-ae-tasveer-sung-by-mohammed-rafi/,Kashmir India
These photographs show the current situation in Kashmir.,en,1,India Today,https://www.indiatoday.in/fact-check/story/fact-check-old-unrelated-images-shared-as-plight-of-kashmir-after-article-370-revoked-1578849-2019-08-08,Kashmir India
People of Pakistan-administered Kashmir vow support to India.,en,1,AFP Fact Check,https://factcheck.afp.com/doc.afp.com.34KW68T,Kashmir India
"मुसलमानों ने माफी नहीं मांगी 50, हजार उलेमाओं को एक साथ पेड़ों पर लटका कर फांसी दी गई अंग्रेजों द्वारा कहते हैं मोहम्मद रफी के गाए इस गाने पर पाकिस्तान को आपत्ति हुई और उसने भारत सरकार से इस गाने पर प्रतिबंध लगाने के लिए कहा गया था और हमारी सरकार ने उस समय इस गाने पर प्रतिबंध लगा दिया था, यह एक दुर्लभ गीत है, शायद आपने कभी सुना नहीं होगा, एक बार पूरा सुने ||",en,0,vishvasnews.com,https://www.vishvasnews.com/english/viral/fact-check-mohammad-rafis-song-jannat-ki-hai-picture-was-not-banned-misleading-claim-goes-viral/,Kashmir India
Stone-pelting on Indian Army,en,1,AFP Fact Check,https://factcheck.afp.com/doc.afp.com.48LJ79D,Kashmir India
Video of Indian Army attacking Pakistan,en,1,AFP Fact Check,https://factcheck.afp.com/doc.afp.com.446N49E,Kashmir India
Pakistan Army shelling Indian security posts in Kashmir in August 2019,en,1,AFP Fact Check,https://factcheck.afp.com/video-has-circulated-online-2017-reports-about-military-operation-kashmir,Kashmir India
Kashmiris protest against Indian government decision on Article 370 in August 2019,en,1,AFP Fact Check,https://factcheck.afp.com/video-shows-2018-funeral-procession-kashmiri-militants-not-protest-2019,Kashmir India
Photo of protest in Indian Kashmir after Pakistani PM is dismissed,en,1,AFP Fact Check,https://factcheck.afp.com/doc.afp.com.328N3M6,Kashmir India
The UN has recognised ‘Jammu & Kashmir’ as a separate country in the World map on its website ‘www.un.org’,en,1,FACTLY,https://factly.in/no-the-un-hasnt-recognised-jammu-kashmir-as-a-separate-country-in-the-world-map-on-its-website/,Kashmir India
Indian fighter jet shot down by Pakistani troops in Kashmir,en,1,AFP Fact Check,https://factcheck.afp.com/doc.afp.com.43ZX3T2,Kashmir India
This is the recent photo of Pakistani Army charging towards Kashmir.,en,0,India Today,https://www.indiatoday.in/fact-check/story/factcheck-bangladesh-site-uses-old-image-pak-army-1580760-2019-08-14,Kashmir India
Kashmiris attend a political gathering despite the ongoing curfew,en,1,BOOM Fact Check,https://www.boomlive.in/old-video-of-anti-india-sloganeering-in-kashmir-viral-among-bangladeshi-netizens,Kashmir India
Former Atal Bihari Vajpayee’s speech about the Kashmir issue at the United Nations organisation,en,1,FACTLY,https://factly.in/fictional-story-from-kushwant-singhs-joke-book-9-was-edited-and-shared-as-a-story-narrated-by-vajpayee-in-un/,Kashmir India
Video shows couple's final moments before Kashmir attack,en,1,AFP Fact Check,https://factcheck.afp.com/doc.afp.com.43G48WD,Kashmir India
Image showing Indian Tricolour hoisted at Srinagar’s Lal Chowk on the occasion of the 74th Independence Day,en,1,FACTLY,https://factly.in/morphed-photo-from-2010-shared-as-lal-chowk-in-kashmir-on-74th-independence-day/,Kashmir India
Picture shows child who survived April 2025 Kashmir attack,en,1,AFP Fact Check,https://factcheck.afp.com/doc.afp.com.43FD4T3,Kashmir India
"The viral video shows people throwing stones at army vehicles in Jammu and Kashmir, India.",en,1,FACTLY,https://factly.in/a-video-of-a-protest-against-police-in-kenya-is-falsely-shared-as-from-jammu-and-kashmir/,Kashmir India
Indian Army shot down a Kashmiri student,en,1,India Today,https://www.indiatoday.in/fact-check/story/fact-check-no-this-woman-was-not-shot-by-the-indian-army-and-she-is-not-a-kashmiri-1594228-2019-09-01,Kashmir India
This video shows NH14’s construction in Jammu and Kashmir.,en,1,India Today,https://www.indiatoday.in/fact-check/story/fact-check-this-under-construction-road-is-nowhere-near-jammu-and-kashmir-2645850-2024-12-06,Kashmir India
Video shows Pakistan's Prime Minister Imran Khan abusing journalists over Indian-administered Kashmir.,en,1,AFP Fact Check,https://factcheck.afp.com/video-pakistans-imran-khan-has-nothing-do-indias-recent-policy-kashmir,Kashmir India
"BBC, Al Jazeera, Reuters fabricate reports of unrest in Kashmir",en,1,Alt News,https://www.altnews.in/did-bbc-al-jazeera-reuters-fabricate-reports-of-unrest-in-kashmir/,Kashmir India
"The removal of Article 370 would propel economic growth, in turn reducing militancy and insurgency, in Jammu and Kashmir.",en,1,Scroll.in,https://scroll.in/article/938233/indian-government-claims-development-will-reduce-militancy-in-j-k-what-do-facts-say,Kashmir India
Indian ruling party flags waved in Pakistani Kashmir,en,1,AFP Fact Check,https://factcheck.afp.com/video-shows-bjp-political-rally-indian-administered-kashmir-not-pakistani-kashmir,Kashmir India
"Pakistani Cricket Fans Holding A Banner That Reads, ""We Don’t Want Kashmir, Give Us Virat Kohli""",en,1,Boom Live,https://www.boomlive.in/did-pakistani-cricket-fans-say-we-dont-want-kashmir-give-us-virat-kohli,Kashmir India
"As per an RTI reply, a total of 89 Kashmiri Pandits were killed by militants in Jammu and Kashmir.",en,0,India Today,https://www.indiatoday.in/fact-check/story/fact-check-here-is-why-viral-rti-reply-says-only-89-kashmiri-pandits-were-killed-by-militants-in-j-k-1926386-2022-03-17,Kashmir India
This is a video of police atrocity in Kashmir,en,1,India Today,https://www.indiatoday.in/fact-check/story/fact-check-pakistan-minister-tries-to-pass-off-lathicharge-on-ram-rahim-supporters-as-atrocities-in-kashmir-1582448-2019-08-19,Kashmir India
"""Pakistan which was expecting a drought was suddenly given a flood"".",en,1,DW.com,https://www.dw.com/en/flooding-in-pakistan-water-conflict-indus-water-treaty-disinformation/a-72393131,Kashmir India
Images show the bodies of Muslim men killed in Kashmir.,en,1,India Today,https://www.indiatoday.in/fact-check/story/fact-check-photos-from-anti-caa-protest-falsely-shared-as-bodies-of-muslims-killed-in-kashmir-1863943-2021-10-12,Kashmir India
This video of a woman thrashing a Muslim man shows the current trend following the release of ‘The Kashmir Files’.,en,0,India Today,https://www.indiatoday.in/fact-check/story/woman-assaulting-muslim-man-on-train-the-kashmir-files-1928171-2022-03-22,Kashmir India
"Claim: This X post with more than 2 million views, reads: ""Pakistanis shot down 1 Rafale & 1 Su-30 near Akhnur! And destroyed our brigade HQ"". It was published on an X account whose owner refers to the Indian government as ""the Modi regime,"" and claims to be a ""proud Indian"" who values ""truth over propaganda"" in his account description.",en,1,DW.com,https://www.dw.com/en/fact-check-kashmir-conflict-out-of-context-old-videos-computer-game-footage-disinformation/a-72465246,Kashmir India
"Claim: This commentator, who is presumably pro-Pakistan, claims to be posting about French-made Rafale fighters, used by the Indian Air Force, shot down during last night's strike on Pakistan, near Bahawalpur.",en,1,DW.com,https://www.dw.com/en/fact-check-kashmir-conflict-out-of-context-old-videos-computer-game-footage-disinformation/a-72465246,Kashmir India
Claim: This video allegedly shows how Pakistan shot down an Indian fighter jet.,en,1,DW.com,https://www.dw.com/en/fact-check-kashmir-conflict-out-of-context-old-videos-computer-game-footage-disinformation/a-72465246,Kashmir India
"Claim: These videos allegedly show Indian missiles raining down on Pakistan and the aftermath of the bombing on the ground. The first video tagged with the hashtag ""Operation Sindoor"" — the name given to the strikes by the Indian defense ministry — had been viewed 5 million times by the time of publishing.",en,1,DW.com,https://www.dw.com/en/fact-check-kashmir-conflict-out-of-context-old-videos-computer-game-footage-disinformation/a-72465246,Kashmir India
This photo shows a Vande Bharat Express train running through the snowy mountains of Kashmir valley.,en,0,India Today,https://www.indiatoday.in/fact-check/story/fact-check-vande-bharat-will-pass-through-snow-covered-kashmir-but-this-photo-is-ai-2666946-2025-01-19,Kashmir India
"India has withdrawn £500 billion investments from the UK over PM Keir Starmer’s remarks against India, on Kashmir, human rights, and colonial reparations.",en,1,FACTLY,https://factly.in/the-viral-claim-that-india-has-pulled-500-billion-from-the-uk-economy-over-pm-keir-starmers-alleged-remarks-against-india-is-fake/,Kashmir India
Locals in Kashmir got into a scuffle with Indian Army soldiers following the Pahalgam attack.,en,1,India Today,https://www.indiatoday.in/fact-check/story/kashmiri-locals-fight-with-indian-army-after-pahalgam-attack-video-fact-check-2719464-2025-05-04,Kashmir India
"This photo shows the large attendance at the screening of ‘The Kashmir Files’, organised by the ABVP at the Hyderabad Central University.",en,1,India Today,https://www.indiatoday.in/fact-check/story/students-were-not-watching-kashmir-files-but-bbc-documentary-on-pm-modi-2329690-2023-02-02,Kashmir India
Photos of cow slaughtered on top of an Indian tricolour in Kashmir,en,1,Alt News,https://www.altnews.in/old-and-unrelated-images-shared-with-false-claim-that-a-cow-was-slaughtered-on-indian-national-flag-in-kashmir/,Kashmir India
This video shows casualties on the side of the Indian army following Operation Sindoor on May 7.,en,1,India Today,https://www.indiatoday.in/fact-check/story/fact-check-video-injured-indian-soldiers-jammu-kashmir-made-with-ai-using-2007-photo-2721196-2025-05-07,Kashmir India
Video of Indian police using teargas on Kashmir students,en,1,Alt News,https://www.altnews.in/protest-video-from-indonesia-shared-as-kashmir-by-fb-page-imitating-bbc-news/,Kashmir India
Pakistani flag is raised in Indian Kashmir in August 2024,en,1,AFP Fact Check,https://factcheck.afp.com/doc.afp.com.36EV47M,Kashmir India
"This video shows a man dressed as an astronaut, highlighting the poor condition of roads in Jammu and Kashmir.",en,1,India Today,https://www.indiatoday.in/fact-check/story/fact-check-this-astronaut-was-highlighting-bengaluru-pothole-problem-not-jammu-and-kashmir-1996653-2022-09-05,Kashmir India
A photo of a bridge from the mountains showing the National Highway in Jammu and Kashmir,en,2,FACTLY,https://factly.in/an-old-photo-of-a-bridge-from-south-korea-is-shared-as-that-of-a-national-highway-in-jammu-and-kashmir/,Kashmir India
This video shows the recent floods in Kashmir caused by torrential rains in the valley.,en,0,India Today,https://www.indiatoday.in/fact-check/story/decade-old-video-viral-as-flash-floods-hit-kashmir-2533668-2024-04-30,Kashmir India
Saudi prince is talking about Kashmir.,en,1,India Today,https://www.indiatoday.in/fact-check/story/fact-check-this-is-not-saudi-prince-talking-about-kashmir-in-the-viral-video-1460202-2019-02-19,Kashmir India
Article on Kashmir being an integral part of India credited to Ira Pande,en,1,Alt News,https://www.altnews.in/article-outlining-right-wing-perspective-on-kashmir-falsely-credited-to-author-ira-pande/,Kashmir India
Mohammed Rafi's song 'Jannart ki hai Tasveer' was censored fifty years ago,en,1,Alt News,https://www.altnews.in/false-claim-that-mohd-rafis-song-on-kashmir-jannat-ki-hai-tasveer-was-banned-in-1966/,Kashmir India
Video is of Indian soldiers crying after the clash with Chinese troops in Ladakh late on Monday night.,en,1,India Today,https://www.indiatoday.in/fact-check/story/fact-check-old-video-from-kashmir-linked-to-indo-china-flare-up-in-ladakh-1690109-2020-06-17,Kashmir India
Leaked audio recording of Modi proves he has orchestrated the Pulwama attack,en,1,India Today,https://www.indiatoday.in/fact-check/story/fact-check-old-doctored-video-blaming-modi-for-pulwama-resurfaces-as-pakistanis-left-red-faced-on-kashmir-1583318-2019-08-20,Kashmir India
Video shows 'Jihadis' pelting stone at paramilitary convoy in Kashmir after India-Pak ceasefire,en,1,Alt News,https://www.altnews.in/old-video-shared-as-stone-pelting-on-forces-returning-after-ceasefire-india-pakistan-conflict/,Kashmir India
Photos claiming to depict brutality of Indian government in Kashmir,en,1,Alt News,https://www.altnews.in/unrelated-photos-passed-off-as-brutality-by-indian-government-in-kashmir/,Kashmir India
Residents of Kashmir have been receiving free electricity since India gained independence - a situation that recently changed.,en,1,India Today,https://www.indiatoday.in/fact-check/story/fact-check-no-electricity-has-not-been-a-freebie-for-kashmiris-till-date-1967068-2022-06-26,Kashmir India
live encounter of terrorists in Kashmir,en,1,FACTLY,https://factly.in/an-old-video-of-indian-army-carrying-out-search-operations-in-kashmir-valley-is-falsely-shared-as-live-encounter-of-terrorists-in-kashmir/,Kashmir India
Photo claimed to be from Kashmir after abrogation of Article 370 provisions,en,1,Alt News,https://www.altnews.in/photograph-from-2013-shared-as-brutal-crackdown-by-indian-govt-in-kashmir/,Kashmir India
Kashmiri woman telling Indian politician Rahul Gandhi not to visit Kashmir?,en,1,AFP Fact Check,https://factcheck.afp.com/video-shows-woman-complaining-about-conditions-indian-kashmir,Kashmir India
Indian govt brutality in Kashmir #28DaysofShutdownKashmir,en,1,Alt News,https://www.altnews.in/old-images-shared-to-depict-indian-govt-brutality-in-kashmir/,Kashmir India
"Pakistan pressured India to ban Mohammad Rafi's song, and the Congress government complied.",en,1,vishvasnews.com,https://www.vishvasnews.com/english/viral/fact-check-viral-claim-about-mohammad-rafis-song-kashmir-hai-bharat-ka-kashmir-na-denge-being-banned-is-misleading/,Kashmir India
Indian Army burnt down houses of Kashmiris in J&K’s Bandipora.,en,1,India Today,https://www.indiatoday.in/fact-check/story/fact-check-no-indian-army-didn-t-burn-down-houses-in-kashmir-1577981-2019-08-06,Kashmir India
Video of Indian or Pakistani fighter jets in Kashmir,en,1,AFP Fact Check,https://factcheck.afp.com/no-these-videos-do-not-show-indian-pakistani-warplanes-kashmir,Kashmir India
The viral video shows Muslims pelting stones at an Army convoy in Jammu & Kashmir.,en,1,FACTLY,https://factly.in/a-video-from-pakistan-occupied-kashmir-is-being-falsely-shared-as-showing-muslims-pelting-stones-at-an-army-convoy-in-jammu-kashmir/,Kashmir India
"Indian forces killed 95,238 Kashmiris since 1989.",en,1,FACTLY,https://factly.in/no-indian-forces-did-not-kill-95238-kashmiris-since-january-1989/,Kashmir India
A labourer found gold and silver coins while digging a canal near Wular lake in Jammu and Kashmir.,en,1,India Today,https://www.indiatoday.in/fact-check/story/fact-check-this-story-treasure-trove-kashmir-italian-connection-1769800-2021-02-16,Kashmir India
Video shows Kashmiris celebrating recent Pakistan's win over India.,en,1,The Quint,https://www.thequint.com/news/webqoof/kashmiris-celebrating-pakistan-win-in-icc-t20-world-cup-over-india-fact-check,Kashmir India
This is a Kashmiri boy whose picture has gone viral on social media because of his close resemblance to Shah Rukh Khan.,en,1,India Today,https://www.indiatoday.in/fact-check/story/fact-check-truth-behind-srk-s-doppelganger-from-kashmir-1749439-2020-12-14,Kashmir India
Residents of PoK burning Pakistani flag after Indian government's decision on Article 370,en,1,Alt News,https://www.altnews.in/old-video-shared-as-residents-in-pok-burning-pakistani-flag-after-indias-move-on-article-370/,Kashmir India
It's not even a couple of days and Taliban is threatening India,en,2,Boom Live,https://www.boomlive.in/fact-check/taliban-threatens-india-viral-video-afghanistan-kashmir-fake-news-14415,Kashmir India
This video shows people in Srinagar celebrating Pakistan’s victory against India in the 2022 Asia Cup held in Dubai on September 4.,en,0,India Today,https://www.indiatoday.in/fact-check/story/pakistan-victory-against-india-asia-cup-2022-video-false-claim-celebration-in-srinagar-1996701-2022-09-05,Kashmir India
Video of a soldier brutally stabbing a Kashmiri Muslim in India,en,1,Alt News,https://www.altnews.in/old-unrelated-video-shared-as-indian-armys-brutality-in-kashmir/,Kashmir India
Photo of Pakistan people holding a banner with the text - 'We don't want Kashmir. Give us Hydroxychloroquine'.,en,1,FACTLY,https://factly.in/an-edited-photo-shared-as-pakistan-people-holding-a-banner-we-dont-want-kashmir-give-us-hydroxychloroquine/,Kashmir India
Air Commodore Hilal Ahmad Rather is the first pilot to fly Rafale jets from France to India,en,0,India Today,https://www.indiatoday.in/fact-check/story/fact-check-no-kashmir-s-hilal-ahmad-rather-didn-t-fly-rafale-jet-from-france-to-india-1706391-2020-07-31,Kashmir India
The video shows shops being swept away by floodwaters during the recent May–June 2025 floods in Assam.,en,2,FACTLY,https://factly.in/this-viral-video-does-not-show-visuals-of-the-2025-assam-floods-it-has-been-online-since-at-least-2023/,Assam flood
These video clips show the devastating effect the 2024 Assam floods on a bridge and a parked train.,en,1,FACTLY,https://factly.in/old-and-unrelated-videos-are-falsely-being-attributed-to-the-2024-assam-floods/,Assam flood
"Rahul Gandhi visited flood victims of Assam in a relief camp in Fulertal, Cachar",en,1,Alt News,https://www.altnews.in/rahul-gandhi-did-not-visit-flood-relief-camp-in-assams-fulertal-false-reports-by-pti-ani-mainstream-media-outlets/,Assam flood
Pictures from floods in Assam and Bihar,en,1,The Quint,https://www.thequint.com/news/webqoof/priyanka-gandhi-tweets-old-images-as-recent-floods-in-assam-bihar,Assam flood
Photographs depicting the impact of recent floods in Assam,en,1,Alt News,https://www.altnews.in/old-images-from-andhra-pradesh-and-bangladesh-shared-as-2019-assam-floods/,Assam flood
"Photos of flooding in Assam, Bihar and UP",en,1,Alt News,https://www.altnews.in/priyanka-gandhi-vadra-shared-old-images-to-show-flood-situation-in-assam-and-bihar/,Assam flood
"Images of recent flood in Assam, UP, Bihar",en,2,FACTLY,https://factly.in/old-images-of-assam-bihar-up-floods-are-shared-as-images-of-recent-floods/,Assam flood
Video of a family washed away is from the Assam floods.,en,1,Newschecker,https://newschecker.in/fact-check/assam-floods,Assam flood
Recent pictures from Assam floods.,en,1,The Quint,https://www.thequint.com/news/webqoof/old-photos-shared-as-recent-assam-flood-photos-fact-check,Assam flood
"Images From Assam Floods In July, 2019.",en,1,Boom Live,https://www.boomlive.in/assam-floods-old-flood-images-go-viral,Assam flood
Collage of six photos shows the present flood situation in Assam.,en,0,India Today,https://www.indiatoday.in/fact-check/story/fact-check-unrelated-images-passed-off-as-visuals-from-the-horrific-assam-floods-1702620-2020-07-20,Assam flood
Rahul Gandhi shares images of areas affected by 2019 floods,en,0,Alt News,https://www.altnews.in/rahul-gandhi-shares-old-images-as-2019-assam-floods/,Assam flood
Many photos of the flood-ravaged state have gone viral on social media but not all of them are actually from Assam or not from the recent floods.,en,1,The Quint,https://www.thequint.com/news/webqoof/viral-photos-of-assam-floods-are-fake-not-from-assam-and-old,Assam flood
Video shows visuals from recent floods from Assam.,en,1,The Quint,https://www.thequint.com/news/webqoof/bihar-flood-video-shared-as-assam-floods-fact-check,Assam flood
The photo shows the condition of Pakistan due to the floods.,en,1,The Quint,https://www.thequint.com/news/webqoof/zee-news-shared-assam-flood-images-as-pakistan-flood,Assam flood
Viral image of a man carrying a calf on shoulder is from Assam.,en,1,India Today,https://www.indiatoday.in/fact-check/story/fact-check-viral-image-man-calf-shoulder-assam-1571960-2019-07-21,Assam flood
Death Of 225 Animals In Kaziranga National Park In Assam Due To Heavy Floods In 2018,en,0,Boom Live,https://www.boomlive.in/assam-floods-news-of-225-animals-dead-in-kaziranga-is-from-2017,Assam flood
Video of bridge collapsing in Assam flood 2022,en,1,Alt News,https://www.altnews.in/news-channel-including-aaj-tak-share-old-video-from-indonesia-as-assam-flood/,Assam flood
"Visuals shows a crocodile in Silchar, Assam.",en,1,The Quint,https://www.thequint.com/news/webqoof/old-video-of-crocodile-from-vadodara-shared-as-assam-fact-check,Assam flood
"Silchar flooded due to ""flood jihad""",en,1,Alt News,https://www.altnews.in/flood-jihad-newsx-other-media-outlets-journos-communalise-silchar-floods/,Assam flood
"Intense flood destroys and washes away metal bridge in Dima Hasao, Assam.",en,1,India Today,https://www.indiatoday.in/fact-check/story/fact-check-assam-australia-2021-video-old-indonesian-bridge-destroyed-floods-1952084-2022-05-20,Assam flood
Recent video of a bridge getting collapsed in Assam due to rains,en,1,FACTLY,https://factly.in/old-video-of-a-bridge-getting-collapsed-in-indonesia-is-falsely-linked-to-the-recent-assam-floods/,Assam flood
"Video shows recent India-China clash at Tawang, Arunachal Pradesh",en,1,BOOM Fact Check,https://www.boomlive.in/fact-check/politics/fake-news-viral-video-india-china-clash-tawang-arunachal-pradesh-old-video-galwan-ladakh-factcheck-20397,Galwan valley India China
Names of 56 Chinese soldiers who died in the face-off with the Indian army at Galwan valley (Ladakh),en,1,FACTLY,https://factly.in/former-pla-generals-names-shared-as-those-who-died-in-the-galwan-valley-clashes-with-indian-army/,Galwan valley India China
Indian troops captured over 150 Chinese soldiers in Arunachal Pradesh and released them only after commander-level talks between the two sides.,en,1,India Today,https://www.indiatoday.in/fact-check/story/fact-check-still-movie-shoot-viral-picture-indo-china-face-off-arunachal-lac-1863277-2021-10-10,Galwan valley India China
Footage shows clash between Indian and Chinese troops in Galwan Valley on June 15.,en,1,BOOM Fact Check,https://www.boomlive.in/fake-news/randeep-singh-surjewala-peddles-old-clips-of-india-china-clashes-as-recent-8548,Galwan valley India China
Photos show coffins of Chinese troops after they lost their lives in Galwan Valley clash,en,1,BOOM Fact Check,https://www.boomlive.in/fake-news/unrelated-photos-falsely-shared-as-chinese-soldiers-killed-in-india-china-clash-8596,Galwan valley India China
"Video shows Dec 9, 2022 clash between Indian and Chinese soldiers in Tawang, Arunachal",en,1,Alt News,https://www.altnews.in/2-years-old-video-of-india-china-dispute-shared-as-recent-clash-in-arunachal-pradesh-tawang/,Galwan valley India China
Picture of 57 BSF jawans martyred in the recent clashes with Chinese soldiers.,en,1,India Today,https://www.indiatoday.in/fact-check/story/fact-check-pic-of-jawans-resting-passed-off-as-indian-soldiers-martyred-in-ladakh-1690074-2020-06-17,Galwan valley India China
Jianli Yang has claimed that 100 Chinese soldiers were killed in Galwan Valley,en,1,The Quint,https://www.thequint.com/news/webqoof/100-chinese-soldiers-died-in-india-china-clash-at-galwan-valley-fact-check,Galwan valley India China
Image shows a tweet by an account on India-China clash with an image of Chinese President Xi Jinping,en,1,Boom Live,https://www.boomlive.in/fake-news/india-china-clash-fake-tweet-screenshot-on-ladakh-goes-viral-8523,Galwan valley India China
Graves of Chinese soldiers who died in Galwan clashes,en,1,Alt News,https://www.altnews.in/india-today-group-times-now-air-old-images-of-pla-cemetery-as-graves-of-chinese-killed-in-galwan/,Galwan valley India China
Image shows Indian Army soldier who was killed in the Galwan Valley clash,en,1,BOOM Fact Check,https://www.boomlive.in/fake-news/heartbreaking-2019-photo-falsely-linked-to-india-china-clash-in-ladakh-8649,Galwan valley India China
List of 56 Chinese soldiers who 'died' in Galwan Valley,en,1,Alt News,https://www.altnews.in/fake-list-of-56-chinese-soldiers-who-died-in-galwan-valley-created-using-wikipedia-page/,Galwan valley India China
Photo shows a severely injured Indian soldier who survived the Galwan Valley clash with the Chinese troops,en,1,BOOM Fact Check,https://www.boomlive.in/fake-news/no-photo-does-not-show-indian-soldier-injured-in-india-china-clash-8570,Galwan valley India China
100 Chinese soldier died in the Galwan Valley clashes,en,1,BOOM Fact Check,https://www.boomlive.in/fake-news/no-jianli-yang-did-not-say-more-than-100-chinese-soldiers-died-in-galwan-8773,Galwan valley India China
Picture of the coffins of 20 Indian soldiers martyred in India-China standoff in Ladakh.,en,1,India Today,https://www.indiatoday.in/fact-check/story/fact-check-no-these-are-not-the-coffins-of-20-soldiers-martyred-in-ladakh-fighting-chinese-army-1690795-2020-06-19,Galwan valley India China
Forward claims Global Times named 30 Chinese soldiers killed during India-China clash in Galwan.,en,1,BOOM Fact Check,https://www.boomlive.in/fake-news/message-claiming-global-times-reported-30-chinese-soldiers-dead-is-fake,Galwan valley India China
Viral image shows Indian soldiers killed in India China face-off in Galwan Valley,en,1,Boom Live,https://www.boomlive.in/fake-news/no-this-photo-is-not-of-indian-troops-killed-in-galwan-valley-8556,Galwan valley India China
"""It [inflation] was 9% when I came to office, 9%.""",en,1,FactCheck.org,https://www.factcheck.org/2024/05/factchecking-biden-on-inflation-other-claims/,inflation US 2024
"In June 2024, Joe Biden's reelection campaign accurately claimed that core inflation in the U.S. was at its lowest since April 2021.",en,0,Snopes,https://www.snopes.com/fact-check/inflation-lowest-since-april-2021/,inflation US 2024
"President Joe Biden ""has successfully guided this economy out of the teeth of a terrifying recession.""",en,3,FactCheck.org,https://www.factcheck.org/2021/10/the-covid-19-recession-officially-ended-before-biden-took-office/,recession US economy
"“Even before the pandemic, America went into a manufacturing recession.”",en,0,PolitiFact,https://www.politifact.com/factchecks/2024/jul/31/pete-buttigieg/was-us-manufacturing-in-recession-before-the-pande/,recession US economy
"""You have suicides over things like this when you have terrible economies. You have death. Probably — and I mean definitely — would be in far greater numbers than the numbers that we’re talking about with regard to the virus.”",en,3,The New York Times,https://www.nytimes.com/2020/03/26/us/politics/fact-check-trump-coronavirus-recession.html,recession US economy
“The White House is now trying to protect Joe Biden by changing the definition of the word recession.”,en,1,PolitiFact,https://www.politifact.com/factchecks/2022/jul/27/instagram-posts/no-white-house-didnt-change-definition-recession/,recession US economy
"World Bank and IMF established by Philippine nationalist Jose Rizal, former dictator Ferdinand Marcos",en,2,AFP Fact Check,https://factcheck.afp.com/misleading-claim-circulates-world-bank-and-imf-were-established-former-dictator-ferdinand-marcos-and,IMF World Bank
"The Philippines owns the “global debt facility” of the World Bank and the International Monetary Fund (IMF), established by former president Ferdinand E. Marcos.",en,1,Rappler,https://www.rappler.com/newsbreak/fact-check/world-bank-international-monetary-fund-global-debt-facility-not-owned-philippines/,IMF World Bank
Eight families make up the Federal Reserve Cartel,en,3,Lead Stories,https://leadstories.com/hoax-alert/2022/02/fact-check-eight-families-do-not-own-form-a-federal-reserve-cartel.html,IMF World Bank
"The Philippines was the “most literate country” in Asia during the Ferdinand Marcos regime, and the literacy rate of the country dropped after he was ousted in the 1986 People Power Revolution.",en,1,Rappler,https://www.rappler.com/newsbreak/fact-check/philippines-most-literate-country-asia-marcos-administration-literacy-rate-dropped-after-ouster/,India literacy rate
सभी नागरिकों को पीएम योजना के तहत ₹2000 का भत्ता प्रदान किया गया है,hi,1,The Quint,https://www.thequint.com/hindi/webqoof/pm-modi-scheme-2000-rupees-allowance-truth-behind-viral-post-scam-alert-fact-check,मोदी सरकार योजना
प्रधानमंत्री मोदी ने छठ पूजा पर ‘मुफ़्त बाइक योजना’ की घोषणा की है.,hi,3,Newschecker,https://newschecker.in/hi/ai-deepfake-hi/free-bike-scheme-modi-fact-check,मोदी सरकार योजना
"बीजेपी के सभी तीनों विधायक कांग्रेस में शामिल हो गए, जिसके बाद पंजाब भारत का पहला बीजेपी मुक्त राज्य बन गया है.",hi,1,AajTak,https://www.aajtak.in/fact-check/story/fact-check-claim-of-bjp-mlas-joining-congress-in-punjab-is-false-1223460-2021-03-16,भाजपा कांग्रेस
कोरोना संकट के दौरान भाजपा ने गरीब देशवासियों को खाने के लिए तरसते छोड़ा.,hi,0,AajTak,https://www.aajtak.in/fact-check/story/fact-check-congress-tweets-old-video-to-target-bjp-linked-coronavirus-lockdown-1069515-2020-05-17,भाजपा कांग्रेस
पंजाब में तीन बीजेपी विधायक शामिल हुए कांग्रेस में,hi,1,The Quint,https://www.thequint.com/hindi/webqoof/punjab-3-bjp-mla-have-joined-congress-fact-check,भाजपा कांग्रेस
"पश्चिम बंगाल में बूथ कैप्चरिंग के वीडियो के साथ भाजपा, कांग्रेस नेता",hi,1,Alt News,https://www.altnews.in/hindi/bjp-congress-falsely-targeted-with-alleged-booth-capturing-video-from-west-bengal/,भाजपा कांग्रेस
2024 लोकसभा चुनाव में केवल बीजेपी ही 272 से अधिक सीटों पर चुनाव लड़ रही है।,hi,0,विश्वास न्यूज,https://www.vishvasnews.com/viral/fact-check-congress-and-bjp-both-are-contending-in-over-272-lok-sabha-seats-elections-viral-news-is-false/,भाजपा कांग्रेस
कॉंग्रेस विधायक अनिल उपाध्याय पुलिस को पीटते हुए,hi,1,Alt News,https://www.altnews.in/hindi/old-video-of-bjp-corporator-thrashing-cop-revived-as-of-mp-congress-mla/,भाजपा कांग्रेस
जब से मोदी सरकार सत्ता में आयी है तब से सरकार ने युवाओं को निराश किया है।,hi,2,Newschecker,https://newschecker.in/hi/elections-2022/congress-posted-misleading-photo-in-thier-video,भाजपा कांग्रेस
कांग्रेस कार्यकर्ताओं ने राहुल गांधी के खिलाफ नारे लगाए।,hi,1,विश्वास न्यूज,https://www.vishvasnews.com/politics/bjym-members-tore-rahul-gandhi-posters-in-mp-not-congressmen-know-truth-behind/,राहुल गांधी
"तस्वीरों में देखा जा सकता है कि प्रधानमंत्री मोदी, कांग्रेस सांसद राहुल गांधी और सोनिया गांधी जेफरी एपस्‍टीन के साथ नजर आ रहे हैं.",hi,1,Boom Live,https://hindi.boomlive.in/fact-check/narendra-modi-rahul-gandhi-sonia-gandhi-with-jeffrey-epstein-ai-generated-photos-fact-check-30705,राहुल गांधी
एपस्टीन फाइल्स में नरेंद्र मोदी और राहुल गांधी की सेक्स ऑफेंडर जेफ्री एपस्टीन के साथ तस्वीर सामने आई,hi,1,Alt News,https://www.altnews.in/hindi/ai-generated-photos-of-pm-modi-and-rahul-gandhi-with-jeffrey-epstein-are-viral/,राहुल गांधी
जेफरी एपस्टीन के साथ पीएम मोदी और राहुल गांधी की तस्‍वीरें।,hi,1,विश्वास न्यूज,https://www.vishvasnews.com/ai-check/fact-check-pm-narendra-modi-rahul-gandhi-epstein-photos-are-ai-generated-here-is-truth/,राहुल गांधी
संसद में राहुल गांधी और प्रधानमंत्री नरेंद्र मोदी के बीच हुई तीखी बहस की तस्वीर।,hi,3,Newschecker,https://newschecker.in/hi/ai-deepfake-hi/modi-rahul-gandhi-image-fact,राहुल गांधी
लोकसभा बजट सत्र के दौरान संसद में पीएम मोदी और राहुल गांधी आमने-सामने।,hi,1,विश्वास न्यूज,https://www.vishvasnews.com/ai-check/fact-check-pm-modi-rahul-gandhi-parliament-budget-2026-session-image-is-ai-generated/,राहुल गांधी
राहुल गांधी ने भगवान राम का अपमान किया है।,hi,1,विश्वास न्यूज,https://www.vishvasnews.com/politics/fact-check-rahul-gandhi-did-not-insult-lord-ram-remark-was-a-satire-on-vb-g-ram-g-law/,राहुल गांधी
राहुल गांधी ने समाधि से उठाए पैसे।,hi,1,विश्वास न्यूज,https://www.vishvasnews.com/politics/fact-check-viral-video-claiming-rahul-gandhi-picked-up-money-at-memorial-is-fake/,राहुल गांधी
इसे कहते हैं बब्बर शेर आंख में आंख डाल कर बात करने वाला ?,hi,1,The Quint,https://www.thequint.com/hindi/webqoof/pm-modi-rahul-gandhi-ai-generated-photo-shared-as-real-tussle-in-lok-sabha-narvane-book-fact-check,राहुल गांधी
"राहुल गांधी ने आसमान में उड़ती चीलों का कारण नरेंद्र मोदी, बीजेपी और आरएसएस को बताया है।",hi,1,विश्वास न्यूज,https://www.vishvasnews.com/politics/fact-check-rahul-gandhi-did-not-link-the-flying-of-birds-to-pm-modi-or-the-bjp-an-edited-clip-is-going-viral/,राहुल गांधी
जर्मनी में कुछ व्यापारियों ने राहुल गांधी से कहा है कि देश में व्यापारियों के खिलाफ माहौल के लिए वह जिम्मेदार हैं।,hi,1,विश्वास न्यूज,https://www.vishvasnews.com/politics/fact-check-businessmen-target-bjp-during-rahul-gandhi-meeting-in-delhi-video-viral-with-false-claim/,राहुल गांधी
राष्‍ट्रपति से पहले राहुल गांधी कुर्सी पर बैठ गए।,hi,0,विश्वास न्यूज,https://www.vishvasnews.com/politics/video-of-rahul-gandhi-sitting-in-front-of-president-viral-with-misleading-claim/,राहुल गांधी
बिहार चुनाव में हार के बाद राहुल गांधी महाराष्ट्र के त्रयंबकेश्वर मंदिर में पूजा करने पहुंचे।,hi,1,Newschecker,https://newschecker.in/hi/fact-check-hi/trimbakeshwar-mandir-rahul-gandhi,राहुल गांधी
डार्क सनग्लासेस पहनी महिला के साथ राहुल गांधी की 'सेल्फी',hi,1,Alt News,https://www.altnews.in/hindi/rahul-gandhis-selfie-with-woman-in-dark-sunglasses-is-ai-generated/,राहुल गांधी
राहुल गांधी युवती के साथ एयरपोर्ट पर नजर आए।,hi,1,विश्वास न्यूज,https://www.vishvasnews.com/politics/viral-video-of-rahul-gandhi-with-his-niece-miraya-is-misleading/,राहुल गांधी
सोनिया गांधी इटली के बिजनेसमैन ओत्तावियो क्वात्रोकी के साथ,hi,1,विश्वास न्यूज,https://www.vishvasnews.com/politics/sonia-gandhi-and-rahul-gandhi-is-going-viral-again-with-an-objectionable-claim/,राहुल गांधी
राहुल गांधी दिल्ली धमाके की घटना के दौरान भारत छोड़ मस्कट या लंदन चले गए,hi,1,Alt News,https://www.altnews.in/hindi/rahul-gandhi-with-her-niece-miraya-vadra-video-shared-with-misleading-claim/,राहुल गांधी
एक वीडियो में राहुल गांधी को विदेश में हवाई अड्डे पर एक युवती के साथ दिखाया गया है.,hi,2,Boom Live,https://hindi.boomlive.in/fact-check/rahul-gandhi-accompanying-niece-video-viral-with-misleading-spin-29988,राहुल गांधी
मुश्किल सवाल पूछे जाने पर लोकसभा में नेता प्रतिपक्ष एवं कांग्रेस सांसद राहुल गांधी ने चुप्पी साध ली,hi,1,विश्वास न्यूज,https://www.vishvasnews.com/politics/fact-check-rahul-gandhi-did-not-fall-silent-after-an-uncomfortable-question-this-is-an-edited-clip/,राहुल गांधी
कांग्रेस के 56 साल के झंडनायक किसी 9जवान महिला के साथ देखे गये है विदेश में,hi,1,The Quint,https://www.thequint.com/hindi/webqoof/rahul-gandhi-old-airport-video-with-niece-miraya-vadra-shared-as-recent-after-delhi-terrorist-attack,राहुल गांधी
राहुल गांधी कह रहे हैं कि उनका भगवान से डायरेक्ट कनेक्शन है.,hi,2,फैक्ट चेक - Boom Live,https://hindi.boomlive.in/fact-check/rahul-gandhi-talking-about-a-direct-connection-with-god-cropped-video-shared-with-false-claim-29894,राहुल गांधी
नेता प्रतिपक्ष राहुल गांधी ने कहा है कि उनका भगवान से डायरेक्ट कनेक्शन है.,hi,1,AajTak,https://www.aajtak.in/fact-check/story/this-video-of-rahul-gandhi-talking-about-a-direct-connection-with-god-is-incomplete-ntc-dskc-2372528-2025-10-30,राहुल गांधी
यह वीडियो उस समय का है जब राहुल गांधी अमेरिका में ड्रग केस में फंसे थे. तब प्रधानमंत्री अटल बिहारी वाजपेयी के अनुरोध पर राहुल को छोड़ा गया और अमिताभ बच्चन उन्हें अमेरिका लेने गए थे.,hi,1,Boom Live,https://hindi.boomlive.in/fact-check/1991-rajiv-gandhi-assassination-rahul-gandhi-amitabh-bachchan-video-viral-drug-case-claim-29807,राहुल गांधी
राहुल गांधी को हॉस्पिटल में भर्ती करवाया गया है।,hi,1,विश्वास न्यूज,https://www.vishvasnews.com/politics/fact-check-viral-photo-of-rahul-gandhi-on-hospital-bed-is-ai-generated/,राहुल गांधी
"राहुल गांधी ने कहा, ""सत्‍याग्रह का मतलब सत्ता का रास्ता""।",hi,1,विश्वास न्यूज,https://www.vishvasnews.com/politics/fact-check-rahul-gandhis-incomplete-statement-on-satyagraha-goes-viral-again/,राहुल गांधी
राहुल गांधी के सामने हर-हर महादेव का नारा लगाने वाले तीन कांग्रेसी निष्‍काषित।,hi,0,विश्वास न्यूज,https://www.vishvasnews.com/politics/seven-year-old-news-linked-to-rahul-gandhi-resurfaces-with-false-claims/,राहुल गांधी
राहुल गांधी की हालिया अमेरिका यात्रा का वीडियो।,hi,1,विश्वास न्यूज,https://www.vishvasnews.com/politics/fact-check-old-video-of-rahul-gandhis-us-visit-is-being-misrepresented-as-recent/,राहुल गांधी
राहुल गांधी ने स्वीकार किया कि उनका सोशल मीडिया ब्लफ व झूठ का अड्डा है और वे उस पर विश्वास नहीं करते,hi,1,Alt News,https://www.altnews.in/hindi/bjp-leader-shehzad-poonawala-shared-clipped-video-of-rahul-gandhi-with-misleading-claim/,राहुल गांधी
मलिक्कार्जुन खरगे ने कहा राहुल गांधी प्रधानमंत्री कभी नहीं बनेंगे,hi,1,The Quint,https://www.thequint.com/hindi/webqoof/mallikarjun-kharge-saying-rahul-gandhi-will-never-became-prime-minister-viral-video-edited-fact-check,राहुल गांधी
राहुल गांधी मानते हैं कि उनके फॉलोअर्स और विचार ऑर्गेनिक या भारतीय नहीं हैं.,hi,1,Boom Live,https://hindi.boomlive.in/fact-check/rahul-gandhi-speech-at-colombia-university-cropped-video-shared-with-misleading-claim-29666,राहुल गांधी
राहुल व प्रियंका गांधी ने पकड़ा हुआ है आई लव मोहम्‍मद का पोस्‍टर,hi,1,विश्वास न्यूज,https://www.vishvasnews.com/ai-check/ai-generated-fake-image-shows-rahul-gandhi-and-priyanka-holding-i-love-mohammad-poster/,राहुल गांधी
राहुल गांधी ने सरकार बदलने पर हिंदुओं के खिलाफ कार्रवाई की धमकी दी।,hi,1,विश्वास न्यूज,https://www.vishvasnews.com/politics/fact-check-rahul-gandhi-did-not-threaten-action-against-hindus-video-is-edited/,राहुल गांधी
अमेरिका पहुंचने पर कांग्रेस नेता राहुल गांधी का जबरदस्त स्वागत हुआ.,hi,2,Newschecker,https://newschecker.in/hi/fact-check-hi/rahul-gandhi-south-america-visit,राहुल गांधी
वीडियो में राहुल गांधी कह रहे हैं कि पीएम मोदी को चुनाव जिताने में उनकी मदद हिन्दुस्तान करता है.,hi,1,AajTak,https://www.aajtak.in/fact-check/story/fact-check-rahul-gandhi-election-narendra-modi-viral-video-ntc-dskc-2339656-2025-09-23,राहुल गांधी
"राजनाथ ने भी माना, राहुल की तरह बेस्ट फिनिशर हैं राहुल गांधी, वोट चोरी पकड़ा है",hi,1,The Quint,https://www.thequint.com/hindi/webqoof/rajnath-singh-old-video-mocking-rahul-gandhi-mahendra-singh-dhoni-shared-vote-chori-false-claim,राहुल गांधी
रिपोर्टर के सवाल पर पीछे मुड़ गए राहुल गांधी,hi,1,विश्वास न्यूज,https://www.vishvasnews.com/politics/rahul-gandhi-press-conference-video-tampered-and-spread-as-false-news/,राहुल गांधी
राहुल गांधी ने जाकिर नाइक से मुलाकात की है।,hi,1,विश्वास न्यूज,https://www.vishvasnews.com/ai-check/fact-check-rahul-gandhis-photo-with-controversial-islamic-preacher-zakir-naik-is-not-real-but-ai-generated/,राहुल गांधी
राहुल गांधी का वोट चोरी वाला PDF म्यांमार में हुआ तैयार,hi,1,Alt News,https://www.altnews.in/hindi/fact-check-did-the-pdf-of-rahul-gandhi-vote-theft-was-prepared-in-myanmar-metadata/,राहुल गांधी
राहुल गांधी की बिहार रैली में भारी भीड़,hi,1,Alt News,https://www.altnews.in/hindi/video-showing-massive-crowd-at-puri-rath-yatra-viral-as-rahul-gandhis-rally/,राहुल गांधी
"कांग्रेस अध्यक्ष मल्लिकार्जुन खरगे, राहुल गांधी को देश बर्बाद करने वाला बोल रहे हैं.",hi,1,Boom Live,https://hindi.boomlive.in/fact-check/kharge-video-called-rahul-gandhi-a-person-who-is-involved-in-the-destruction-of-the-country-is-edited-29457,राहुल गांधी
राहुल गांधी का 'वोट चोरी' का आरोप CSDS डेटा पर आधारित,hi,1,Alt News,https://www.altnews.in/hindi/rahul-gandhi-did-not-use-csds-data-to-make-vote-chori-allegations-claims-by-media-outlets-bjp-leaders-misleading/,राहुल गांधी
राहुल गांधी ने संविधान का क्रेडिट महात्मा गांधी को दिया,hi,1,Alt News,https://www.altnews.in/hindi/did-rahul-gandhi-credit-mahatma-gandhi-for-drafting-indias-constitution-no-viral-video-is-clipped/,राहुल गांधी
वोट चोरी के विवाद के बीच राजनाथ सिंह ने राहुल गांधी की तारीफ करते हुए उन्हें बेस्ट फिनिशर बुलाया.,hi,1,AajTak,https://www.aajtak.in/fact-check/story/rajnath-singh-finisher-remark-on-rahul-gandhi-truth-ntc-rptc-2324702-2025-09-03,राहुल गांधी
वीडियो में कांग्रेस अध्यक्ष मल्लिकार्जुन खड़गे देश की बर्बादी का जिम्मेदार राहुल गांधी को ठहरा रहे हैं.,hi,1,AajTak,https://www.aajtak.in/fact-check/story/fact-check-did-mallikarjun-kharge-blamed-rahul-gandhi-for-destruction-of-the-country-edited-video-gone-viral-ntc-dskc-2324012-2025-09-02,राहुल गांधी
राहुल गांधी ने कहा कि 6-7 साल के लड़कों का नाम मतदाता सूची से काट दिया गया है.,hi,1,Alt News,https://www.altnews.in/hindi/fact-check-rahul-gandhi-didnt-say-6-7-years-old-childrens-names-have-been-cut-from-voter-list/,राहुल गांधी
बिहार में चल रही राहुल गांधी की वोटर अधिकार यात्रा का है ये वीडियो,hi,1,The Quint,https://www.thequint.com/hindi/webqoof/rahul-gandhi-old-video-viral-as-voter-adhikar-yatra,राहुल गांधी
राहुल गांधी ने कहा महात्मा गांधी ने बनाया भारत का संविधान,hi,1,The Quint,https://www.thequint.com/hindi/webqoof/rahul-gandhi-did-not-said,राहुल गांधी
महाराष्ट्र में विधानसभा चुनाव से लेकर लोकसभा चुनाव के बीच 1 करोड़ मतदाता बढ़े,hi,3,Alt News,https://www.altnews.in/hindi/rahul-gandhis-1-crore-vote-surge-in-maharashtra-claim-not-supported-by-ec-data/,राहुल गांधी
राहुल गांधी ने कहा कि संविधान महात्मा गांधी ने बनाया,hi,2,Newschecker,https://newschecker.in/hi/fact-check-hi/rahul-gandhi-samvidhan-gandhi,राहुल गांधी
राहुल गांधी ने कहा कि 6-7 साल के बच्चों के नाम मतदाता सूची से काट दिए हैं.,hi,1,AajTak,https://www.aajtak.in/fact-check/story/fact-check-rahul-gandhi-statement-voter-rights-yatra-viral-distortion-ntc-dskc-2318145-2025-08-25,राहुल गांधी
बिहार में चल रही राहुल गांधी की वोट अधिकार यात्रा का है ये वीडियो,hi,1,The Quint,https://www.thequint.com/hindi/webqoof/rahul-gandhi-vote-adhikar-yatra-rally-huge-crowd-claim-old-video-shared-as-recent,राहुल गांधी
ये बिहार में राहुल गांधी की वोटर अधिकार यात्रा में उमड़ी भीड़ का वीडियो है.,hi,1,AajTak,https://www.aajtak.in/fact-check/story/fact-check-jagannath-rath-yatra-viral-video-rahul-gandhi-voter-rights-yatra-ntc-dskc-2315541-2025-08-21,राहुल गांधी
"बिहार में वोट अधिकार यात्रा के दौरान जब पुलिस ने राहुल गांधी को रोका, तो वो बस की छत पर चढ़कर लोगों को संबोधित करने लगे.",hi,1,AajTak,https://www.aajtak.in/fact-check/story/rahul-gandhi-bihar-visit-vote-adhikar-rally-bus-fact-check-ntc-dskc-2314149-2025-08-20,राहुल गांधी
राहुल गांधी ने कहा कि महात्मा गांधी को अहिंसा की प्रेरणा इस्लाम से मिली थी।,hi,1,विश्वास न्यूज,https://www.vishvasnews.com/politics/fact-check-rahul-gandhi-old-edited-video-goes-viral-with-false-claim/,राहुल गांधी
"मोहन भागवत ने कहा है कि राहुल गांधी भविष्य के नेता हैं, उनको ज्यादा मजाक में लेना महंगा पड़ेगा।",hi,1,विश्वास न्यूज,https://www.vishvasnews.com/politics/rss-chief-mohan-bhagwat-never-made-that-statement-about-rahul-gandhi-read-news/,राहुल गांधी
लोगों के हुजूम का ये वीडियो राहुल गांधी की रैली का है,hi,1,AajTak,https://www.aajtak.in/fact-check/story/video-of-crowd-is-not-of-congress-rahul-gandhi-rally-bihar-vote-adhikar-yatra-ntc-dskc-2313804-2025-08-19,राहुल गांधी
राहुल गांधी द्वारा प्रस्तुत वोटर लिस्ट फ्रॉड दावे गलत,hi,1,Alt News,https://www.altnews.in/hindi/up-election-commission-fact-check-on-rahul-gandhi-claims-about-vote-chori-is-misleading/,राहुल गांधी
राहुल गांधी और तेजस्वी यादव के साथ उनकी गाड़ीमें जाने से रोकने के कारण मीडिया के सामने रो पड़े पप्पू यादव,hi,1,Alt News,https://www.altnews.in/hindi/after-cong-leader-pappu-yadav-stopped-from-entering-rahul-gandhi-tejashwis-car-in-bihar-old-video-of-him-crying-viral/,राहुल गांधी
यह बिहार का हालिया वीडियो है।,hi,1,विश्वास न्यूज,https://www.vishvasnews.com/politics/fact-check-this-video-of-rahul-gandhi-addressing-the-public-from-a-bus-is-not-from-bihar-tour-it-is-an-old-one/,राहुल गांधी
कन्हैया कुमार इस वीडियो में राहुल गांधी की आलोचना करते दिख रहे हैं,hi,1,The Quint,https://www.thequint.com/hindi/webqoof/old-video-of-kanhaiya-kumar-viral-as-criticism-of-rahul-gandhi,राहुल गांधी
"राहुल गांधी ने कहा कि आप में ऑर्थोपेडिक सर्जन की स्किल है, ज्ञान है, सब कुछ है, मगर आप ऑर्थोपेडिक सर्जन नहीं हो!",hi,0,विश्वास न्यूज,https://www.vishvasnews.com/viral/fact-check-rahul-gandhi-caste-speech-incomplete-video-shared-falsely/,राहुल गांधी
लखनऊ कोर्ट में पेशी के दौरान जज ने राहुल गांधी के साथ सेल्फी ली.,hi,1,Newschecker,https://newschecker.in/hi/fact-check-hi/rahul-gandhi-judge-selfie,राहुल गांधी
कांग्रेस नेता राहुल गांधी ने भगवान जगन्नाथ की रथयात्रा को नाटक बताया है.,hi,1,AajTak,https://www.aajtak.in/fact-check/story/fact-check-rahul-gandhi-did-not-call-jagannath-rath-yatra-drama-viral-video-incomplete-ntc-dskc-2287506-2025-07-14,राहुल गांधी
सेल्फी लेने वाले व्यक्ति लखनऊ हाई कोर्ट के जज हैं।,hi,1,विश्वास न्यूज,https://www.vishvasnews.com/politics/this-selfie-of-rahul-gandhi-is-not-with-the-lucknow-judge-fake-claim-goes-viral/,राहुल गांधी
राहुल गांधी के एलेक्स सोरोस की शादी अटेन्ड करने की तस्वीर,hi,1,Alt News,https://www.altnews.in/hindi/ai-generated-image-viral-as-rahul-gandhi-attended-wedding-of-alexander-soros-son-of-george-soros/,राहुल गांधी
जाति जनगणना के मुद्दे पर राहुल गांधी ने तेलंगाना सरकार की आलोचना की,hi,1,The Quint,https://www.thequint.com/hindi/webqoof/rahul-gandhi-criticise-telangana-government-on-cast-census-edited-video-fact-check,राहुल गांधी
राहुल गांधी की मीटिंग्स में एक ही शख्स कभी कुली बना है तो कभी DU का छात्र,hi,1,Alt News,https://www.altnews.in/hindi/allegations-that-same-person-posed-as-porter-on-one-occasion-and-du-student-on-another-with-rahul-gandhi-baseless/,राहुल गांधी
"राहुल गांधी की दिल्ली विश्वविद्यालय के छात्रों और रेलवे कुलियों के साथ हुई मुलाकातें महज दिखावा थीं क्योंकि उनकी एक मीटिंग में जो शख्स कुली बनकर आया था, वही बाद में डीयू का छात्र बन गया.",hi,1,AajTak,https://www.aajtak.in/fact-check/story/fact-check-rahul-gandhi-meeting-paid-actor-claim-wrong-who-the-man-ntc-dskc-2251598-2025-05-29,राहुल गांधी
वायनाड में कांग्रेस कार्यकर्ताओं ने राजीव गांधी की पुण्यतिथि पर राहुल गांधी की तस्वीर पर पुष्पांजलि अर्पित की।,hi,1,Newschecker,https://newschecker.in/hi/fact-check-hi/waynad-rahul-gandhi-potrait,राहुल गांधी
तस्वीरों में पाकिस्तान के लिए जासूसी करने की आरोपी ज्योति मल्होत्रा कांग्रेस सांसद राहुल गांधी के साथ देखी जा सकती हैं.,hi,1,Boom Live,https://hindi.boomlive.in/fact-check/rahul-gandhi-with-jyoti-malhotra-edited-photo-viral-28626,राहुल गांधी
"इन तस्वीरों में राहुल गांधी के साथ ज्योति मल्होत्रा को देखा जा सकता है, जो पाकिस्तान के लिए जासूसी करने के आरोप में गिरफ्तार हुई हैं.",hi,1,AajTak,https://www.aajtak.in/fact-check/story/fact-check-narendra-modi-akhilesh-now-jyoti-malhotra-fake-photo-with-rahul-gandhi-goes-viral-ntc-dskc-2246337-2025-05-22,राहुल गांधी
राहुल गांधी ने कहा कि हिंदू धर्म उनका नहीं है,hi,0,Navbharat Times,https://navbharattimes.indiatimes.com/india/rahul-gandhi-viral-video-did-he-say-hinduism-is-not-his-religion-know-truth/articleshow/120450896.cms,राहुल गांधी
राहुल गांधी ने कहा 40 साल मे किसी एक व्यक्ति ने मुझे इज्जत नही दी.,hi,1,विश्वास न्यूज,https://www.vishvasnews.com/politics/rahul-gandhis-40-year-honor-claim-misrepresented-original-video-tampered/,राहुल गांधी
कांग्रेस सांसद राहुल गांधी एवं लोकसभा में नेता प्रतिपक्ष राहुल गांधी चैत्र नवरात्रि के दूसरे दिन माता वैष्णो देवी के दर्शन करने के लिए पहुंचे,hi,1,The Quint,https://www.thequint.com/hindi/webqoof/rahul-gandhi-congress-vaishno-devi-mandir-visit-navratri-old-video-shared-as-recent-false-claim-fact,राहुल गांधी
"राहुल गांधी ने हिंदुओं को धमकी दी है कि जब भाजपा सरकार हट जाएगी, तब उनके खिलाफ कार्रवाई होगी।",hi,1,विश्वास न्यूज,https://www.vishvasnews.com/politics/fact-check-rahul-gandhi-had-talked-about-taking-action-against-investigative-agencies-not-against-hindus/,राहुल गांधी
क्या राहुल गांधी ने सच में हाथ धोकर जूते पहने?,hi,0,Navbharat Times,https://navbharattimes.indiatimes.com/india/rahul-gandhis-viral-shoe-video-fact-check-did-he-really-wash-hands-before-wearing-shoes/articleshow/119900978.cms,राहुल गांधी
नवरात्रि के दौरान राहुल गांधी ने वैष्णो देवी की पैदल यात्रा की है.,hi,2,Newschecker,https://newschecker.in/hi/fact-check-hi/rahul-gandhi-vaishno-devi-video,राहुल गांधी
वैष्णो देवी की यात्रा पर पहुंचे कांग्रेस सांसद राहुल गांधी?,hi,0,Navbharat Times,https://navbharattimes.indiatimes.com/india/rahul-gandhis-vaishno-devi-yatra-video-goes-viral-but-the-truth-is-different/articleshow/119800973.cms,राहुल गांधी
राहुल गांधी ने बनाई आलू से सोना बनाने की मशीन?,hi,1,Navbharat Times,https://navbharattimes.indiatimes.com/india/rahul-gandhis-video-of-turning-potatoes-into-gold-is-fake-found-to-be-ai-generated/articleshow/119114359.cms,राहुल गांधी
महाशिवरात्रि के मौके पर राहुल गांधी ने किए महाकाल के दर्शन।,hi,0,विश्वास न्यूज,https://www.vishvasnews.com/viral/fact-check-rahul-gandhi-mahakal-darshan-on-shivratri-2025-viral-video-from-2024-misleading/,राहुल गांधी
​राहुल गांधी ने खाटू श्याम की तस्वीर स्वीकार करने से किया मना,hi,1,Navbharat Times,https://navbharattimes.indiatimes.com/india/did-rahul-gandhi-refuse-to-accept-a-picture-of-khatu-shyam-know-truth-behind-viral-video/articleshow/117629587.cms,राहुल गांधी
राहुल गांधी ने किया कांग्रेस अध्यक्ष मल्लिकार्जुन खरगे का अपमान,hi,0,Navbharat Times,https://navbharattimes.indiatimes.com/india/did-rahul-gandhi-insult-congress-president-kharge-the-truth-behind-the-viral-video/articleshow/117386727.cms,राहुल गांधी
राहुल गांधी ने,hi,1,विश्वास न्यूज,https://www.vishvasnews.com/viral/fact-check-rahul-gandhi-did-not-call-bharat-mata-unparliamentary-viral-video-debunked/,राहुल गांधी
राहुल गांधी ने कहा कि सत्‍याग्रह का मतलब सत्ता का रास्ता,hi,0,विश्वास न्यूज,https://www.vishvasnews.com/politics/old-incomplete-clip-of-rahul-gandhi-speech-goes-viral-again/,राहुल गांधी
राहुल गांधी ने फोड़ दिए 1 मिनट में 140 नारियल,hi,1,Navbharat Times,https://navbharattimes.indiatimes.com/india/rahul-gandhi-viral-video-of-breaking-140-coconuts-is-edited-know-truth/articleshow/116522963.cms,राहुल गांधी
राहुल गांधी ख़ुद मान रहे हैं कि उन्होंने धक्कामुक्की की है,hi,1,Alt News,https://www.altnews.in/hindi/no-rahul-gandhi-did-not-admit-to-pushing-bjp-mps-on-parliament-premises-claim-by-bjp-leaders-false/,राहुल गांधी
राहुल गांधी की प्रताप सारंगी पर हमले की बात स्वीकारने वाला वीडियो,hi,0,Navbharat Times,https://navbharattimes.indiatimes.com/india/fact-check-of-video-about-rahul-gandhi-admitting-to-hit-bjp-mp-pratap-sarangi-parliament-know-truth/articleshow/116490806.cms,राहुल गांधी
इस वीडियो में राहुल गांधी ने स्वीकार कर लिया कि उन्होंने संसद में बीजेपी सांसदों के साथ धक्का-मुक्की की.,hi,1,AajTak,https://www.aajtak.in/fact-check/story/fact-check-rahul-gandhi-has-not-admitted-to-pushing-bjp-mps-incomplete-video-is-going-viral-ntc-dskc-2124764-2024-12-19,राहुल गांधी
मुकेश अंबानी ने लगाए राहुल गांधी पर आरोप।,hi,1,विश्वास न्यूज,https://www.vishvasnews.com/politics/fact-check-mukesh-ambani-accuses-rahul-gandhi-misleading-post-viral-with-false-claim/,राहुल गांधी
केजरीवाल जी ने राहुल गाँधी से हाथ नही मिलाया ?,hi,1,The Quint,https://www.thequint.com/hindi/webqoof/arvind-kejriwal-did-not-ignore-rahul-gandhi-edited-video-hemant-soren-oath-taking-ceremony-viral,राहुल गांधी
क्या फिर से लोकसभा में सो गए राहुल गांधी?,hi,0,Navbharat Times,https://navbharattimes.indiatimes.com/india/fact-check-rahul-gandhis-sleeping-video-in-parliament-goes-viral-but-the-truth-is-something-else/articleshow/115955160.cms,राहुल गांधी
केजरीवाल ने राहुल गांधी को किया नजरअंदाज,hi,1,Navbharat Times,https://navbharattimes.indiatimes.com/india/fact-check-arvind-kejriwal-did-not-ignore-rahul-gandhi-viral-video-is-fake/articleshow/115869513.cms,राहुल गांधी
ट्रंप ने राहुल गांधी को जॉर्ज सोरोस का एजेंट बताया,hi,1,The Quint,https://www.thequint.com/hindi/webqoof/donald-trump-parody-account-viral-misleading-claims-rahul-gandhi-fake-news-geroge-soros-agent,राहुल गांधी
पाकिस्तानी टीवी चैनल पर राहुल गांधी का परिचय देते हुए उनका मजाक उड़ाया गया.,hi,1,AajTak,https://www.aajtak.in/fact-check/story/pakistani-tv-channel-rahul-gandhi-mockery-indian-youtuber-video-fact-check-ntc-rptc-2065211-2024-10-08,राहुल गांधी
"यह पाकिस्तानी टीवी चैनल का वीडियो है, जहां पर कुछ इस तरह से राहुल गाँधी का परिचय दिया गया है।",hi,1,विश्वास न्यूज,https://www.vishvasnews.com/politics/video-going-viral-with-claim-of-rahul-gandhi-being-insulted-on-pakistani-tv-channel-is-of-indian-youtubers/,राहुल गांधी
कश्मीरी पंडितों ने विमान में राहुल गांधी को घेरकर पूछा कि वह कश्मीर मामलों में पीएम मोदी का विरोध क्यों करते हैं?,hi,1,विश्वास न्यूज,https://www.vishvasnews.com/politics/fact-check-kashmiri-woman-talking-with-rahul-gandhi-in-plane-while-returning-to-srinagar-old-video-viral-with-false-claim/,राहुल गांधी
"टिका लगाते समय मुँह ना घुमायें, यह देख ले कि दवाई अंदर गयी है या नहीं... नर्सिंग स्टाफ केवल सूई चुभा कर निकाल लेते है इस कठिन समय में भ्रष्टाचार की हद हो गयी ...",hi,1,Boom Live,https://hindi.boomlive.in/fact-check/corona-virus-covid-19-vaccine-vaccination-drive-empty-syringes-scam-fraud-viral-video-mexico-ecuador-brazil-pune-fake-news-13695,कोरोना वैक्सीन भारत
"कुंवारी लड़कियों, डायबिटीज के मरीजों और शराब-सिगरेट पीने वालों को कोरोना की वैक्सीन नहीं लगवानी चाहिए.",hi,1,AajTak,https://www.aajtak.in/fact-check/story/fact-check-viral-post-social-media-corona-virus-vaccine-fear-afwa-1196367-2021-01-22,कोरोना वैक्सीन भारत
अन्य देशों में कोरोना वायरस का टेस्ट या तो मुफ्त है या फिर साधारण कीमत पर है लेकिन भारत में इसकी कीमत 4500 रुपये है.,hi,1,AajTak,https://www.aajtak.in/fact-check/story/fact-check-corona-virus-covid-19-test-kit-price-1043677-2020-03-25,कोविड भारत
जनवरी 2025 में एक बार फिर होगी कोरोना की वापसी,hi,1,Navbharat Times,https://navbharattimes.indiatimes.com/india/fact-check-viral-video-claiming-that-the-corona-virus-will-return-in-2025-is-fake/articleshow/116682486.cms,कोविड भारत
भारत में कोरोना वायरस की दूसरी लहर के लिए '5G टेस्टिंग' ज़िम्मेदार है,hi,1,Alt News,https://www.altnews.in/hindi/no-5g-radiation-has-not-caused-the-second-wave-of-covid-19-in-india/,कोविड भारत
कोविड-19 से लड़ने के लिए गए भारत सरकार के एहतियातों की प्रशंसा में अमेरिकी सी.इ.ओ द्वारा रचित मैप,hi,1,Boom Live,https://hindi.boomlive.in/fake-news/did-an-american-ceo-draw-this-map-to-praise-indian-govts-covid-19-response-7737,कोविड भारत
भारत के प्रधानमंत्री नरेंद्र मोदी ने भारत के 220 करोड़ लोगों को मुफ़्त कोविड वैक्सीन लगवाया,hi,1,Alt News,https://www.altnews.in/hindi/bjp-false-claim-220-crore-people-vaccinated-in-india/,कोविड भारत
रूस के राष्ट्रपति व्लादिमीर पुतिन ने अपने नागरिकों से कहां या तो 15 दिन के लिए अपने घर में रहो या फिर 5 साल के लिए जेल में रहो।,hi,1,Newschecker,https://newschecker.in/hi/coronavirus-hi/%E0%A4%95%E0%A5%8B%E0%A4%B0%E0%A5%8B%E0%A4%A8%E0%A4%BE-%E0%A4%B8%E0%A4%82%E0%A4%95%E0%A5%8D%E0%A4%B0%E0%A4%AE%E0%A4%A3-%E0%A4%95%E0%A5%8B-%E0%A4%A6%E0%A5%87%E0%A4%96%E0%A4%A4%E0%A5%87-%E0%A4%B9,कोविड भारत
भारत सरकार ने वित्तीय वर्ष 1 जुलाई तक बढ़ाया है,hi,1,Boom Live,https://hindi.boomlive.in/fake-news/indias-financial-year-has-not-been-extended-to-july-1-7513,कोविड भारत
लाल किले पर लगा तिरंगा हटाकर धार्मिक झंडा लहराया गया,hi,1,Alt News,https://www.altnews.in/hindi/farmers-protest-zee-news-falsely-claims-indian-flag-replaced-with-khalsa-flag-on-red-fort/,किसान आंदोलन भारत
किसान आंदोलन की अंतराष्ट्रीय मंच पर बड़ी जीत ब्रिटेन के पीएम ने गणतंत्र दिवस पर होने वाला भारतीय दौरा रद्द किया,hi,1,Boom Live,https://hindi.boomlive.in/fact-check/boris-johnson-republic-day-chief-guest-cancelled-kisan-andolan-news-fake-information-11448,किसान आंदोलन भारत
भारतीय अर्थव्यवस्था संकट के दौर से गुजर रहा है और पीएम मोदी मस्त हैं,hi,1,Navbharat Times,https://navbharattimes.indiatimes.com/india/do-indian-economy-is-in-distress-due-to-crashing-of-gdp-and-rupees-against-dollar-while-inflation-and-unemployment-rates-are-on-historical-high/articleshow/116274704.cms,महंगाई भारत
मणिपुर में राष्ट्रपति शासन लगाए जाने के बाद महिलाओं ने सड़कों पर लेटकर सेना के काफिले को रोकने की कोशिश की.,hi,1,Boom Live,https://hindi.boomlive.in/fact-check/women-block-indian-army-convoy-in-bishnupur-manipur-old-video-viral-28071,मणिपुर हिंसा
मणिपुर में एक कुकी समुदाय से आने वाली लड़की के साथ एक हिंदू शख्स बलात्कार करने की कोशिश कर रहा है.,hi,1,Boom Live,https://hindi.boomlive.in/fact-check/women-assaulted-by-a-man-in-andhra-pradesh-peddled-as-manipur-with-communal-claim-26412,मणिपुर हिंसा
"ये लोग गोरक्षक हैं, जिन्होंने महिला पर हमला किया, क्योंकि वह मुस्लिम है।",hi,1,विश्वास न्यूज,https://www.vishvasnews.com/viral/fact-check-video-of-violence-against-women-in-manipur-going-viral-with-fake-communal-claim-linking-to-indian-army/,मणिपुर हिंसा
महिला को सड़क पर गोली मारने का वीडियो मणिपुर का है।,hi,1,विश्वास न्यूज,https://www.vishvasnews.com/viral/fact-check-myanmar-old-video-of-killing-woman-on-road-false-link-to-manipur-violence/,मणिपुर हिंसा
"वीडियो मणिपुर का है, जहां एक महिला की सरेआम सड़क पर गोली मारकर हत्या कर दी गई.",hi,1,फैक्ट चेक - Boom Live,https://hindi.boomlive.in/fact-check/myanmar-woman-brutally-shot-dead-video-viral-as-manipur-false-claim-25615,मणिपुर हिंसा
ग्रेटर नोएडा में मणिपुर हिंसा को साजिश बताने पर स्थानीय लोगों ने कर दी बीजेपी नेता की पिटाई।,hi,1,विश्वास न्यूज,https://www.vishvasnews.com/viral/fact-check-a-video-of-a-local-bjp-leader-being-thrashed-over-a-local-dispute-has-nothing-to-do-with-manipur-violence/,मणिपुर हिंसा
ये लोग म्‍यांमार से चोरी छुपे मणिपुर में दाखिल हो रहे हैं।,hi,1,विश्वास न्यूज,https://www.vishvasnews.com/viral/fact-check-iranian-noamds-video-false-link-to-manipur-myanmar-infiltration/,मणिपुर हिंसा
मणिपुर हिंसा को लेकर इंडिया टुडे मैगज़ीन के कवर पर पीएम मोदी की तस्वीर,hi,1,Boom Live,https://hindi.boomlive.in/fact-check/pm-modi-image-india-today-magazine-cover-photo-manipur-violence-claim-viral-fact-check-22683,मणिपुर हिंसा
मणिपुर में ईसाई महिला की हत्या,hi,1,विश्वास न्यूज,https://www.vishvasnews.com/viral/fact-check-old-video-from-brazil-is-being-falsely-shared-as-manipur/,मणिपुर हिंसा
मणिपुर में महिलाओं के साथ हो रही एक और आपत्तिजनक घटना सामने आई है। महिलाओं के साथ फिर से दुर्व्यवहार किया गया।,hi,1,Fact Crescendo,https://www.factcrescendo.com/west-bengal-video-viral-with-a-false-claim-of-manipur-violence/,मणिपुर हिंसा
कुकी महिलाओं की सार्वजनिक रूप से परेड कराने और उनका यौन उत्पीड़न करने वालों की गिरफ्तारी के खिलाफ बहुसंख्यक मैतेई समूह द्वारा मणिपुर में विरोध रैली,hi,1,फैक्ट चेक,https://hindi.boomlive.in/fact-check/meiteis-protest-against-arrest-of-accused-who-had-sexually-assaulted-and-paraded-naked-kuki-women-in-manipur-viral-photo-22652,मणिपुर हिंसा
मणिपुर बीजेपी लीडर और उनका बेटा 2 कुकी महिलाओं के साथ हुए अपराध में शामिल,hi,1,Alt News,https://www.altnews.in/hindi/manipur-video-state-bjp-leader-sons-photo-falsely-viral-as-accused-in-may-4-sexual-assault/,मणिपुर हिंसा
मणिपुर में पुलिसकर्मियों पर हमला करती दो ईसाई औरतों का वीडियो,hi,1,The Quint,https://www.thequint.com/hindi/webqoof/manipur-violence-naked-women-chasing-and-attacking-police-up-old-video-shared-fact-check,मणिपुर हिंसा
मणिपुर हिंसा के बीच खून से लथपथ हालत में एक औरत बच्चे को स्तनपान करवाते नजर आई,hi,1,Alt News,https://www.altnews.in/hindi/bleeding-woman-breastfeeding-baby-image-not-from-manipur-at-least-2-year-old/,मणिपुर हिंसा
बच्चे को स्तनपान कराती घायल महिला की ये फोटो मणिपुर हिंसा की है.,hi,1,Newschecker,https://newschecker.in/hi/fact-check-hi/manipur-violence-old-photo,मणिपुर हिंसा
मणिपुर का ताजा वीडियो,hi,1,विश्वास न्यूज,https://www.vishvasnews.com/viral/fact-check-old-video-from-myanmar-being-shared-as-manipur-violence/,मणिपुर हिंसा
यह वीडियो मणिपुर में कुकी ईसाई लड़की पर हुए हमले का है।,hi,1,Newschecker,https://newschecker.in/hi/fact-check-hi/mayanmar-video-manipur-claim-viral,मणिपुर हिंसा
मणिपुर हिंसा का वीडियो.,hi,1,Newschecker,https://newschecker.in/hi/fact-check-hi/fact-check-manipur-violence-video,मणिपुर हिंसा
मणिपुर में हिंसा का वीडियो।,hi,1,विश्वास न्यूज,https://www.vishvasnews.com/viral/fact-check-viral-old-firing-video-falsely-link-to-manipur-violence/,मणिपुर हिंसा
मणिपुर में मौजूदा झड़पों से संबंधित वीडियो,hi,1,Alt News,https://www.altnews.in/hindi/burst-fire-from-machine-gun-gaming-video-viral-as-manipur-violence-scene/,मणिपुर हिंसा
कूकी समुदाय के लोगों ने चूराचंदपुर जिले में एक मैतेई समुदाय की युवती के साथ रेप कर उसकी हत्या कर दी.,hi,1,Boom Live,https://hindi.boomlive.in/fact-check/mathura-suitcase-murder-old-photo-false-manipur-kuki-raped-meitei-woman-claim-fact-check-21877,मणिपुर हिंसा
पी. चिदंबरम का एक वीडियो शेयर करते हुए कहा जा रहा है कि अगर कांग्रेस पार्टी सत्ता में आई तो वो जम्मू-कश्मीर में आर्टिकल 370 दोबारा लागू कर देगी.,hi,1,AajTak,https://www.aajtak.in/fact-check/story/fact-check-congress-has-not-said-that-it-will-re-implement-article-370-in-jammu-and-kashmir-if-it-comes-to-power-ntc-1953695-2024-05-29,कश्मीर अनुच्छेद 370
2 मार्च 1981 को विधानसभा में शेख़ अब्दुल्ला ने धारा 370 को ख़त्म कराने का बिल पेश किया था,hi,1,Newschecker,https://newschecker.in/hi/hindi/sheikh-abdullah-article-370-fact-check,कश्मीर अनुच्छेद 370
"'कश्मीर फाइल्स' के बाद अब कश्मीर पर आधारित ""धारा 370"" नाम की एक और फिल्म आ रही है.",hi,1,Newschecker,https://newschecker.in/hi/fact-check-hi/kashmir-files-article-370-movie,कश्मीर अनुच्छेद 370
ईद की नमाज़ के बाद कश्मीर में अनुच्छेद 340 को लेकर हुआ विरोध प्रदर्शन,hi,1,Alt News,https://www.altnews.in/hindi/youtube-channel-live-tv-shares-old-clip-as-protest-in-srinagar-against-dilution-of-article-370/,कश्मीर अनुच्छेद 370
किसान कश्मीर में धारा 370 और 35A बहाल करवाना चाहते हैं।,hi,1,BOOM,https://hindi.boomlive.in/fake-news/2019-photo-of-protest-against-article-370-linked-to-farmers-march-10924,कश्मीर अनुच्छेद 370
43 चीनी सैनिकों की मौत,hi,1,Alt News,https://www.altnews.in/hindi/india-china-dispute-43-chinese-soldiers-killed-media-outlets-and-journalists-mislead/,भारत चीन सीमा
भारतीय सेना ने भारत-चीन सीमा के पास लगाया सिखों का झंडा निशान साहिब,hi,1,The Quint,https://www.thequint.com/hindi/webqoof/indian-army-sikh-regiment-army-personnel-raising-nishan-sahib-near-indo-china-border-video-fact-check,भारत चीन सीमा
"चीन की सीमा पर तैनात जवानों को रहना पड़ता है भूखा, खाना भी नहीं दे पाती है सरकार",hi,1,Navbharat Times,https://navbharattimes.indiatimes.com/india/claim-against-chinese-army-that-soldiers-are-not-getting-food-is-wrong-know-the-real-thing/articleshow/116799406.cms,भारत चीन सीमा
भारत-चीन सीमा पर भारतीय सेना के जवानों द्वारा सिख झंडा फहराया.,hi,1,Alt News,https://www.altnews.in/hindi/video-of-indian-army-men-installing-sikh-flag-is-from-leh-not-indo-china-border/,भारत चीन सीमा
चीन सीमा पर भारत ने ट्रेन से भेजे युद्धक टैंक,hi,1,Newschecker,https://newschecker.in/hi/hindi/indian-army-is-not-asking-for-a-lot-of-tanks-in-the-goods-train-to-set-the-mind-of-china,भारत चीन सीमा
चीन के बॉर्डर पर भारतीय सेना के जवान भूखे मर रहे हैं.,hi,1,Boom Live,https://hindi.boomlive.in/top-stories/indo-china-border-indian-army-jawan-bad-condition-fact-check-26547,भारत चीन सीमा
फोटो में देखा जा सकता है कि चंद्रयान-3 के रोवर ने चांद पर अशोक स्तंभ और इसरो के लोगो की छवि अंकित कर दी है.,hi,1,AajTak,https://www.aajtak.in/fact-check/story/fact-check-aaj-tak-chandrayaan-3-india-footprint-moon-ntc-1765640-2023-08-25,चंद्रयान इसरो
चंद्रयान-3 से खींची गई धरती तस्वीर।,hi,0,विश्वास न्यूज,https://www.vishvasnews.com/viral/fact-check-an-image-of-earth-taken-by-apollo-mission-8-in-1968-shared-with-chandrayaan-3/,चंद्रयान इसरो
वीडियो में देखा जा सकता है कि कैसे चंद्रयान-3 की सफलता के बाद इसरो चीफ सोमनाथ को आरएसएस कार्यालय में सम्मानित किया गया.,hi,1,AajTak,https://www.aajtak.in/fact-check/story/fact-check-claim-of-isro-chief-visiting-rss-office-after-chandrayaan-3-success-is-misleading-ntc-1766556-2023-08-27,चंद्रयान इसरो
रच दिया इतिहास भारत के वैज्ञानिकों ने जय इसरो। chandrayan 3 की सफल लैंडिंग।,hi,1,विश्वास न्यूज,https://www.vishvasnews.com/world/fact-check-viral-video-is-not-of-chandrayaan-3-landing-but-of-blue-moon-lander-project/,चंद्रयान इसरो
"Chandrayaan 3 : नहीं, चांद पर अशोक स्तंभ की आकृति वाली फोटो ISRO ने जारी नहीं की",hi,1,The Quint,https://www.thequint.com/hindi/webqoof/chandrayaan-3-national-emblem-ashok-stambh-isro-logo-in-moon-surface-by-pragyan-rover-fact-check-fake-news,चंद्रयान इसरो
एलियन ने चंद्रयान-3 के रोवर को तोड़ दिया है।,hi,1,विश्वास न्यूज,https://www.vishvasnews.com/viral/fact-check-chandrayaan-3-lander-and-rover-met-with-alien-on-moon-false-video-news-viral/,चंद्रयान इसरो
चंद्रयान 3 के अंतरिक्षयान ने ली है चांद से धरती की ये तस्वीर,hi,1,The Quint,https://www.thequint.com/hindi/webqoof/chandrayaan-3-video-of-earth-from-moon-captured-by-chandrayan-fake-news-fact-check,चंद्रयान इसरो
यह वीडियो चंद्रयान-3 मिशन के दौरान चांद से लिया गया है।,hi,1,विश्वास न्यूज,https://www.vishvasnews.com/viral/fact-check-chandrayaan-3-landing-fake-video-viral/,चंद्रयान इसरो
चंद्रयान-3 मिशन के दौरान रोवर के टायरों ने चंद्रमा की सतह पर भारत का राष्ट्रीय चिह्न अशोक स्‍तंभ का निशाना बनाया है।,hi,0,विश्वास न्यूज,https://www.vishvasnews.com/viral/fact-check-chandrayaan-3-rover-footprint-image-is-not-original/,चंद्रयान इसरो
इसरो की महिला वैज्ञानिकों की फोटो जिन्होंने चंद्रयान 3 को सफलतापूर्वक लॉन्च किया,hi,1,The Quint,https://www.thequint.com/hindi/webqoof/women-scientist-related-to-chandrayan-3-launch-photo-fact-check,चंद्रयान इसरो
चंद्रयान-3 की सफलतापूर्वक लैंडिंग के बाद RSS दफ्तर पहुंचे इसरो चीफ एस सोमनाथ।,hi,1,विश्वास न्यूज,https://www.vishvasnews.com/society/fact-check-an-old-video-of-isro-chief-s-somnath-is-being-shared-as-recent-with-the-claim-he-visited-the-rss-office-after-chandrayaans-successful-landing/,चंद्रयान इसरो
चांद की सतह पर चंद्रयान-3 मिशन के दौरान रोवर को देवी की मूर्ति मिली है।,hi,1,विश्वास न्यूज,https://www.vishvasnews.com/viral/fact-check-chandrayaan-3-pragyan-rover-video-of-found-godess-statute-on-moon-is-fake/,चंद्रयान इसरो
चंद्रयान-3 ने चांद पर छोड़े अशोक स्तंभ और ISRO के निशान,hi,1,Boom Live,https://hindi.boomlive.in/fact-check/chandrayaan-moon-surface-national-emblem-isro-logo-photo-viral-fact-check-22849,चंद्रयान इसरो
चन्द्रयान 3 की सफलता के बाद इसरो चीफ डांस करते हुए,hi,1,फैक्ट चेक,https://hindi.boomlive.in/fact-check/isro-chief-s-somanath-dance-video-after-chandrayan-3-successful-landing-on-moon-viral-fact-check-22851,चंद्रयान इसरो
Puja Performed Before Chandrayaan 2 Launch,hi,1,BOOM Fact Check,https://www.boomlive.in/religious-ceremony-performed-before-agni-v-test-launch-shared-as-chandrayaan-2,चंद्रयान इसरो
"Climate change will be back next summer guys, for all those that didn’t know climate changes every season",hi,1,विश्वास न्यूज,https://www.vishvasnews.com/viral/fact-check-cnn-fake-report-on-climate-change-goes-viral/,जलवायु परिवर्तन
"पर्यावरण, वन एवं जलवायु परिवर्तन मंत्रालय मिलने के बाद तेजू भईया",hi,0,विश्वास न्यूज,https://www.vishvasnews.com/politics/fact-check-a-month-old-video-of-tej-pratap-yadav-goes-viral-with-misleading-claims/,जलवायु परिवर्तन
अली लारिजानी पर हमले का वीडियो,hi,3,फ़ैक्ट चेक,https://factcheckhindi.afp.com/doc.afp.com.A7UM4CQ,ईरान अमेरिका युद्ध
ईरान में लोगों ने अमेरिकी लड़ाकू विमान के पायलट को पकड़ लिया है।,hi,1,विश्वास न्यूज,https://www.vishvasnews.com/world/fact-check-old-video-falsely-shared-as-us-and-israeli-pilots-arrested-in-iran/,ईरान अमेरिका युद्ध
"ईरान ने पकड़े अमेरिकी सैनिक, जारी किया वीडियो। घुटनों के बल बैठी नजर आई अमेरिकी सेना।",hi,1,विश्वास न्यूज,https://www.vishvasnews.com/world/fact-check-viral-video-of-us-soldiers-being-held-captive-by-iran-turns-out-to-be-ai-generated/,ईरान अमेरिका युद्ध
ईरान के हमले में तबाह हुआ एयरक्राफ्ट कैरियर USS अब्राहम लिंकन।,hi,1,विश्वास न्यूज,https://www.vishvasnews.com/viral/fact-check-iran-missile-attack-video-claim-debunked-uss-abraham-lincoln-footage-is-ai-generated/,ईरान अमेरिका युद्ध
ईरान में पकड़े गए अमेरिकी पायलट का वीडियो।,hi,0,विश्वास न्यूज,https://www.vishvasnews.com/world/fact-check-viral-video-claiming-us-pilot-captured-in-iran-is-from-1991-gulf-war/,ईरान अमेरिका युद्ध
ईरान के मरुस्थल में अमेरिकी एयर क्राफ्ट ध्वस्त।,hi,1,विश्वास न्यूज,https://www.vishvasnews.com/world/fact-check-gaming-clip-viral-as-us-aircraft-crash-in-iran/,ईरान अमेरिका युद्ध
ईरान युद्ध में मारे गए अमेरिकी सैनिकों के शवों की वापसी का वीडियो।,hi,1,Newschecker,https://newschecker.in/hi/fact-check-hi/iran-war-us-soldiers-bodies-fact,ईरान अमेरिका युद्ध
ईरानी हमले में धाराशायी F-35 लड़ाकू विमान।,hi,1,विश्वास न्यूज,https://www.vishvasnews.com/ai-check/fact-check-did-iran-shoot-down-a-us-f-35-know-truth-behind-viral-ai-video/,ईरान अमेरिका युद्ध
यह वीडियो ईरान के मिसाइल हमले के बाद इजरायली एयरपोर्ट पर यात्रियों की निकासी का है.,hi,1,Boom Live,https://hindi.boomlive.in/fact-check/us-israel-iran-war-old-video-from-us-airport-viral-as-evacuation-in-israel-30787,ईरान अमेरिका युद्ध
वायरल वीडियो यूक्रेन के निशाना बनाई गई रूसी तेल रिफाइनरीज का है।,hi,1,विश्वास न्यूज,https://www.vishvasnews.com/world/fact-check-ai-generated-video-viral-with-claim-ukraine-attacked-russian-oil-refinery/,रूस यूक्रेन युद्ध
रूस-यूक्रेन युद्ध में फंसा भारतीय,hi,3,फ़ैक्ट चेक,https://factcheckhindi.afp.com/doc.afp.com.87JB263,रूस यूक्रेन युद्ध
यह वीडियो यूक्रेन के हालिया हमले के बाद रूस द्वारा की गई जवाबी कार्रवाई का है.,hi,2,Newschecker,https://newschecker.in/hi/fact-check-hi/ukrain-russia-war-old-video-viral,रूस यूक्रेन युद्ध
यह यूक्रेन द्वारा रूस पर किए गए हमले का वीडियो है.,hi,1,Newschecker,https://newschecker.in/hi/fact-check-hi/russia-ukraine-arma-3-clip,रूस यूक्रेन युद्ध
ये इजरायली सेना का टैंक है जिसे लेबनान में घुसते ही हिजबुल्लाह ने तबाह कर दिया.,hi,1,AajTak,https://www.aajtak.in/fact-check/story/fact-check-was-an-israeli-tank-destroyed-entered-lebanon-video-is-from-russia-ukraine-war-ntc-rptc-2061708-2024-10-04,रूस यूक्रेन युद्ध
प्रधानमंत्री नरेंद्र मोदी के यूक्रेन दौरे के बीच रुका रूस यूक्रेन युद्ध,hi,1,The Quint,https://www.thequint.com/hindi/webqoof/russia-ukraine-war-stopped-during-narendra-modi-ukraine-visit-viral-claim-fact-check,रूस यूक्रेन युद्ध
वीडियो में देखा जा सकता है कि कैसे फिलिस्तीन के चरमपंथी संगठन हमास के लड़ाकों ने इजरायली फौजियों को मार डाला.,hi,1,AajTak,https://www.aajtak.in/fact-check/story/fact-check-this-video-is-not-of-hamas-attack-on-israeli-army-in-ramadan-but-of-russia-ukraine-war-ntc-1904818-2024-03-23,रूस यूक्रेन युद्ध
नरेंद्र मोदी ने व्लादिमीर पुतिन और वोलोडिमिर ज़ेलेंस्की को फोन करके रूस-यूक्रेन युद्ध रुकवाया और भारतीय बच्चों को बाहर निकाला.,hi,1,Alt News,https://www.altnews.in/hindi/j-p-nadda-falsely-claim-russia-stopped-war-at-pm-modis-phone-call/,रूस यूक्रेन युद्ध
रूस-यूक्रेन के 2022 में विवाद के दौरान झंडा ओढ़े प्रेमी जोड़े की तस्वीर,hi,2,फ़ैक्ट चेक,https://factcheckhindi.afp.com/doc.afp.com.327C67Z,रूस यूक्रेन युद्ध
यूक्रेन-रूस युद्ध के समय परिवार से आखिरी विदाई लेते सैनिक,hi,2,फ़ैक्ट चेक,https://factcheckhindi.afp.com/doc.afp.com.324T89F,रूस यूक्रेन युद्ध
वीडियो में देखा जा सकता है कि कैसे यूक्रेन की एक छोटी-सी बच्ची रूसी सैनिक को मुक्का दिखा रही है और अपने देश से बाहर जाने के लिए कह रही है.,hi,1,AajTak,https://www.aajtak.in/fact-check/story/russia-ukraine-war-fact-check-video-being-presented-linking-current-ntc-1420137-2022-03-01,रूस यूक्रेन युद्ध
रूस-यूक्रेन के बीच चल रही जंग में एक रुसी सैनिक ने एक बच्ची को बचाया.,hi,1,Newschecker,https://newschecker.in/hi/fact-check-hi/video-of-aid-worker-rescuing-girl-is-from-iraq-not-ukraine,रूस यूक्रेन युद्ध
रूस यूक्रेन युद्ध में यूक्रेनी सैनिक ने बचाई बच्ची की जान,hi,1,विश्वास न्यूज,https://www.vishvasnews.com/politics/fact-check-an-old-video-of-american-aid-worker-rescuing-a-girl-during-isis-gunfire-is-being-shared-with-false-claim-in-the-name-of-russia-ukraine-war/,रूस यूक्रेन युद्ध
रूस यूक्रेन सैन्य संघर्ष के बाद का नजारा,hi,0,विश्वास न्यूज,https://www.vishvasnews.com/politics/fact-check-an-old-image-of-ukraine-independence-square-during-clashes-between-anti-government-protesters-and-riot-police-in-kyiv-on-february-2014-is-being-shared-as-recent-russia-ukraine-crisis/,रूस यूक्रेन युद्ध
ये रूस और यूक्रेन के बीच चल रहे युद्ध का वीडियो है।,hi,1,Newschecker,https://newschecker.in/hi/fact-check-hi/nigeria-video-shared-as-russia-and-ukraine,रूस यूक्रेन युद्ध
ये रूस द्वारा यूक्रेन पर किए गए हमले का वीडियो है.,hi,1,AajTak,https://www.aajtak.in/fact-check/story/fact-check-video-of-russia-ukraine-war-being-told-to-animation-ntc-1418011-2022-02-25,रूस यूक्रेन युद्ध
रूस-यूक्रेन के बीच युद्ध का वीडियो,hi,3,फ़ैक्ट चेक,https://factcheckhindi.afp.com/doc.afp.com.324U47T,रूस यूक्रेन युद्ध
यूक्रेन पर रूसी हमले का दृश्य.,hi,1,Alt News,https://www.altnews.in/hindi/video-made-using-cgi-shared-as-russia-ukraine-conflict/,रूस यूक्रेन युद्ध
यूक्रेन से भारतीयों को वापस लाने के भेजे भेजा गया एयर इंडिया का विमान युद्ध क्षेत्र में घुसा.,hi,1,Alt News,https://www.altnews.in/hindi/air-india-flight-in-war-tone-ukraine-no-misinfo-believed-to-be-true/,रूस यूक्रेन युद्ध
यूक्रेन के सिपाही ने चेचेन्या एक बुज़ुर्ग की हत्या कर दी थी.,hi,1,Alt News,https://www.altnews.in/hindi/a-clip-from-a-movie-on-chechan-war-shared-as-ukrainian-army-killed-old-man-and-his-wife/,रूस यूक्रेन युद्ध
वीडियो में देखा जा सकता है कि कैसे एक यूक्रेनियन लड़की रूसी युद्ध टैंकों को इस्तेमाल करना सिखा रही है.,hi,1,AajTak,https://www.aajtak.in/fact-check/story/fact-check-ukrainian-tiktoker-teaching-how-to-use-russian-war-tank-viral-video-fake-news-ntc-1422684-2022-03-05,रूस यूक्रेन युद्ध
यूक्रेन पर भीषण रूसी हमले का वीडियो,hi,1,विश्वास न्यूज,https://www.vishvasnews.com/viral/fact-check-video-of-fuel-tanker-explosion-in-nigeria-is-being-shared-as-russia-ukraine-war/,रूस यूक्रेन युद्ध
रूस ने भारत के कहने पर 6 घंटों के लिए युद्ध रोक दिया ताकि वहां फंसे भारतीय बाहर निकल सकें,hi,1,Alt News,https://www.altnews.in/hindi/mea-denies-russia-stopped-war-for-6-hours-at-indias-behest/,रूस यूक्रेन युद्ध
पुतिन ने भारत को चेतावनी दी और कहा कि यूक्रेन विवाद में दखल देने पर भुगतने होंगे परिणाम,hi,1,Alt News,https://www.altnews.in/hindi/did-putin-warns-india-and-say-not-to-interfare-otherwise-be-ready-to-face-the-consequences/,रूस यूक्रेन युद्ध
रूस किस तरह से यूक्रेन पर कर रहा है हमला देखिए कैसे बरसा रहा है मिसाइल देखिए वीडियो।”,hi,1,Fact Crescendo,https://factcrescendo.com/video-of-serbian-army-exercise-cooperation-2020-linked-to-russia-ukraine-crisis/,रूस यूक्रेन युद्ध
"पुतिन ने भारत को चेतावनी दी है, बीच में घुसने की कोशिश न करे वरना अंजाम भुगतने को तैयार रहे।",hi,1,Boom Live,https://hindi.boomlive.in/fact-check/morphed-photo-claim-putin-warns-india-to-stay-away-from-war-viral-fact-check-17043,रूस यूक्रेन युद्ध
"ईरानी हवाई हमले में इजरायल की ये इमारत मलबे में तब्दील हो गई, जिसे एक शख्स ने कैमरे से रिकॉर्ड कर लिया.",hi,1,AajTak,https://www.aajtak.in/fact-check/story/fact-check-four-year-old-video-devastation-gaza-shared-iran-israel-war-ntc-dskc-2270405-2025-06-23,गाजा इजरायल
गाजा में प्रवेश कर रहे इजरायली टैंकों को हमास ने उड़ाया।,hi,1,विश्वास न्यूज,https://www.vishvasnews.com/viral/fact-check-israeli-tank-destroyed-in-gaza-attack-edited-video-viral-on-social-media/,गाजा इजरायल
गाजा में चल रहे युद्ध में इजरायल ने एक मस्जिद पर बमबारी की।,hi,1,Fact Crescendo,https://www.factcrescendo.com/israel-bombed-a-mosque-in-gaza-claim-wrong-video-seven-years-old/,गाजा इजरायल
इसराइल ने गाजा टावर को ध्वस्त किया।,hi,0,विश्वास न्यूज,https://www.vishvasnews.com/viral/fact-check-israel-palestine-war-old-video-clip-of-a-building-destroyed-by-a-rocket-in-gaza-is-from-the-year-2021/,गाजा इजरायल
राजस्थान के श्री सांवरिया सेठ मंदिर ट्रस्ट ने अयोध्या में राम मंदिर के निर्माण के लिए 50 करोड़ रुपए दान में दिए.,hi,1,AajTak,https://www.aajtak.in/fact-check/story/ram-mandir-inauguration-rajasthan-temple-viral-video-pictures-fact-check-ntc-1862168-2024-01-18,अयोध्या राम मंदिर
"अयोध्या में राम मंदिर के 14 किलोमीटर के दायरे में एससी, एसटी और ओबीसी समुदाय के लोगों का चप्पल पहनकर चलना प्रतिबंधित है.",hi,1,AajTak,https://www.aajtak.in/fact-check/story/fact-check-ayodhya-ram-mandir-backward-dalits-and-tribals-slippers-not-restriction-ntc-1870095-2024-01-31,अयोध्या राम मंदिर
यह तस्वीर अयोध्या में श्री राम जन्मभूमि मंदिर के गर्भगृह में स्थापित होने वाली मूर्ति की है।,hi,0,विश्वास न्यूज,https://www.vishvasnews.com/viral/fact-check-arun-yogiraj-sculptures-image-not-of-ayodhya-ram-mandir/,अयोध्या राम मंदिर
राम मंदिर में मोर ने चढ़ाई माला,hi,1,विश्वास न्यूज,https://www.vishvasnews.com/ai-check/ayodhya-ram-temple-peacock-did-not-offer-garland-viral-video-found-to-be-ai-generated/,अयोध्या राम मंदिर
राम मंदिर की मूर्ति का निर्माण पश्चिम बंगाल के परगना जिले के मोहम्मद जमालुद्दीन और उनके बेटे बिट्टू कर रहे हैं।,hi,0,विश्वास न्यूज,https://www.vishvasnews.com/viral/fact-check-ayodhya-ram-mandir-statue-creation-viral-with-misleading-claims/,अयोध्या राम मंदिर
"ये वीडियो अयोध्या के राम मंदिर का है, जहां तीन लोग मिलकर मंदिर का भव्य दरवाजा खोल रहे हैं.",hi,1,AajTak,https://www.aajtak.in/fact-check/story/fact-check-video-of-boys-opening-grand-door-is-not-from-ayodhya-ram-temple-ntc-1902806-2024-03-20,अयोध्या राम मंदिर
वायरल तस्वीर में देखा जा सकता है कि पुतिन ने पीएम मोदी के साथ अयोध्या स्थित राम मंदिर में राम लला के दर्शन किए.,hi,1,Boom Live,https://hindi.boomlive.in/fact-check/the-image-of-putin-visiting-the-ram-mandir-is-ai-generated-30204,अयोध्या राम मंदिर
वीडियो में देखा जा सकता है कि कैसे अयोध्या के राम मंदिर में श्रद्धालुओं ने भर-भर कर दान दिया.,hi,0,AajTak,https://www.aajtak.in/fact-check/story/fact-check-this-video-is-not-of-money-being-taken-out-from-donation-box-of-ram-mandir-ayodhya-ntc-1866506-2024-01-25,अयोध्या राम मंदिर
"ये वीडियो अयोध्या के राम मंदिर का है, जहां की दान पेटियां रुपयों से भर चुकी हैं.",hi,0,AajTak,https://www.aajtak.in/fact-check/story/fact-check-video-of-donation-box-filled-with-notes-is-not-from-ram-temple-in-ayodhya-ntc-1874536-2024-02-06,अयोध्या राम मंदिर
टीम धुरंधर श्री अयोध्या जी में श्री रामलला सरकार के श्री चरणों में पहुंची।,hi,1,विश्वास न्यूज,https://www.vishvasnews.com/entertainment/dhurandhar-movie-cast-did-not-visit-ayodhya-ram-mandir/,अयोध्या राम मंदिर
एनआरआई वासवी एसोसिएशन यूएसए ने राम मंदिर अयोध्या के लिए 12 स्वर्ण वाहन भेंट किए थे।,hi,0,विश्वास न्यूज,https://www.vishvasnews.com/viral/fact-check-false-viral-claim-american-institute-did-not-donate-12-gold-vehicles-to-ram-temple-ayodhya/,अयोध्या राम मंदिर
अयोध्या में रामलला के मंदिर पर फूलों की माला चढ़ाते मोर का वीडियो।,hi,3,Newschecker,https://newschecker.in/hi/ai-deepfake-hi/ram-mandir-peacock-ai-video,अयोध्या राम मंदिर
"सतविंदर कौर नाम के फेसबुक यूजर ने 14 दिसंबर को वायरल पोस्ट को शेयर किया, जिसमें लिखा था, “राम मंदिर अयोध्या में शूद्रों Obc SC St का प्रवेश निषेध रहेगा: हिन्दू युवा वाहिनी",hi,1,विश्वास न्यूज,https://www.vishvasnews.com/viral/fact-check-this-post-viral-in-the-name-of-hindu-vahini-regarding-entry-into-ayodhya-ram-temple-is-fake/,अयोध्या राम मंदिर
वीडियो में देखा जा सकता है कि कैसे एक महिला ने राम मंदिर की दानपेटी में बेहिसाब नोटों की गड्डियां चढ़ाईं.,hi,0,AajTak,https://www.aajtak.in/fact-check/story/fact-check-ayodhya-ram-mandir-rupee-notes-donate-viral-video-ntc-1874754-2024-02-07,अयोध्या राम मंदिर
वायरल तस्वीर अयोध्या स्थित राम मंदिर की है.,hi,1,Newschecker,https://newschecker.in/hi/fact-check-hi/delhi-akshardham-ayodhya-ram-temple,अयोध्या राम मंदिर
अयोध्या के राम मंदिर पहुंचे फिल्म धुरंधर-2 के कलाकार।,hi,3,Newschecker,https://newschecker.in/hi/ai-deepfake-hi/dhurandhar-2-ram-mandir-ai-photo,अयोध्या राम मंदिर
अयोध्या में राम मंदिर के निर्माण के लिए श्री सांवरिया सेठ मंदिर ट्रस्ट ने 50 करोड़ रुपए दिए हैं।,hi,1,Newschecker,https://newschecker.in/hi/fact-check-hi/fact-check-donation-for-ram-mandir,अयोध्या राम मंदिर
अयोध्या में राम मंदिर उसी जगह नहीं बन रहा जहां बाबरी मस्जिद को धवस्त किया गया था,hi,1,Alt News,https://www.altnews.in/hindi/false-claim-viral-that-construction-of-ram-temple-is-3-km-away-from-babri-masjid/,अयोध्या राम मंदिर
अयोध्‍या के चंद्रहरि मंदिर का महंत कृष्णकांताचार्य दुष्‍कर्म में गिरफ्तार,hi,0,विश्वास न्यूज,https://www.vishvasnews.com/viral/2018-viral-news-share-as-recent-shri-ram-mandir-inauguration-ayodhya/,अयोध्या राम मंदिर
"हिंदू युवा वाहिनी, उत्तर प्रदेश ने एक बयान जारी किया है कि अयोध्या के राम मंदिर में शूद्रों, एससी, एसटी और ओबीसी का आना मना होगा.",hi,1,AajTak,https://www.aajtak.in/fact-check/story/ayodhya-ram-mandir-dalit-entry-ban-viral-fact-check-ntc-1499651-2022-07-14,अयोध्या राम मंदिर
एक तस्वीर जिसके साथ दावा किया जा रहा है कि अयोध्या का राम मंदिर बनने के बाद ऐसा ही दिखेगा.,hi,1,AajTak,https://www.aajtak.in/fact-check/story/fact-check-afwa-social-media-viral-photo-ayodhya-ram-temple-akshardham-mandir-design-1106537-2020-07-31,अयोध्या राम मंदिर
n>अयोध्या में राम मंदिर में होने वाले प्राण प्रतिष्ठा समारोह से जोड़कर जटायु के आगमन के फर्जी दावे के साथ पुराने वीडियो को किया जा रहा है शेयर,hi,3,Press Trust of India - PTI,https://bhasha.ptinews.com/fact-detail/1027594,अयोध्या राम मंदिर
ये अयोध्या में बन रहे भव्य राम मंदिर की पहली तस्वीरें हैं.,hi,1,AajTak,https://www.aajtak.in/fact-check/story/fact-check-these-images-are-not-of-the-under-construction-ram-temple-in-ayodhya-1155036-2020-11-01,अयोध्या राम मंदिर
यह वीडियो अयोध्या स्थित राम मंदिर का है।,hi,1,Newschecker,https://newschecker.in/hi/fact-check-hi/video-of-rm-mandir-themed-pandal-getting-viral,अयोध्या राम मंदिर
भारत यात्रा के दौरान राम मंदिर का दर्शन करते व्लादिमीर पुतिन की तस्वीर।,hi,3,Newschecker,https://newschecker.in/hi/fact-check-hi/ai-deepfake-hi/vladimir-putin-ram-mandir-ai,अयोध्या राम मंदिर
ऐसा बनेगा अयोध्या में प्रभु श्री राम जी का भव्य मंदिर,hi,1,विश्वास न्यूज,https://www.vishvasnews.com/viral/old-image-of-akshardham-temple-viral-name-of-ram-temple-ayodhya/,अयोध्या राम मंदिर
बाबरी मस्जिद वाली जगह से तीन किलोमीटर दूर बन रहा है राम मंदिर.,hi,1,Newschecker,https://newschecker.in/hi/fact-check-hi/ayodhya-ram-temple-babri-mosque,अयोध्या राम मंदिर
राजस्‍थान के पूर्व मुख्‍यमंत्री अशोक गहलोत अयोध्‍या में राम मंदिर प्राण-प्रतिष्‍ठा समारोह में शामिल हुए हैं।,hi,1,विश्वास न्यूज,https://www.vishvasnews.com/politics/fact-check-rajasthan-former-cm-ashok-gehlot-not-attend-ayodhya-ram-mandir-inauguration/,अयोध्या राम मंदिर
अयोध्या राम मंदिर का शाम का नजारा,hi,1,विश्वास न्यूज,https://www.vishvasnews.com/viral/fact-check-video-of-akshardham-temple-in-delhi-goes-viral-in-the-name-of-ram-temple-of-ayodhya/,अयोध्या राम मंदिर
प्रभास ने राम मंदिर को दान किए 50 करोड़ रुपये,hi,1,विश्वास न्यूज,https://www.vishvasnews.com/entertainment/fact-check-actor-prabhas-did-not-donate-rs-50-crore-to-ram-mandir-ayodhya/,अयोध्या राम मंदिर
अयोध्या के राम मंदिर के उद्घाटन के लिए बनाए गए 25 हजार हवन कुंडों का है ये वीडियो,hi,1,The Quint,https://www.thequint.com/hindi/webqoof/ayodhya-ram-mandir-temple-inaugration-25000-hawan-kund-banaras-video-viral-with-false-claim,अयोध्या राम मंदिर
श्रीराम मंदिर अयोध्या के अंदर के दृश्य,hi,1,विश्वास न्यूज,https://www.vishvasnews.com/viral/fact-check-this-video-is-not-of-ram-temple-in-ayodhya-but-of-ramayana-center-in-nagpur/,अयोध्या राम मंदिर
सांवरिया सेठ मंदिर मंडफिया ट्रस्ट ने राम मंदिर निर्माण के लिए 50 करोड़ रुपये दिए हैं।,hi,1,विश्वास न्यूज,https://www.vishvasnews.com/viral/fact-check-shri-sanwariya-seth-temple-not-give-donation-of-50-crore-rupees-to-ram-mandir/,अयोध्या राम मंदिर
उद्घाटन होने वाले राम मंदिर का दृश्य है।,hi,1,Fact Crescendo,https://factcrescendo.com/video-of-kolkatas-durga-puja-pandal-goes-viral-as-ayodhya-ram-temple/,अयोध्या राम मंदिर
अयोध्या में बनने जा रहे राम मंदिर के डिजाइन की तस्वीर.,hi,1,AajTak,https://www.aajtak.in/fact-check/story/fact-check-ram-mandir-design-ayodhya-iskcon-temple-west-bengal-1104073-2020-07-26,अयोध्या राम मंदिर
राम मंदिर का वायरल वीडियो।,hi,0,विश्वास न्यूज,https://www.vishvasnews.com/viral/fact-check-viral-video-shows-deity-from-vasavi-temple-not-ram-mandir-ayodhya/,अयोध्या राम मंदिर
श्री राम जन्मभूमि अयोध्या का वीडियो,hi,1,विश्वास न्यूज,https://www.vishvasnews.com/viral/fact-check-video-of-shri-sammed-shikhar-ji-in-jharkhand-goes-viral-in-the-name-of-ram-temple-of-ayodhya/,अयोध्या राम मंदिर
"राम-मंदिर, सानिया मिर्जा, सांप्रदायिक झड़प से जुड़े भ्रामक दावों का सच",hi,1,The Quint,https://www.thequint.com/hindi/webqoof/ram-mandir-sania-mirza-rahul-gandhi-himanta-biswa-sarma-ayodhya-viral-video-fake-news-weekend-recap,अयोध्या राम मंदिर
तस्वीर में दिख रहा मुस्लिम कलाकार अयोध्या में बन रहे राम मंदिर के लिए मूर्ति बना रहा है.,hi,1,फैक्ट चेक - Boom Live,https://hindi.boomlive.in/fact-check/muslim-sculptor-lord-ram-idol-ayodhya-ram-mandir-temple-claim-photo-fact-check-23903,अयोध्या राम मंदिर
1 जनवरी 2023 को राम मंदिर का उद्घाटन होगा,hi,1,विश्वास न्यूज,https://www.vishvasnews.com/viral/fact-check-ram-temple-will-not-be-inaugurated-on-january-1-2023-viral-claim-is-false-2/,अयोध्या राम मंदिर
अयोध्या में राम मंदिर के अंदर का वीडियो,hi,1,The Quint,https://www.thequint.com/hindi/webqoof/nagpur-video-shared-as-ayodhya-ram-mandir-interior-fake-news-fact-check,अयोध्या राम मंदिर
is the viral photo is proposed design of ram temple?,hi,1,The Quint,https://www.thequint.com/hindi/webqoof/rendition-of-mayapur-iskcon-temple-viral-on-social-media-as-proposed-ram-mandir-in-ayodhya,अयोध्या राम मंदिर
बाबरी मस्जिद से 3 किलोमीटर दूर बन रहा है अयोध्या का राम मंदिर,hi,1,The Quint,https://www.thequint.com/hindi/webqoof/ram-temple-in-ayodhya-is-3-kilometer-far-from-babri-mosque-fact-check-fake-news,अयोध्या राम मंदिर
अयोध्या में श्री राम मंदिर की प्राण प्रतिष्ठा एवं उद्घाटन के लिए इन 25000 कुंडों में होगा हवन!,hi,0,विश्वास न्यूज,https://www.vishvasnews.com/viral/fact-check-viral-havan-kunds-video-not-from-shri-ram-mandir-ayodhya/,अयोध्या राम मंदिर
राम मंदिर के 3डी एनिमेश का वीडियो,hi,0,विश्वास न्यूज,https://www.vishvasnews.com/society/fact-check-3d-image-of-shree-ram-temple-ayodhya-shares-on-social-media/,अयोध्या राम मंदिर
अयोध्या राम मंदिर उद्घाटन से पहले अयोध्या जाते जटायू का है ये वीडियो,hi,1,The Quint,https://www.thequint.com/hindi/webqoof/ram-mandir-inaugration-jatayu-viral-video-fact-check,अयोध्या राम मंदिर
राम मंदिर का वीडियो,hi,1,Alt News,https://www.altnews.in/hindi/video-of-chuli-jain-temple-in-gujarat-shared-as-ram-mandir-in-ayodhya/,अयोध्या राम मंदिर
ड्रोन शो का यह वीडियो अयोध्या में 22 जनवरी 2024 को होने वाले हिंदू देवता राम की 'प्राण प्रतिष्ठा कार्यक्रम' की पूर्व संध्या का है.,hi,1,फैक्ट चेक,https://hindi.boomlive.in/fact-check/lord-ram-ayodhya-ram-mandir-drone-show-animated-video-fact-check-24178,अयोध्या राम मंदिर
राम मंदिर अयोध्या मैं शूद्रों Obc SC St का प्रवेश निषेध रहेगा!,hi,1,vishvasnews.com,https://www.vishvasnews.com/politics/fact-check-this-viral-news-about-the-entry-in-ayodhya-ram-temple-is-fake/,अयोध्या राम मंदिर
"Arrangements for visitors to Ayodhya - two rows of open Indian toilets, directly splashing their contents into an open deep trench latrine…",hi,1,विश्वास न्यूज,https://www.vishvasnews.com/viral/varanasi-swarved-mahamandir-dham-sanitation-arrangement-video-share-as-ayodhya-ram-mandir/,अयोध्या राम मंदिर
वीडियो में अयोध्या में बन रहे राम मंदिर के अंदर का दृश्य देखा जा सकता है.,hi,1,AajTak,https://www.aajtak.in/fact-check/story/fact-check-nagpur-cultural-centre-ayodhya-ram-mandir-viral-video-ntc-1782151-2023-09-19,अयोध्या राम मंदिर
अयोध्या में राम मंदिर निर्माण के लिए हो रही खुदाई के दौरान मिला प्राचीन पत्र,hi,1,विश्वास न्यूज,https://www.vishvasnews.com/politics/fact-check-this-video-is-not-related-to-ayodhya-ram-mandirs-construction/,अयोध्या राम मंदिर
अयोध्या के निर्माणाधीन राम मंदिर में SC/ST/OBC के लोगों को प्रवेश नहीं मिलेगा.,hi,1,Newschecker,https://newschecker.in/hi/fact-check-hi/ram-mandir-ayodhya-sc-st-obc,अयोध्या राम मंदिर
उन्होंने अयोध्या में बन रहे राम मंदिर के निर्माण के लिए 18 करोड़ रूपये दान दिए हैं।,hi,1,Newschecker,https://newschecker.in/hi/hindi/does-ajay-devgan-donated-crores-of-rupees-for-ram-mandir-construction,अयोध्या राम मंदिर
प्लेन से उतरते हुए दिखाई दे रहे दूसरे देशों के प्रमुख नेताओं का यह वीडियो 22 जनवरी 2024 को राम मंदिर की प्राण प्रतिष्ठा कार्यक्रम में आए मुख्य अतिथियों का है.,hi,1,Boom Live,https://hindi.boomlive.in/fact-check/foreign-leaders-coming-india-g20-summit-ram-mandir-ayodhya-guest-video-fact-check-24222,अयोध्या राम मंदिर
"राम मंदिर, अयोध्या के भूमिपूजन के लिए पंडाल की सजावट",hi,1,Alt News,https://www.altnews.in/hindi/old-video-of-hyderabad-temple-viral-as-pandal-decorated-for-ram-mandir-bhumi-pujan/,अयोध्या राम मंदिर
राम मंदिर पर बनी कलाकृतियों का है ये वीडियो,hi,1,The Quint,https://www.thequint.com/hindi/webqoof/jain-mandir-of-jharkhand-visuals-shared-as-ayodhya-ram-mandir-fact-check,अयोध्या राम मंदिर
राम मंदिर की प्राण प्रतिष्ठा कार्यक्रम में निमंत्रण न मिलने पर सलमान खान ने दी प्रतिक्रिया।,hi,1,विश्वास न्यूज,https://www.vishvasnews.com/entertainment/fact-check-salman-khan-did-not-react-on-ayodhya-ram-mandir-pran-pratishtha/,अयोध्या राम मंदिर
राम मंदिर निर्माण के लिए अक्षय कुमार ने दिए 10 करोड़ रुपये,hi,1,विश्वास न्यूज,https://www.vishvasnews.com/politics/fact-check-no-akshay-kumar-has-not-donated-10-crore-rupees-for-ram-mandir-cnstruction/,अयोध्या राम मंदिर
अयोध्या में राम मंदिर समारोह के दौरान एक दलित लड़के को फेंकने पर आयोजकों ने पीट दिया.,hi,1,AajTak,https://www.aajtak.in/fact-check/story/fact-check-video-of-beating-school-child-faridabad-goes-viral-linking-ayodhya-ram-temple-ntc-1848170-2023-12-28,अयोध्या राम मंदिर
यह वीडियो अयोध्या में राम मंदिर के भूमि पूजन की तैयारी दिखाता है,hi,1,Boom Live,https://hindi.boomlive.in/fake-news/video-from-hyderabad-temple-viral-with-ram-mandir-bhumi-pujan-twist-9178,अयोध्या राम मंदिर
अयोध्या में बनने वाली राम मंदिर निर्माण की पहली तस्वीर,hi,1,विश्वास न्यूज,https://www.vishvasnews.com/viral/fact-check-images-of-kashi-vishwanath-mandir-corridor-in-varansi-is-being-shared-in-the-name-of-ram-mandir-construction-in-ayodhya/,अयोध्या राम मंदिर
अयोध्या में राम मंदिर का निर्माण शुरू होने से पहले भूमि पूजन के लिए यह पंडाल/मंडप बनवाया गया है।,hi,2,Newschecker,https://newschecker.in/hi/fact-check-hi/video-of-hyderabad-situated-temple-is-claimed-on-social-media-as-ram-mandir-bhumi-pujan-mandap,अयोध्या राम मंदिर
राम मंदिर में रेप,hi,0,विश्वास न्यूज,https://www.vishvasnews.com/society/fact-check-gang-rape-did-not-happen-in-ayodhyas-ram-temple-false-claim-goes-viral/,अयोध्या राम मंदिर
राम मंदिर का निर्माण बाबरी मस्जिद वाली जगह से तीन किलोमीटर दूर हुआ है.,hi,1,AajTak,https://www.aajtak.in/fact-check/story/fact-check-ram-temple-is-built-at-the-same-place-where-ramlala-was-seated-the-talk-of-it-being-three-kilometers-away-from-babri-is-baseless-ntc-1860632-2024-01-16,अयोध्या राम मंदिर
लाइटिंग का काम पूरा होने के बाद अयोध्या का राम मंदिर कुछ ऐसा दिखाई देता है.,hi,1,AajTak,https://www.aajtak.in/fact-check/story/fact-check-video-of-kolkata-durga-puja-pandal-is-being-shared-as-ram-temple-of-ayodhya-ntc-1841046-2023-12-18,अयोध्या राम मंदिर
राममंदिर का वीडियो,hi,1,विश्वास न्यूज,https://www.vishvasnews.com/viral/viral-video-of-man-withdrawing-money-from-donation-box-is-not-from-ram-temple/,अयोध्या राम मंदिर
"वीडियो में दिख रहा मंदिर, राम मंदिर है",hi,1,Boom Live,https://hindi.boomlive.in/fact-check/video-of-jharkhands-sammed-shikhar-temple-ram-temple-ayodhya-jharkhand-viaral-video-fact-check-fake-news-24290,अयोध्या राम मंदिर
यूपी के मुख्यमंत्री योगी आदित्यनाथ ने घोषणा की है कि बंगाल में 'बाबरी मस्जिद' की जगह राम मंदिर बनाया जाएगा।,hi,1,विश्वास न्यूज,https://www.vishvasnews.com/politics/fact-check-yogi-adityanath-fake-statement-viral-on-west-benal-babri-masjid/,अयोध्या राम मंदिर
प्रधानमंत्री नरेंद्र मोदी के फैसले पर 500 रूपये के बैंकनोट पर लाल किले की तस्वीर हटाकर राम मंदिर की तस्वीर लगाई जाएगी.,hi,1,Boom Live,https://hindi.boomlive.in/fact-check/500-rupees-bank-note-edited-picture-of-ram-temple-instead-of-red-fort-fake-claim-fact-check-24090,अयोध्या राम मंदिर
"श्री राम मंदिर निर्माण की सूचना मिली तो इस सबरी ने अपने राम के मंदिर को 51,10,025/- रुपये समर्पित कर दिए।",hi,0,विश्वास न्यूज,https://www.vishvasnews.com/viral/false-post-went-viral-in-the-name-of-donating-for-ram-temple-ayodhya/,अयोध्या राम मंदिर
शाहरुख खान अयोध्‍या गए,hi,1,विश्वास न्यूज,https://www.vishvasnews.com/entertainment/shah-rukh-khan-not-at-ram-temple-consecration-viral-claim-debunked/,अयोध्या राम मंदिर
पीएम मोदी राम मंदिर बनाने वाले श्रमिकों के साथ भोजन ग्रहण कर रहे.,hi,1,Boom Live,https://hindi.boomlive.in/fact-check/pm-modi-photo-with-kashi-vishwanath-corridor-dham-workers-ram-temple-ayodhya-fact-check-23883,अयोध्या राम मंदिर
अयोध्या में राम मंदिर के उद्घाटन में आने वाले श्रद्धालुओं के लिए खुले शौचालय की व्यवस्था की गई.,hi,1,Alt News,https://www.altnews.in/hindi/video-of-varanasi-temporary-toilet-shared-as-ayodhaya-ram-temple-fact-check/,अयोध्या राम मंदिर
"दावा किया जा रहा है कि जहां बाबरी मस्जिद ढहाई गई, वहां राम मंदिर का निर्माण नहीं हो रहा है.",hi,1,The Lallantop,https://www.thelallantop.com/factcheck/video/lallantop-padtaal-ram-mandir-being-built-a-few-kms-away-from-where-babri-mosque-once-stood,अयोध्या राम मंदिर
छत्रपति शिवाजी की जयंती के मौके पर राम मंदिर में आयोजित किया गया कार्यक्रम।,hi,1,विश्वास न्यूज,https://www.vishvasnews.com/viral/fact-check-viral-drums-playing-video-is-not-from-chhatrapati-shivaji-jayanti-but-ram-mandir-ayodhya/,अयोध्या राम मंदिर
राममंदिर के दानपेटी में रूपए डालती महिलाओं का वीडियो,hi,1,विश्वास न्यूज,https://www.vishvasnews.com/politics/unrelated-video-goes-viral-in-the-name-of-offering-in-ram-mandir-ayodhya/,अयोध्या राम मंदिर
राम मंदिर स्थापित होने की खुशी में प्रधानमंत्री नरेंद्र मोदी और सीएम योगी पूरे भारत को 3 महीने का फ्री रिचार्ज दे रहे हैं।,hi,1,विश्वास न्यूज,https://www.vishvasnews.com/scam/fact-check-fake-link-of-giving-free-recharge-in-the-name-of-ram-temple-goes-viral/,अयोध्या राम मंदिर
'राम मंदिर तोड़ेंगे' का नारा लगाती मुस्लिम महिलाओं का यह वीडियो हाल का है.,hi,2,Boom Live,https://hindi.boomlive.in/fact-check/video-of-women-raising-slogans-of-demolishing-ram-mandir-old-video-fact-check-24616,अयोध्या राम मंदिर
प्राण-प्रतिष्ठा के लिए अयोध्या के राम-मंदिर पहुंचे विराट कोहली और अनुष्का शर्मा,hi,1,The Quint,https://www.thequint.com/hindi/webqoof/virat-kohli-anushka-sharma-did-not-go-to-ram-temple-for-consecration-old-photos-viral-false-claim,अयोध्या राम मंदिर
अयोध्या के प्रभु श्रीराम मंदिर में प्रत्येक दिन दंडवत करने आता है एक वानर,hi,0,Navbharat Times,https://navbharattimes.indiatimes.com/india/the-monkey-visits-buddheshwar-mahadev-temple-in-lucknow-and-not-ayodhyas-ram-temple/articleshow/116670469.cms,अयोध्या राम मंदिर
टाइम्स स्क्वायर बिलबोर्ड पर लगी हिंदू देवता राम की तस्वी,hi,1,Alt News,https://www.altnews.in/hindi/photo-of-hindu-deity-ram-on-new-yorks-times-square-billboards-is-manufactured/,अयोध्या राम मंदिर
राम मंदिर के 14 किमी के दायरे में नंगे पैर रहेंगे वंचित समुदाय के लोग,hi,1,विश्वास न्यूज,https://www.vishvasnews.com/politics/no-ban-for-sc-st-obc-on-slippers-around-ram-temple-ayodhya-area-viral-message-debunked/,अयोध्या राम मंदिर
अयोध्या के राम मंदिर में हिंदु देवता राम की तस्वीर क्लिक करके हुए कैमरामैन भी भावुक होकर रो पड़ा,hi,1,Boom Live,https://hindi.boomlive.in/fact-check/photographer-crying-seeing-idol-lord-ram-ayodhya-old-image-fact-check-24196,अयोध्या राम मंदिर
वायरल वीडियो में अयोध्या में राम मंदिर के उद्घाटन के लिए प्रसाद बनाया जा रहा है.,hi,2,Boom Live,https://hindi.boomlive.in/fact-check/video-of-the-process-of-making-prasad-of-mahavir-temple-patna-ram-temple-ayodhya-viral-video-fake-news-fact-check-24153,अयोध्या राम मंदिर
"दैनिक भास्कर की रिपोर्ट के मुताबिक, रेड चिलीज एंटरटेनमेंट ने कहा है कि शाहरुख खान अयोध्या में राम मंदिर निर्माण के लिए 5 करोड़ रुपये दान करेंगे.",hi,1,AajTak,https://www.aajtak.in/fact-check/story/fact-check-viral-image-shahrukh-khan-not-giving-5-crore-for-ram-mandir-construction-1108933-2020-08-05,अयोध्या राम मंदिर
अयोध्या में सिखों ने गाए राम भजन,hi,1,Boom Live,https://hindi.boomlive.in/fact-check/sikhs-singing-ram-bhajan-in-ayodhya-ram-mandir-video-viral-fact-check-24207,अयोध्या राम मंदिर
अयोध्या में हेलीकॉप्टर दुर्घटना,hi,1,विश्वास न्यूज,https://www.vishvasnews.com/viral/fact-check-helicopter-crash-video-in-new-zealand-incorrectly-circulated-as-ram-temple-incident/,अयोध्या राम मंदिर
फोटो में दिख रही ये तीन मंजिला बस पूरी तरह एयर कंडीशन्ड है और जल्द अयोध्या में दर्शनार्थियों के लिए चलाई जाएगी.,hi,1,AajTak,https://www.aajtak.in/fact-check/story/fact-check-three-storey-bus-is-not-being-run-for-the-devotees-of-ram-temple-this-picture-is-amazing-of-ai-ntc-1724901-2023-06-28,अयोध्या राम मंदिर
राम मंदिर में मूर्ति के प्राण प्रतिष्ठा समारोह के लिए विश्व नेताओं का वायरल वीडियो,hi,1,The Quint,https://www.thequint.com/hindi/webqoof/ram-mandir-inauguration-global-leaders-did-not-come-to-india-for-ram-temple-video-misleading,अयोध्या राम मंदिर
वीडियो में देखा जा सकता है कि ये शख्स किस तरह राम मंदिर प्राण प्रतिष्ठा में शामिल होने के लिए हाथों के बल चलकर जा रहा है.,hi,1,AajTak,https://www.aajtak.in/fact-check/story/fact-check-man-walking-on-hands-is-not-going-to-ayodhya-ram-temple-ntc-1865183-2024-01-23,अयोध्या राम मंदिर
रम जी की प्राण प्रतिष्ठा के बीच अयोध्या में जटायु देखे गए,hi,1,Alt News,https://www.altnews.in/hindi/jatayu-in-ayodhya-viral-video-of-vultures-at-least-3-year-old-not-linked-to-ram-mandir/,अयोध्या राम मंदिर
अयोध्या में राम मंदिर आने वालों के लिए खुले शौचालय की व्यवस्था की गयी है,hi,1,Boom Live,https://hindi.boomlive.in/fact-check/video-of-temporary-open-toilets-from-ayodhya-ram-mandir-viral-video-fact-check-24047,अयोध्या राम मंदिर
वीडियो में देखा जा सकता है कि कैसे अयोध्या के राम मंदिर में प्राण प्रतिष्ठा से ठीक पहले भालू का झुंड आ गया.,hi,1,AajTak,https://www.aajtak.in/fact-check/story/fact-check-this-army-of-jamwant-did-not-gather-to-visit-ram-temple-in-ayodhya-ntc-1857361-2024-01-11,अयोध्या राम मंदिर
मंदिर में दान पेटी से रुपये निकालने का यह वीडियो अयोध्या के राम मंदिर का है.,hi,1,Boom Live,https://hindi.boomlive.in/fact-check/kerala-temple-taking-out-money-donation-box-ayodhya-ram-temple-fact-check-24307,अयोध्या राम मंदिर
राम मंदिर प्राण प्रतिष्ठा से पहले भारतीय नौ सेना ने पानी के अंदर लहराया भगवा झंडा,hi,1,Alt News,https://www.altnews.in/hindi/scuba-divers-underwater-stunt-with-saffron-flag-falsely-viral-as-indian-navy-celebrating-ram-mandir-consecration/,अयोध्या राम मंदिर
जटायु का झुंड पहुंचा अयोध्या,hi,0,विश्वास न्यूज,https://www.vishvasnews.com/viral/fact-check-viral-video-of-a-flock-of-vultures-falsely-linking-to-ram-temple-ayodhya-jatayu/,अयोध्या राम मंदिर
"राम मंदिर के प्रसाद की नहीं होगी होम डिलीवरी, भ्रामक है दावा",hi,1,The Quint,https://www.thequint.com/hindi/webqoof/ram-mandir-prasad-online-home-delivery-order-false-claim-fake-news-amazon-bihari-brother-ayodhya,अयोध्या राम मंदिर
मोदी सरकार ने 500 रुपए के नोट पर लाल किला हटाकर अयोध्या के राम मंदिर की फोटो लगाने का फैसला किया है.,hi,1,AajTak,https://www.aajtak.in/fact-check/story/fact-check-modi-government-did-not-take-the-decision-to-print-the-photo-of-ram-temple-on-rupees-500-note-ntc-1857125-2024-01-11,अयोध्या राम मंदिर
ये अयोध्या के राम मंदिर के वीडियो हैं.,hi,1,AajTak,https://www.aajtak.in/fact-check/story/photos-of-jain-temple-in-gujarat-are-viral-as-ram-temple-being-built-in-ayodhya-fact-check-ntc-1560792-2022-10-21,अयोध्या राम मंदिर
अमेरिकी राष्ट्रपति ट्रंप ने दिल्ली में बढ़ते प्रदूषण को लेकर पीएम मोदी पर तंज किया.,hi,1,Newschecker,https://newschecker.in/hi/fact-check-hi/usa-president-trump-delhi-aqi,दिल्ली प्रदूषण
रेखा गुप्‍ता को लेकर न्‍यूज 18 हिंदी की पोस्‍ट,hi,1,विश्वास न्यूज,https://www.vishvasnews.com/politics/fake-post-on-delhi-cm-rekha-gupta-goes-viral-amidst-ncr-air-pollution-crisis/,दिल्ली प्रदूषण
दिल्ली में दिवाली के बाद प्रदूषण को खत्म करने के लिए कृत्रिम वर्षा कराई गई है।,hi,1,विश्वास न्यूज,https://www.vishvasnews.com/society/fact-check-delhi-has-yet-to-use-artificial-rain-as-pollution-rises-after-diwali/,दिल्ली प्रदूषण
"n>दिल्ली के सरकारी ऑफिसों में 50 पर्सेंट वर्क फ्रॉम होम अनिवार्य करने का फर्जी दावा, कैबिनेट मंत्री कपिल मिश्र के दिसंबर 2025 के एक वीडियो को सोशल मीडिया पर अब हालिया बताकर भ्रामक दावा किया गया शेयर",hi,3,Press Trust of India - PTI,https://bhasha.ptinews.com/fact-detail/3511890,दिल्ली प्रदूषण
दिल्ली में बढ़ते प्रदूषण को लेकर सरकार के खिलाफ सड़क पर उतरे भाजपा नेता शहजाद पूनावाला का वीडियो.,hi,2,Newschecker,https://newschecker.in/hi/fact-check-hi/shehzad-poonawalla-protests-against-government-over-delhi-pollution,दिल्ली प्रदूषण
पिछले तीन साल में दिल्ली में पहली बार एक्यूआई 85 पर पहुंचा है।,hi,0,विश्वास न्यूज,https://www.vishvasnews.com/politics/fact-check-delhi-aqi-misinformation-spreads-85-claim-debunked/,दिल्ली प्रदूषण
एस जयशंकर ने कहा कि भारत रूस से तेल खरीदता रहेगा और भारत की अर्थव्यवस्था व्हाइट हाउस से नहीं चलेगी।,hi,1,विश्वास न्यूज,https://www.vishvasnews.com/world/fact-check-foreign-s-jaishankar-us-warning-on-india-economy-is-fake-no-interference-statement/,भारत अर्थव्यवस्था
भारत चौथी सबसे बड़ी अर्थव्यवस्था,hi,1,Alt News,https://www.altnews.in/hindi/india-is-not-the-fourth-largest-or-a-4-trillion-economy-yet-niti-aayog-ceos-claim-citing-imf-data-misleading/,भारत अर्थव्यवस्था
रघुराम राजन ने कहा भारतीय अर्थव्यवस्था श्रीलंका की तरह गिर रही है,hi,1,The Quint,https://www.thequint.com/hindi/webqoof/raghuram-rajan-fake-statement-india-economy-sipping-like-sri-lanka-fact-check-rbi,भारत अर्थव्यवस्था
नीति आयोग के उपाध्यक्ष बोले 70 सालों में भारत की अर्थव्यवस्था सबसे खराब दौर में,hi,0,विश्वास न्यूज,https://www.vishvasnews.com/viral/fact-check-a-2019-statement-of-former-niti-aayog-vice-chairman-about-the-unprecedented-situation-in-70-years-is-being-shared-as-recent-with-a-misleading-claim/,भारत अर्थव्यवस्था
मोदी सरकार में लग रही GST दरें यूपीए सरकार के टैक्स से काफी कम हैं,hi,1,The Quint,https://www.thequint.com/hindi/webqoof/gst-rates-of-modi-government-less-than-upa-congress-manmohan-government-fact-check,जीएसटी टैक्स
100 रुपये की कमाई पर इनकम टैक्स और जीएसटी से 51 रुपये टैक्स ले लेती है सरकार,hi,1,Navbharat Times,https://navbharattimes.indiatimes.com/india/the-claim-of-taking-rs-51-as-tax-on-earning-rs-100-is-wrong-there-is-fraud-in-the-gst-calculation/articleshow/116806517.cms,जीएसटी टैक्स
18% GST on Crematorium Services यानी श्मशान सर्विस पर 18% gst,hi,1,विश्वास न्यूज,https://www.vishvasnews.com/viral/fact-check-claim-of-18-gst-on-funerals-is-misleading/,जीएसटी टैक्स
"ट्रैक्टर पर 28%, खेत की दबाईयों पर 18% बीजों पर 12% और कृषि यंत्रों पर 28% जीएसटी वसूलती है सरकार।",hi,0,विश्वास न्यूज,https://www.vishvasnews.com/viral/fact-check-no-gst-on-seeds-misleading-rate-of-goods-and-services-tax-for-tractors-and-other-farm-equipment-is-being-shared-on-social-media/,जीएसटी टैक्स
श्मशान में अंतिम संस्कार करने पर भी 18% जीएसटी (GST) लग रही है,hi,1,The Quint,https://www.thequint.com/hindi/webqoof/gst-hike-tax-on-crematorium-shamshan-funeral-government-fact-check-fake-news,जीएसटी टैक्स
केवल हिंदू मंदिरों को देना पड़ता है टैक्स,hi,1,विश्वास न्यूज,https://www.vishvasnews.com/politics/fact-check-post-claiming-only-hindu-temple-trusts-have-to-pay-the-gst-while-the-churches-mosques-are-exempted-from-the-tax-ambit-is-completely-fake-and-absurd/,जीएसटी टैक्स
स्कूल की किताबों पर टैक्स लगाने वाला पहला देश बना भारत,hi,1,विश्वास न्यूज,https://www.vishvasnews.com/politics/quick-fact-check-post-claiming-taxation-on-school-books-is-fake-school-books-are-gst-exempted/,जीएसटी टैक्स
स्कूली किताबों पर टैक्स लगाने वाला पहला देश बना भारत,hi,1,विश्वास न्यूज,https://www.vishvasnews.com/politics/fact-check-social-media-post-claiming-taxation-on-school-books-is-fake-school-books-are-gst-exempted/,जीएसटी टैक्स
25 मार्च से 1100 रुपये में मिलने वाला सिलेंडर अब 575 रुपये में मिलेगा।,hi,1,विश्वास न्यूज,https://www.vishvasnews.com/viral/fact-check-newspaper-cutting-going-viral-on-social-media-regarding-cooking-gas-prices-is-edited/,उज्ज्वला योजना एलपीजी
করোনার টিকার বদলে সাড়ে ৮ হাজার ব্যক্তিকে স্যালাইন পুশ করেছেন সেবিকা,bn,2,Rumor Scanner,https://rumorscanner.com/fact-check/incident-of-injecting-saline-instead-of-corona-vaccines-misleadingly-shared-in-bangladesh/5052,করোনা ভ্যাকসিন
ভিডিওটি মালদার কালিয়াচকের মোথাবাড়ি এলাকার যেখানে কেন্দ্রীয় বাহিনী অভিযান চালিয়ে অভিযুক্তদের গ্রেফতার করছে।,bn,1,Aaj Tak Bangla,https://bangla.aajtak.in/fact-check/story/bangladesh-election-video-falsely-shared-as-central-forces-action-in-west-bengals-malda-1370403-2026-04-04,বাংলাদেশ নির্বাচন
"ছবিতে দেখা যাচ্ছে, ১৩তম সংসদ নির্বাচনের ঠিক প্রাক মুহূর্তে এক ট্রাক ভারতীয় অস্ত্র-সহ ঢাকা-৮ আসনের বিএনপি প্রার্থী মির্জা আব্বাসকে গ্রেফতার করেছে বাংলাদেশ সেনাবাহিনী।",bn,1,Aaj Tak Bangla,https://bangla.aajtak.in/fact-check/story/india-today-fact-check-no-bnp-leader-mirza-abbas-was-not-arrested-with-indian-weapons-1344670-2026-02-11,বাংলাদেশ নির্বাচন
বাংলাদেশে নির্বাচন সুষ্ঠ হয়নি ভোট কারচুপি হয়েছে; বাংলাদেশ নিয়ে জাতিসংঘের কড়া বার্তা!,bn,1,Rumor Scanner,https://rumorscanner.com/fact-check/united-nations-comment-elections-not-free-or-fair-claim/194342,বাংলাদেশ নির্বাচন
বাংলাদেশের আসন্ন নির্বাচনে ভারত বিএনপি-র ভারপ্রাপ্ত চেয়ারম্যান তারেক রহমানকে সমর্থন করবে বলে জানিয়েছে।,bn,1,Aaj Tak Bangla,https://bangla.aajtak.in/fact-check/story/india-today-fact-check-indian-foreign-ministry-did-not-take-side-of-bnp-in-question-of-bangladeshs-upcoming-elections-1325340-2026-01-02,বাংলাদেশ নির্বাচন
নৌকা ছিলো আছে থাকবে,bn,3,Rumor Scanner,https://rumorscanner.com/fact-check/police-officer-supports-awami-league-ai-video/192675,বাংলাদেশ নির্বাচন
"Claim Review: বাংলাদেশের জাতীয় নির্বাচন নিয়ে যুক্তরাজ্য ভিত্তিক আন্তর্জাতিক নির্বাচনী জরিপ প্রতিষ্ঠান International Elections Survey Center ছয় মাস যাবত বাংলাদেশ নিয়ে জরিপ পরিচালনা করছেন। প্রতিষ্ঠানটি ৩১৩৩৮ জরিপ পরিচালনা কর্মী দিয়ে সরাসরি বাংলাদেশের বিভিন্ন প্রান্তে জরিপ কার্যক্রম পরিচালনা করেন। জরিপে এই পর্যন্ত বাংলাদেশের ২৭৩২১০৬ জন অংশগ্রহণ করেন। উক্ত জরিপে প্রধানমন্ত্রী হওয়ার সম্ভাবনা কার বেশি এমন প্রশ্নের জবাবে আওয়ামী লীগের শেখ হাসিনার নাম বলেন ৫৯.৮২ শতাংশ, বিএনপির তারেক রহমানের নাম বলেন ২৪.৩৮ শতাংশ, জাতীয় পার্টির জিএম কাদেরের নাম বলেন ১০.১১ শতাংশ, জামায়াতের শফিকুর রহমানের নাম বলেন ৫.৬৭ শতাংশ, এনসিপির নাহিদ ইসলামের নাম বলেন ০.০২ শতাংশ।",bn,1,Rumor Scanner,https://rumorscanner.com/fact-check/international-election-survey-center-survey-fake/181255,বাংলাদেশ নির্বাচন
বাংলাদেশের দ্বাদশ জাতীয় সংসদ নির্বাচন নিয়ে নিউইয়র্ক টাইমসে প্রতিবেদন,bn,1,Rumor Scanner,https://rumorscanner.com/fact-check/fake-information-about-bangladesh-election-the-new-york-times/85658,বাংলাদেশ নির্বাচন
"নির্বাচনের ফলাফল বাতিল করলো স্টেট ডিপার্টমেন্ট, পুনরায় নির্বাচনের ঘোষণা দিলো জাতিসংঘ ও যুক্তরাষ্ট্র",bn,1,Rumor Scanner,https://rumorscanner.com/fact-check/false-claim-bangladesh-election-results-canceled-by-us-state-department-and-announce-re-elections-by-the-us-and-un/100112,বাংলাদেশ নির্বাচন
ত্রয়োদশ সংসদ নির্বাচন নিয়ে আল - জাজিরার জরিপ,bn,1,Rumor Scanner,https://rumorscanner.com/fact-check/fake-claims-al-jazeera-survey-bangladesh-election/170645,বাংলাদেশ নির্বাচন
৫০টি জাল ভোট দেওয়ার উল্লেখ করা এই ভিডিও সাম্প্রতিক বাংলাদেশের জাতীয় নির্বাচনের,bn,1,ফ্যাক্ট চেক,https://bangla.boomlive.in/fact-check/this-video-is-not-from-recent-bangladesh-elections-fact-check-24131,বাংলাদেশ নির্বাচন
"নির্বাচনের আগে একি সিদ্ধান্ত নিলো, বিএনপি নিবন্ধন নিষিদ্ধ করল সিইসি",bn,1,Rumor Scanner,https://rumorscanner.com/fact-check/cec-did-not-ban-the-registration-bnp/93939,বাংলাদেশ নির্বাচন
: বাংলাদেশের নির্বাচনে সকল দলের অংশগ্রহণের জন্য আমি ইউনুসের কাছে দুইজন প্রতিনিধি পাঠিয়েছি। আমি জানতে পেরেছি ইউনুস আমার দুইজন প্রতিনিধিকে অসম্মান করেছে। ইউনুসকে আমি সতর্ক করছি,bn,3,Rumor Scanner,https://rumorscanner.com/fact-check/ai-video-donald-trump-press-briefing-election-dr-yunus/192900,বাংলাদেশ নির্বাচন
বাংলাদেশে সকল রাজনৈতিক দলের অংশগ্রহণে নির্বাচন হতে হবে। আমরা বাংলাদেশ বিষয়ে সিদ্ধান্ত নিয়েছি এবং এটা দ্রুত কার্যকর হবে। বাংলাদেশে আমরা কোনো মৌলবাদকে এবং জঙ্গী সমর্থক কোনো দলকে ক্ষমতায় চাই না।,bn,1,Rumor Scanner,https://rumorscanner.com/fact-check/donald-trumps-ai-video-campaign-about-bangladeshs-upcoming-election/179957,বাংলাদেশ নির্বাচন
এই ভিডিও ঢাকা শহরের যেখানে সম্প্রতি এই ধরণের হিংসা দেখা যায়,bn,1,ফ্যাক্ট চেক,https://bangla.boomlive.in/fact-check/old-clip-bangladesh-bnp-protest-video-misleading-claims-24070,বাংলাদেশ নির্বাচন
প্রথমবারের মতো ৪ ট্রিলিয়ন ডলারে উন্নীত ভারতের অর্থনীতি,bn,2,Rumor Scanner,https://rumorscanner.com/fact-check/indias-economy-has-not-grown-to-four-trillion-dollars/94424,ভারত অর্থনীতি
করোনাভাইরাসের থাবার পর ভারতের অর্থনীতি ঘুরে দাঁড়ানো নিয়ে রতন টাটার বক্তব্য,bn,1,ফ্যাক্ট চেক,https://bangla.boomlive.in/fake-news/ratan-tata-quote-on-impact-of-coronavirus-on-indian-economy-is-fake-7807,ভারত অর্থনীতি
আইএমএফ-এর পূর্বাভাস অনুযায়ী ভারতের অর্থনীতির বৃদ্ধির হার ৮.২ শতাংশ। এই ৮.২ শতাংশ বৃদ্ধির পূর্বাভাস বিশ্বের সবকটি দেশের তুলনায় সর্বাধিক।,bn,0,Aaj Tak Bangla,https://bangla.aajtak.in/fact-check/story/india-today-fact-check-international-montery-fund-india-economic-growth-usa-china-367612-2022-04-25,ভারত অর্থনীতি
রান্নার গ্যাসের সিলিন্ডার বাবদ কেন্দ্রের তুলনায় রাজ্য সরকার বেশি ট্যাক্স বা কর নেয়।,bn,1,Newschecker,https://newschecker.in/bn/fact-checks/fact-check-false-postcard-viral-claiming-state-taking-much-gst-then-center-onlpg-gas-cylinder,এলপিজি গ্যাস দাম
ফেসবুকে ভাইরাল দাবি রান্নার গ্যাসে কেন্দ্রের তুলনায় রাজ্য সরকারের শুল্কের পরিমান বেশি,bn,1,Newschecker,https://newschecker.in/bn/fact-checks/lpg-gas-tax,এলপিজি গ্যাস দাম
রান্নার গ্যাসের ওপর রাজ্য সরকার কেন্দ্রের থেকে বেশি কর আদায় করে।,bn,1,Aaj Tak Bangla,https://bangla.aajtak.in/fact-check/story/india-today-fact-check-viral-lpg-cylinder-tax-288195-2021-07-22,এলপিজি গ্যাস দাম
রাজ্যগুলি ৫৫% কর নিয়ে অসামঞ্জস্যপূর্ণ ভাবে এলপিজি সিলিন্ডারের দামকে প্রভাবিত করে,bn,1,ফ্যাক্ট চেক,https://bangla.boomlive.in/fact-check/are-lpg-prices-high-due-to-55-state-taxes-viral-message-is-false-14057,এলপিজি গ্যাস দাম
বাংলাদেশ সম্মিলিত সনাতনী (হিন্দু) জাগরণ জোটের খুলনা প্রতিনিধি আকাশ মিস্ত্রির বাড়িতে পরিকল্পিত হামলা,bn,1,Rumor Scanner,https://rumorscanner.com/fact-check/this-is-not-an-incident-of-communal-violence-or-a-planned-attack-by-the-interim-government/133479,সাম্প্রদায়িক দাঙ্গা
"হিন্দু মুসলিম সম্প্রদায়ের মধ্যে বিরোধের জের এই ঘটনাটি, প্রশাসন চুপ",bn,1,Dailyo,https://www.dailyo.in/bangla/fact-check/india-today-fact-check-communal-riot-fake-news/story/1/32135.html,সাম্প্রদায়িক দাঙ্গা
"ভোট-প্রচারে মুখ্যমন্ত্রী মমতা বন্দ্যোপাধ্যায় আবেদন করছেন যে, ভোটটা জোড়াফুলকে দেবেন না।",bn,2,Newschecker,https://newschecker.in/bn/fact-checks/clipped-video-of-mamata-banerjee-saying-dont-vote-for-tmc-wb-election-2026,মমতা বন্দ্যোপাধ্যায়
"দেশের প্রতিরক্ষামন্ত্রী তথা পশ্চিমবঙ্গ বিধানসভা নির্বাচনে বিজেপির অন্যতম স্টার প্রচারক রাজনাথ সিং বলছেন, “পশ্চিমবঙ্গে বিজেপি মমতা বন্দ্যোপাধ্যায়ের সঙ্গেই রয়েছে।”",bn,2,Newschecker,https://newschecker.in/bn/fact-checks/old-video-rajnath-singh-mamata-banerjee-wb-election-2026,মমতা বন্দ্যোপাধ্যায়
"ভিডিয়োতে মুখ্যমন্ত্রী মমতা বন্দ্যোপাধ্যায়কে বলতে শোনা যাচ্ছে, “দোকান ভেঙেছো, লুটপাট করেছো। বন্ধু! একটা শিব মন্দির ভাঙলে সেটা নিয়ে বিজেপি কত নাটক করে।”",bn,3,Newschecker,https://newschecker.in/bn/fact-checks/clipped-video-of-mamata-banerjee-bjp-west-bengal-2026-election-raghunathganj,মমতা বন্দ্যোপাধ্যায়
"ভিডিয়ো পোস্ট করে দাবি করা হয়েছে যে, মুখ্যমন্ত্রী মমতা বন্দ্যোপাধ্যায়ের উন্নয়নের প্রচার করছেন বরানগরের বিজেপি প্রার্থী সজল ঘোষ।",bn,1,Newschecker,https://newschecker.in/bn/fact-checks/bjp-candidate-baranagar-sajal-ghosh-edited-video-mamata-banerjee-wb-election-2026,মমতা বন্দ্যোপাধ্যায়
"প্রধানমন্ত্রী নরেন্দ্র মোদী মমতা বন্দ্যোপাধ্যায়কে কৃতিত্ব দিয়ে বলেছেন যে, বাম আমলে যেখানে ১০০টির মধ্যে মাত্র চারটি বাড়িতে পাইপলাইনের মাধ্যমে জল পৌঁছাত, এখন সেখানে ৮৫টি বাড়িতে জল পৌঁছাচ্ছে।",bn,1,Aaj Tak Bangla,https://bangla.aajtak.in/fact-check/story/viral-clip-misrepresents-narendra-modis-remarks-on-tap-water-coverage-claiming-he-praised-mamata-banerjee-1358168-2026-03-11,মমতা বন্দ্যোপাধ্যায়
"ধর্মতলার মেট্রো চ্যানেলে মুখ্যমন্ত্রী মমতা বন্দ্যোপাধ্যায়ের ধর্না মঞ্চে বসে, চিটফান্ড নিয়ে সরকার-বিরোধী গান গাইলেন সংগীত শিল্পী তথা প্রাক্তন তৃণমূল সাংসদ কবির সুমন।",bn,3,Newschecker,https://newschecker.in/bn/fact-checks/mamata-banerjee-sir-dharna-kabir-sunam-edited-video,মমতা বন্দ্যোপাধ্যায়
"শুভেন্দু অধিকারীকে বলছেন, “বাংলার পাহারাদার মমতা ব্যানার্জি”।",bn,2,Newschecker,https://newschecker.in/bn/fact-checks/old-video-of-suvendu-adhikari-sir-wb-election-2026,মমতা বন্দ্যোপাধ্যায়
শুভেন্দু অধিকারী বলেছেন যে মমতা বন্দ্যোপাধ্যায়কে দেখে দিল্লি পুলিশ পালিয়ে গেছে।,bn,0,Aaj Tak Bangla,https://bangla.aajtak.in/fact-check/story/suvendu-adhikari-did-not-stated-that-delhi-police-ran-away-seeing-mamata-banerjee-1342690-2026-02-07,মমতা বন্দ্যোপাধ্যায়
সুপ্রিম কোর্টে মমতা বন্দ্যোপাধ্যায়ের উদ্দেশে “চোর চোর” স্লোগান দেওয়া হয়েছে।,bn,1,Newschecker,https://newschecker.in/bn/fact-checks/fake-video-on-cm-mamata-banerjee-at-supreme-court,মমতা বন্দ্যোপাধ্যায়
সুপ্রিম কোর্ট থেকে বেরিয়ে আসার সময় মমতা বন্দ্যোপাধ্যায়কে উদ্দেশ্য করে ‘চোর চোর’ স্লোগান দেওয়া হয়।,bn,1,Aaj Tak Bangla,https://bangla.aajtak.in/fact-check/story/mamata-banerjee-was-not-send-off-with-chor-chor-slogans-in-the-supreme-court-audio-is-altered-1341751-2026-02-05,মমতা বন্দ্যোপাধ্যায়
স্বরাষ্ট্রমন্ত্রী অমিত শাহের সঙ্গে এক টেবিলে বসে মুখ্যমন্ত্রী মমতা বন্দ্যোপাধ্যায় খেতে দেখা যাচ্ছে। অনেকেই তৃণমূল ও বিজেপির ‘সেটিং’-এর দাবি করেছেন।,bn,2,Newschecker,https://newschecker.in/bn/fact-checks/old-image-of-mamata-banerjee-and-amit-shah-shared-as-recent,মমতা বন্দ্যোপাধ্যায়
"বীরভূমের তৃণমূল নেতা অনুব্রত মণ্ডল বলছেন, “মমতা ব্যানার্জি ও অভিষেক ব্যানার্জি যতদিন আছে, ততদিন এই পশ্চিমবাংলার কিচ্ছু হবে না।”",bn,2,Newschecker,https://newschecker.in/bn/fact-checks/false-claim-anubrata-mandal-mamata-banerjee-abhishek-banerjee-video,মমতা বন্দ্যোপাধ্যায়
"সদ্য তৃণমূলে ঘরওয়াপসি হওয়া শোভন চট্টোপাধ্যায় ও বৈশাখী বন্দ্যোপাধ্যায়, মুখ্যমন্ত্রী মমতা বন্দ্যোপাধ্যায়কে মিথ্যাবাদী বললেন।",bn,2,Newschecker,https://newschecker.in/bn/fact-checks/old-bjp-video-falsely-claims-sovan-baishakhi-called-mamata-liar,মমতা বন্দ্যোপাধ্যায়
আগুন ছাড়াই ভোগ রান্না করলেন মুখ্যমন্ত্রী মমতা বন্দ্যোপাধ্যায়।,bn,3,Newschecker,https://newschecker.in/bn/fact-checks/cm-mamata-banerjee-cooked-with-out-fire-edited-video-viral,মমতা বন্দ্যোপাধ্যায়
ভিডিওতে দেখা যাচ্ছে মুখ্যমন্ত্রী মমতা বন্দ্যোপাধ্যায় গ্যাসের আগুন বন্ধ রেখেই রান্না করছেন।,bn,1,Aaj Tak Bangla,https://bangla.aajtak.in/fact-check/story/india-today-fact-check-video-of-bengal-cm-mamata-banerjee-cooking-without-fire-is-ai-generated-1293324-2025-10-21,মমতা বন্দ্যোপাধ্যায়
"সোশ্যাল মিডিয়ায় একটি ভিডিয়ো ভাইরাল হয়েছে, যেখানে বিরোধী দলনেতা শুভেন্দু অধিকারীকে মমতা বন্দ্যোপাধ্যায়ের রেলমন্ত্রী থাকাকালীন কাজের প্রশংসা করতে শোনা যাচ্ছে।",bn,1,Newschecker,https://newschecker.in/bn/fact-checks/did-suvendu-adhikari-praise-mamata-banerjee-in-viral-kolkata-metro-video-heres-the-truth,মমতা বন্দ্যোপাধ্যায়
শুভেন্দু অধিকারী স্বীকার করেছেন যে আগামী বিধানসভা ভোটে তিনি মুখ্যমন্ত্রী মমতা বন্দ্যোপাধ্যায়কে ভবানীপুর বিধানসভা কেন্দ্রে হারাতে পারবেন না।,bn,1,Aaj Tak Bangla,https://bangla.aajtak.in/fact-check/story/india-today-fact-check-did-bengal-lop-suvendu-adhikari-admitted-that-mamata-is-invincible-in-bhawanipore-seat-no-video-is-edited-1265420-2025-08-22,মমতা বন্দ্যোপাধ্যায়
"১৫ অগাস্ট, বাংলাদেশের প্রথম রাষ্ট্রপতি শেখ মুজিবুর রহমানের মৃত্যুদিনে অর্থাৎ জাতীয় শোকদিবসে, তাঁর ছবিতে শ্রদ্ধাজ্ঞাপন করেছেন মুখ্যমন্ত্রী মমতা বন্দ্যোপাধ্যায় (CM Mamata Banerjee)।",bn,2,Newschecker,https://newschecker.in/bn/fact-checks/old-image-cm-mamata-banerjee-west-bengal-bangladesh-sheikh-mujibur-rahman,মমতা বন্দ্যোপাধ্যায়
আজ ১৫ ই আগস্ট পশ্চিম বঙ্গের মুখ্যমন্ত্রী মমতা বন্দ্যোপাধ্যায় জাতীয় শোক দিবসে জাতির পিতা বঙ্গবন্ধুর ছবিতে ফুলেল শ্রদ্ধা জানাচ্ছেন।,bn,2,Rumor Scanner,https://rumorscanner.com/fact-check/mamata-banerjee-august-15-bangabandhu-tribute-false/163319,মমতা বন্দ্যোপাধ্যায়
"ভিডিওতে দেখা যাচ্ছে, পশ্চিমবঙ্গে মুখ্যমন্ত্রী মমতা বন্দ্যোপাধ্যায়ের প্রশ্রয় পেয়ে বিদ্যুৎ চুরির অভিযুক্ত এক মুসলিম ব্যক্তি এক বিদ্যুৎ কর্মীকে বেধড়ক মারধর করেছে।",bn,1,Aaj Tak Bangla,https://bangla.aajtak.in/fact-check/story/india-today-fact-check-odishas-video-falsely-shared-as-an-electricity-official-being-beaten-up-in-west-bengal-1259268-2025-08-11,মমতা বন্দ্যোপাধ্যায়
১৫ই আগস্ট পশ্চিমবঙ্গের মুখ্যমন্ত্রী বঙ্গবন্ধুর ছবিতে শ্রদ্ধা জানাচ্ছেন,bn,0,ফ্যাক্ট চেক,https://factcheckbangla.afp.com/doc.afp.com.72XK7ZQ,মমতা বন্দ্যোপাধ্যায়
তৃণমূলের (TMC) আইটি সেলের প্রধান দেবাংশু ভট্টাচার্য-ও (Debangshu Bhattacharya) চাইছেন মুখ্যমন্ত্রী হিসেবে মমতা বন্দ্যোপাধ্যায়ের (CM Mamata Banerjee) যেন এটাই শেষ একুশে জুলাই হয়।,bn,2,Newschecker,https://newschecker.in/bn/fact-checks/old-and-edited-video-of-tmc-debangshu-bhattacharya-on-mamata-banerjee,মমতা বন্দ্যোপাধ্যায়
ভিডিওতে রাজবংশী সম্প্রদায়ের মানুষদের বিজেপি-র দালাল বলে কটাক্ষ করেছেন পশ্চিমবঙ্গের মুখ্যমন্ত্রী তথা তৃণমূল সুপ্রিমো মমতা বন্দ্যোপাধ্যায়।,bn,1,Aaj Tak Bangla,https://bangla.aajtak.in/fact-check/story/india-today-fact-check-mamata-banerjee-criticized-the-election-commission-calling-it-bjps-agents-not-the-rajbanshi-community-1248121-2025-07-21,মমতা বন্দ্যোপাধ্যায়
বিজেপি নেতা দিলীপ ঘোষের (BJP Dilip Ghosh) বাড়িতে মুখ্যমন্ত্রী মমতা বন্দ্যোপাধ্যায় (CM Mamata Banerjee)।,bn,2,Newschecker,https://newschecker.in/bn/fact-checks/misleading-claim-on-mamata-banerjee-bjp-dilip-ghosh,মমতা বন্দ্যোপাধ্যায়
২০১৬ সালের এসএসসি নিয়োগ মামলায় (West Bengal SSC Teacher Recruitment Scam 2016) চাকরিহারা শিক্ষকদের চায়ের দোকান খোলার পরামর্শ দিচ্ছেন মুখ্যমন্ত্রী মমতা বন্দ্যোপাধ্যায় (CM Mamata Banerjee)।,bn,2,Newschecker,https://newschecker.in/bn/fact-checks/old-video-of-tmc-mamata-banerjee-shared-as-recent-with-west-bengal-ssc-teacher-recruitment-scam-2016,মমতা বন্দ্যোপাধ্যায়
"ভিডিওতে দেখা যায়, সদ্য চাকরিহারা সরকারি শিক্ষক-শিক্ষিকাদের চায়ের দোকান খোলার পরামর্শ দিচ্ছেন পশ্চিমবঙ্গের মুখ্যমন্ত্রী মমতা বন্দ্যোপাধ্যায়",bn,2,ফ্যাক্ট চেক,https://bangla.boomlive.in/fact-check/west-bengal-chief-minister-mamata-banerjee-to-job-seekers-sell-tea-misleading-claim-job-scam-viral-video-fact-check-28246,মমতা বন্দ্যোপাধ্যায়
"ঈদের দিন (৩১ মার্চ, ২০২৫), রেড রোডে নমাজ পাঠের অনুষ্ঠানে হিন্দু ধর্মকে অপমান করেছেন মমতা বন্দ্যোপাধ্যায়। হিন্দু ধর্মকে নোংরা ধর্ম বলেছেন তিনি।",bn,3,Newschecker,https://newschecker.in/bn/fact-checks/mamata-banerjee-west-bengal-eid-celebrations-at-red-road-edited-video-hindu-muslim,মমতা বন্দ্যোপাধ্যায়
২০২৫-এর বাজেটে বিনা সুদে ৫০ হাজার থেকে ১০ লক্ষ টাকা পর্যন্ত লোন দেওয়ার ঘোষণা করেছেন মুখ্যমন্ত্রী মমতা বন্দ্যোপাধ্যায়।,bn,1,Aaj Tak Bangla,https://bangla.aajtak.in/fact-check/story/india-today-fact-check-beware-of-financial-fraud-using-mamata-banerjees-photo-clicking-on-this-link-could-empty-your-bank-account-1171506-2025-02-17,মমতা বন্দ্যোপাধ্যায়
উচ্চ শিক্ষা খাতের তুলনায় সংখ্যালঘু বিষয়ক ও মাদ্রাসা শিক্ষা খাতে বেশি টাকা বরাদ্দ করেছে মমতা বন্দ্য়োপাধ্য়ায়ের সরকার।,bn,1,Newschecker,https://newschecker.in/bn/fact-checks/west-bengal-state-budget-false-money-allocation-higher-education-minority-affairs-madrasha-education,মমতা বন্দ্যোপাধ্যায়
মমতা বন্দ্যোপাধ্যায়ের আমলে কাটমানি নেওয়ার কারণে পশ্চিমবঙ্গে তৈরি সেতুটি ভেঙে পড়েছে।,bn,1,Aaj Tak Bangla,https://bangla.aajtak.in/fact-check/story/india-today-fact-check-an-old-picture-from-bihar-falsely-shared-as-a-bridge-collapse-in-west-bengal-1111987-2024-10-28,মমতা বন্দ্যোপাধ্যায়
মুখ্যমন্ত্রী মমতা বন্দ্যোপাধ্যায় বলেছেন যে আরজি কর কাণ্ডে দোষীরা তাঁর শত্রু নয়।,bn,0,Aaj Tak Bangla,https://bangla.aajtak.in/fact-check/story/india-today-fact-check-clipped-video-of-mamata-banerjees-speech-in-kolkata-doctors-protest-stage-misleadingly-viral-1094770-2024-09-18,মমতা বন্দ্যোপাধ্যায়
জুনিয়র ডাক্তারদের সঙ্গে বৈঠকের জন্য় অপেক্ষারত অবস্থায় দেবাংশু ভট্টাচার্যের ভিডিয়ো দেখছিলেন মুখ্য়মন্ত্রী মমতা বন্দ্য়োপাধ্য়ায়। Fact: ভাইরাল ভিডিয়োটি এডিটেড বা সম্পাদিত।,bn,3,Newschecker,https://newschecker.in/bn/fact-checks/fact-check-edited-video-of-mamata-banerjees-meeting-with-junior-doctor-shared-on-sicial-media,মমতা বন্দ্যোপাধ্যায়
পশ্চিমবঙ্গের মুখ্যমন্ত্রী মমতা ব্যানার্জী বলেছেন। শেখ হাসিনা প্রবেশের পর থেকে ভারতে অশান্তি শুরু হয়েছে,bn,1,Rumor Scanner,https://rumorscanner.com/fact-check/mamata-banerjee-did-not-comment-that-unrest-has-started-in-india-since-sheikh-hasinas-entry/123408,মমতা বন্দ্যোপাধ্যায়
ভারতের প্রধান বিচারপতি ডি ওয়াই চন্দ্রচূড়ের দ্বিতীয় স্ত্রী কল্পনা দাস পশ্চিমবঙ্গের মুখ্যমন্ত্রী মমতা বন্দোপাধ্যায়ের ব্যক্তিগত চিকিৎসক ও অর্থোপেডিক সার্জেন ডাঃ এস পি দাসের ভাগ্নী,bn,1,ফ্যাক্ট চেক,https://bangla.boomlive.in/fact-check/cji-dy-chandrachud-second-wife-kalpana-das-west-bengal-chief-minister-mamata-banerjee-physician-claim-online-26437,মমতা বন্দ্যোপাধ্যায়
"দেশের প্রধান বিচারপতির স্ত্রী কল্পনা দাস নাকি, এ রাজ্য়ের মুখ্যমন্ত্রী মমতা বন্দ্যোপাধ্যায়ের ব্যক্তিগত চিকিৎসক এসপি দাসের ভাইঝি।",bn,1,Newschecker,https://newschecker.in/bn/fact-checks/fact-check-false-postcard-shared-linking-cjis-wife-name-with-mamata-banerjees-personal-phusician-during-rg-kar-hospital-case,মমতা বন্দ্যোপাধ্যায়
"পশ্চিমবঙ্গের মুখ্যমন্ত্রী মমতা বন্দ্যোপাধ্যায় বলেছেন, শেখ হাসিনা ভারতে আশ্রয় নেওয়ার পর থেকেই ভারত তথা পশ্চিমবঙ্গে অশান্তি শুরু হয়েছে।",bn,1,Aaj Tak Bangla,https://bangla.aajtak.in/fact-check/story/india-today-fact-check-the-unrest-has-started-since-sheikh-hasina-sheltered-in-india-no-mamata-never-made-any-such-statement-1090479-2024-09-11,মমতা বন্দ্যোপাধ্যায়
"মুখ্যমন্ত্রীকে দরাজ সার্টিফিকেট অরিজিৎ সিংয়ের। আনন্দবাজার পত্রিকার প্রতিবেদন অনুযায়ী, তিনি জানালেন যে তাঁর নামে ভুয়ো খবর ছড়ানো হচ্ছে এবং তাঁর মমতা বন্দ্যোপাধ্যায়ের প্রতিবাদ ভালো লেগেছে।",bn,1,Aaj Tak Bangla,https://bangla.aajtak.in/fact-check/story/india-today-fact-check-arijit-singh-did-not-back-mamata-banerjee-on-her-rg-kar-stance-fake-article-viral-1074684-2024-08-19,মমতা বন্দ্যোপাধ্যায়
মমতা বন্দ্যোপাধ্যায় বলছেন যে তিনি রাজ্যবাসীকে গরিব দেখতে চান।,bn,1,Aaj Tak Bangla,https://bangla.aajtak.in/fact-check/story/india-today-fact-check-mamata-didnt-say-she-wants-people-to-be-poor-clipped-video-of-her-advice-to-party-workers-worngly-shared-1055356-2024-07-23,মমতা বন্দ্যোপাধ্যায়
ভিডিওতে দেখা যায় মমতা আমজনতাকে গরিব থাকার বার্তা দিচ্ছেন,bn,1,ফ্যাক্ট চেক,https://bangla.boomlive.in/fact-check/viral-video-west-bengal-chief-minister-mamata-banerjee-stay-poor-claim-online-social-media-25945,মমতা বন্দ্যোপাধ্যায়
২১ জুলাইয়েক সভা মঞ্চ থেকে বাংলার মানুষকে গরীব থাকার বার্তা দিয়েছেন মুখ্যমন্ত্রী তথা তৃণমূল সুপ্রিমো মমতা বন্দ্যোপাধ্যায়।,bn,2,Newschecker,https://newschecker.in/bn/fact-checks/edited-video-of-cm-mamata-banerjee-from-21-july-shahid-dibas-going-viral-with-false-claims,মমতা বন্দ্যোপাধ্যায়
তীব্র গরমের কারণে মুখ্যমন্ত্রী মমতা বন্দ্যোপাধ্যায় গরমের ছুটি আগামী শনিবার পর্যন্ত বাড়ালেন।,bn,1,Aaj Tak Bangla,https://bangla.aajtak.in/fact-check/story/india-today-fact-check-west-bengal-govt-has-not-extended-its-school-summer-vacation-for-one-more-week-1026043-2024-06-11,মমতা বন্দ্যোপাধ্যায়
"তৃতীয় মোদি সরকার গঠনের আবহে অমিত শাহের সঙ্গে এক টেবিলে বসে বৈঠক করলেন মমতা বন্দ্যোপাধ্যায়, নবীন পট্টনায়ক ও নীতিশ কুমার।",bn,2,Newschecker,https://newschecker.in/bn/fact-checks/fact-check-old-video-of-mamata-banerjee-and-amit-shah-having-lunch-together-passed-off-as-recent,মমতা বন্দ্যোপাধ্যায়
এগজিট পোলের ফলাফলে ক্ষুব্ধ মমতা,bn,0,vishvasnews.com,https://www.vishvasnews.com/bangla/viral/fact-check-old-video-of-mamata-banerjee-in-anger-is-going-viral-by-linking-it-to-2024-lok-sabha-elections/,মমতা বন্দ্যোপাধ্যায়
"মমতা বন্দ্যোপাধ্যায়, নীতিশ কুমার ও নবীন পট্টনায়ক কেন্দ্রে নতুন সরকার গঠনের আবহে বিক্রি হওয়ার জন্য অমিত শাহের সঙ্গে বৈঠক করছেন।",bn,1,Aaj Tak Bangla,https://bangla.aajtak.in/fact-check/story/india-today-fact-check-an-old-picture-of-mamata-banerjee-with-amit-shah-is-falsely-circulated-again-as-recent-1024145-2024-06-08,মমতা বন্দ্যোপাধ্যায়
লোকসভা ভোটের আগে রাস্তার পাশে চায়ের দোকানে চা বানালেন মমতা বন্দ্যোপাধ্যায়।,bn,2,Newschecker,https://newschecker.in/bn/loksabha-election-2024-bn/fact-check-old-image-of-mamata-banerjee-making-tea-at-roadside-stall-passed-off-as-recent,মমতা বন্দ্যোপাধ্যায়
মমতা ব্যানার্জির আসল নাম মমতাজ মাসামা খাতুন।,bn,1,vishvasnews.com,https://www.vishvasnews.com/bangla/viral/fact-check-claim-that-mamata-banerjees-real-name-is-momtaz-masama-khatoon-is-fake/,মমতা বন্দ্যোপাধ্যায়
"ছবিতে দেখা যাচ্ছে, তৃণমূলের একটি ব্যানারে মুখ্যমন্ত্রী মমতা বন্দ্যোপাধ্যায়কে 'মমতাজ বেগম' বলে সম্বোধন করা হচ্ছে।",bn,1,Aaj Tak Bangla,https://bangla.aajtak.in/fact-check/story/india-today-fact-check-mamtaz-begum-in-tmcs-poster-is-not-cm-mamata-banerjee-6-year-old-image-viral-with-lies-977012-2024-04-10,মমতা বন্দ্যোপাধ্যায়
মমতা বন্দ্যোপাধ্যায় ভাটপাড়ায় হুঁশিয়ারি দিচ্ছেন,bn,2,ফ্যাক্ট চেক,https://bangla.boomlive.in/fact-check/fact-check-mamata-banerjee-warning-bhatpara-jay-shri-ram-tmc-misleading-old-video-bjp-fake-news-24857,মমতা বন্দ্যোপাধ্যায়
মমতা বন্দ্যোপাধ্যায় বিজেপির প্রচারের গান গাইছেন,bn,1,ফ্যাক্ট চেক,https://bangla.boomlive.in/fact-check/fact-check-mamata-banerjee-bjp-campaign-song-vote-elections-loksabha-west-bengal-tmc-fake-news-24833,মমতা বন্দ্যোপাধ্যায়
লোকসভা ভোটে মমতা বন্দ্যোপাধ্যায় তথা তৃণমূলকে ভোট দেওয়ার জন্য ভক্তদের উদ্দেশ্যে একটি ভিডিয়ো বার্তা প্রকাশ করেছে ইসকন।,bn,1,Aaj Tak Bangla,https://bangla.aajtak.in/fact-check/story/india-today-fact-check-iskcon-never-released-any-video-clips-to-support-mamata-banerjee-for-the-lok-sabha-election-971592-2024-04-04,মমতা বন্দ্যোপাধ্যায়
মমতা বন্দ্যোপাধ্যায় তো মাঝখানে আঘাত পেয়েছেন... কিন্তু ‘ধারে’ ব্যান্ডেজ কেন?,bn,0,vishvasnews.com,https://www.vishvasnews.com/bangla/viral/fact-check-cm-mamata-banerjees-january-photo-goes-viral-with-false-claims-linking-it-to-her-recent-injuries/,মমতা বন্দ্যোপাধ্যায়
ভিডিওতে দেখা যায় গার্ডেনরিচে মমতা বন্দ্যোপাধ্যায়কে উদ্দেশ্য করে জয় শ্রী রাম স্লোগান দেওয়া হয়েছে,bn,1,ফ্যাক্ট চেক,https://bangla.boomlive.in/fact-check/fact-check-fake-news-mamata-banerjee-building-collapse-garden-reach-edited-video-jay-shree-ram-slogans-24753,মমতা বন্দ্যোপাধ্যায়
"মমতার চোট লেগেছিল কপালের মাঝে, আর তিনি ব্যান্ডেড লাগিয়েছেন কপালেন বাঁ-দিকে। বোঝাই যাচ্ছে নাটক করছেন।",bn,1,Aaj Tak Bangla,https://bangla.aajtak.in/fact-check/story/india-today-fact-check-is-mamata-banerjee-faking-injury-band-aid-on-left-injury-on-middle-934109-2024-03-17,মমতা বন্দ্যোপাধ্যায়
ছবিগুলিতে দেখা যায় মুখ্যমন্ত্রী মমতা বন্দ্যোপাধ্যায়ের চোটের জায়গা বদলে কপালের মাঝখান থেকে বাঁ দিকে সরে গেছে,bn,1,ফ্যাক্ট চেক,https://bangla.boomlive.in/fact-check/mamata-banerjee-injury-position-altered-accident-old-pictures-viral-misleading-fake-news-24636,মমতা বন্দ্যোপাধ্যায়
‘দি গ্রেট ক্যালকাটা কিলিং’-এর মাস্টারমাইন্ড হোসেন সোহরাওয়ার্দীর মৃত্যুবার্ষিকীতে শ্রদ্ধাজ্ঞাপন মুখ্যমন্ত্রী মমতা বন্দ্যোপাধ্যায়ের।,bn,1,Newschecker,https://newschecker.in/bn/fact-checks/fact-check-mamata-banerjee-did-not-pay-tribute-to-hossain-suhrawardy-on-his-death-anniversary-fake-postcard-viral,মমতা বন্দ্যোপাধ্যায়
"ছবিতে দেখা যাচ্ছে, ১০ মার্চ তৃণমূলের জনগর্জন সভায় মমতা বন্দ্যোপাধ্যায় বক্তব্য রাখার সময় মানুষের বিরাট ভিড়।",bn,1,Aaj Tak Bangla,https://bangla.aajtak.in/fact-check/story/india-today-fact-check-photoshopped-image-purporting-massing-crowd-in-tmcs-bridge-parade-rally-goes-viral-929154-2024-03-11,মমতা বন্দ্যোপাধ্যায়
'বামেরা লালু ও মমতার সাথে দুর্নীতি মুক্ত সরকার গড়বে কেন্দ্রে' শিরোনাম সমেত প্রতিবেদন প্রকাশ করেছে গণশক্তি,bn,1,ফ্যাক্ট চেক,https://bangla.boomlive.in/fact-check/left-parties-to-form-govt-with-mamata-and-lalu-ganashakti-news-screenshot-morphed-22981,মমতা বন্দ্যোপাধ্যায়
"সিপিএম-র মুখপত্র গণশক্তির খবরে ছাপা হয়েছে, ""বামেরা লালু ও মমতার সাথে দুর্নীতি মুক্ত সরকার গড়বে কেন্দ্রে।""",bn,1,Aaj Tak Bangla,https://bangla.aajtak.in/fact-check/story/india-today-fact-check-morphed-screenshot-of-cpim-bengal-mouthpiece-shared-with-a-false-headline-672923-2023-09-05,মমতা বন্দ্যোপাধ্যায়
মহাভারত কাজী নজরুল লিখেছেন বলেছেন মমতা বন্দ্যোপাধ্যায়,bn,3,Rumor Scanner,https://rumorscanner.com/fact-check/mamata-banerjee-did-not-mean-kazi-nazrul-wrote-mahabharata/85521,মমতা বন্দ্যোপাধ্যায়
ভিডিওতে দেখা যায় মুখ্যমন্ত্রী মমতা বন্দোপাধ্যায় বলছেন মহাভারত লিখেছেন কবি নজরুল ইসলাম,bn,1,ফ্যাক্ট চেক,https://bangla.boomlive.in/fact-check/viral-video-mamata-banerjee-kazi-nazrul-islam-mahabharat-social-media-22927,মমতা বন্দ্যোপাধ্যায়
মুখ্যমন্ত্রী মমতা বন্দোপাধ্যায়ের সাথে দাঁড়িয়ে থাকা ব্যক্তিটি যাদবপুরকাণ্ডে ধৃত সৌরভ চৌধুরী,bn,2,ফ্যাক্ট চেক,https://bangla.boomlive.in/fact-check/journalist-image-jadavpur-university-misrepresented-as-arrested-in-ragging-case-22798,মমতা বন্দ্যোপাধ্যায়
"ভাইরাল হওয়া ভিডিয়োটি সম্পাদিত। পশ্চিমবঙ্গের মুখ্যমন্ত্রী তৃণমূল কংগ্রেস দলের ছাত্র পরিষদের প্রতিষ্ঠা দিবসে কাজি নজরুল ইসলামের একটি কবিতার উদ্ধৃতি দিচ্ছিলেন, কিন্তু কখনওই বলেননি যে কাজি নজরুল ইসলাম মহাভারত লিখেছেন।",bn,1,Newschecker,https://newschecker.in/bn/fact-checks/did-mamata-banerjee-say-kazi-nazrul-islam-wrote-the-mahabharata-no-the-viral-video-is-clipped,মমতা বন্দ্যোপাধ্যায়
মমতা বন্দ্যোপাধ্যায় আগুন ছাড়া রান্না করছেন,bn,1,ফ্যাক্ট চেক,https://bangla.boomlive.in/fact-check/fact-check-mamata-banerjee-cooking-without-flames-at-home-during-kali-puja-fake-news-west-bengal-21858,মমতা বন্দ্যোপাধ্যায়
ভিডিওতে দেখা যাচ্ছে মমতা বন্দ্যোপাধ্যায়ের অনুরোধ রাখার সময় অরিজিৎ সিং কলকাতা চলচিত্র উৎসবে 'রং দে তু মোহে গেরুয়া' গেয়েছেন,bn,2,ফ্যাক্ট চেক,https://bangla.boomlive.in/fact-check/viral-video-kolkata-international-film-festival-arijit-singh-gerua-social-media-20490,মমতা বন্দ্যোপাধ্যায়
সম্প্রতি বন্যায় ক্ষতিগ্রস্ত অঞ্চল পরিদর্শনে মুখ্যমন্ত্রী মমতা বন্দ্যোপাধ্যায় এবং পরিবহন মন্ত্রী ফিরহাদ হাকিম,bn,1,ফ্যাক্ট চেক,https://bangla.boomlive.in/fact-check/2017-image-of-mamata-banerjee-visiting-north-bengal-floods-affected-districts-shared-as-recent-14213,মমতা বন্দ্যোপাধ্যায়
Image shows Mamata Banerjee walking with a bandaged foot after her leg injury at Nandigram,bn,1,Boom Live,https://www.boomlive.in/fact-check/mamata-banerjee-west-bengal-old-image-soumitra-chatterjee-funeral-bandaged-foot-west-bengal-assembly-elections-2021-nandigram-12302,মমতা বন্দ্যোপাধ্যায়
পশ্চিমবঙ্গের মুখ্যমন্ত্রী মমতা বন্দ্যোপাধ্যায়ের একটি পুরানো ছবি ভুয়ো দাবি নিয়ে ভাইরাল হচ্ছে। এই ছবিতে মমতা বন্দ্যোপাধ্যায়ের ডান পাতায় ব্যান্ডেজটি বাঁধা অবস্থায় দেখা যাচ্ছে। ইউজাররা এই ছবিটি মমতা বন্দ্যোপাধ্যায়ের সাম্প্রতিক চোটের সাথে যুক্ত করে ভাইরাল করছেন।,bn,1,vishvasnews.com,https://www.vishvasnews.com/bangla/politics/fact-check-old-picture-of-wb-cm-viral-in-the-name-of-mamta-banerjees-leg-injury/,মমতা বন্দ্যোপাধ্যায়
গরু পাচার মামলায় কেস লড়ছেন মুখ্যমন্ত্রী মমতা বন্দ্যোপাধ্যায়,bn,1,ফ্যাক্ট চেক,https://bangla.boomlive.in/fact-check/west-bengal-chief-minister-mamata-banerjee-old-photo-wearing-advocate-gown-shared-with-false-claim-19027,মমতা বন্দ্যোপাধ্যায়
শুভেন্দু অধিকারী মমতা ব্যানার্জীর বিরুদ্ধে প্রচার করতে গিয়ে ‘‘ভোট টু মমতা’ লেখা গেঞ্জি পড়েছেন,bn,1,Newschecker,https://newschecker.in/bn/fact-checks/suvendu-adhikari-no-vote-to-mamata-tshirt,মমতা বন্দ্যোপাধ্যায়
গ্রাফিকের দাবি সিপিআইএমএল সাধারণ সম্পাদক দীপঙ্কর ভট্টাচার্য বলেছেন মমতা বন্দ্যোপাধ্যায় তাদের নেত্রী,bn,2,ফ্যাক্ট চেক,https://bangla.boomlive.in/fact-check/unrelated-image-of-cpiml-leader-dipankar-bhattacharya-shared-with-misleading-claims-mamata-banerjee-most-honest-indian-politician-19964,মমতা বন্দ্যোপাধ্যায়
প্রবল বৃষ্টির জন্য় জলমগ্ন এলাকা পরিদর্শন করলেন মুখ্যমন্ত্রী মমতা ব্যানার্জি,bn,2,Fact Crescendo Bangla,https://bangla.factcrescendo.com/picture-of-mamata-banerjees-visit-to-north-affected-flood-affected-area-in-2017-falsely-shared-as-recent/,মমতা বন্দ্যোপাধ্যায়
ছবির দাবি বোলপুরে পদযাত্রায় মমতা বন্দ্যোপাধ্যায়ের পদযাত্রায় জনস্রোত,bn,1,ফ্যাক্ট চেক,https://bangla.boomlive.in/fact-check/2019-images-of-anti-caa-protest-lead-by-wb-cm-mamata-banerjee-shared-as-rally-in-birbhum-11370,মমতা বন্দ্যোপাধ্যায়
মুখ্যমন্ত্রী মমতা বন্দ্যোপাধ্যায়ের আহত পা এবং গোড়ালির ছবি,bn,1,ফ্যাক্ট চেক,https://bangla.boomlive.in/fact-check/mamata-banerjee-old-image-injured-leg-viral-image-fake-news-12322,মমতা বন্দ্যোপাধ্যায়
ফেসবুক পোস্ট দেখায় কম ও বেশি বয়সের মমতা বন্দ্যোপাধ্যায়,bn,1,ফ্যাক্ট চেক,https://bangla.boomlive.in/fact-check/fact-check-fake-news-mamata-banerjee-west-bengal-altered-morphed-viral-photo-17474,মমতা বন্দ্যোপাধ্যায়
"মুখ্যমন্ত্রী মমতা বন্দ্যোপাধ্যায় হিন্দুদের ""গুন্ডা"" বলেছেন।",bn,1,Aaj Tak Bangla,https://bangla.aajtak.in/fact-check/story/india-today-fact-check-mamata-banerjee-did-not-call-hindus-goon-altered-video-shared-false-claim-472175-2022-11-18,মমতা বন্দ্যোপাধ্যায়
বিজেপি যুব নেতা তরুণজ্যোতি তেওয়ারি মুখ্যমন্ত্রী মমতা ব্যানার্জীর Students Credit Cardর উদ্বোধনের একটি ভিডিও পোস্ট করে দাবি করেছেন মুখ্যমন্ত্রী ছাত্রছাত্রীদের এই জন্য চালু করা প্রকল্পের ওয়েবসাইট ভুল বলেছেন,bn,2,Newschecker,https://newschecker.in/bn/fact-checks/bengal-students-credit-card,মমতা বন্দ্যোপাধ্যায়
Sunday Times Kolkata র রিপোর্টে দাবি করা হয়েছে হিজাব পড়ে মমতা নন্দীগ্রামের ভোট কেন্দ্রে গিয়েছিলেন,bn,2,Newschecker,https://newschecker.in/bn/fact-checks/mamata-nandigram,মমতা বন্দ্যোপাধ্যায়
মমতা ব্যানার্জী জলমগ্ন স্থানে দাঁড়িয়ে Yaas সাইক্লোনের ক্ষয়ক্ষতির পর্যবেক্ষণ করেছেন,bn,2,Newschecker,https://newschecker.in/bn/fact-checks/mamata-flood-image-2017,মমতা বন্দ্যোপাধ্যায়
নির্বাচনী প্রচারে গিয়ে বঙ্গের মুখ্যমন্ত্রী মমতা ব্যানার্জী নিজের স্বামীর কথা বললেন এই দাবিতে একটি ভিডিও ছড়িয়েছে। আমাদের অনুসন্ধানে প্রমাণিত মুখ্যমন্ত্রী নির্বাচনী প্রচারে গিয়ে এই ধরণের কোনো কথা বলেননি।,bn,1,Newschecker,https://newschecker.in/bn/fact-checks-bn/mamata-married-fake-claim,মমতা বন্দ্যোপাধ্যায়
২৯-৩০ মার্চ দিল্লিতে আম্বেদকর মূর্তির পাদদেশে ধর্নায় মমতা বন্দ্যোপাধ্যায়,bn,1,ফ্যাক্ট চেক,https://bangla.boomlive.in/fact-check/misleading-graphic-mamata-banerjee-staged-two-day-sit-in-to-protest-in-delhi-near-ambedkar-statue-esplanade-kolkata-dharna-21515,মমতা বন্দ্যোপাধ্যায়
পশ্চিমবঙ্গের প্রতি কেন্দ্রীয় বঞ্চনার প্রতিবাদে দিল্লিতে আম্বেদকর মূর্তির সামনে ধর্নায় বসবেন মুখ্যমন্ত্রী মমতা বন্দ্যোপাধ্যায়,bn,0,Aaj Tak Bangla,https://bangla.aajtak.in/fact-check/story/not-in-delhi-but-mamata-will-stage-dharna-against-central-govt-at-red-read-kolkata-531290-2023-03-23,মমতা বন্দ্যোপাধ্যায়
"১ ডিসেম্বর থেকে শুরু হচ্ছে দুয়ারে সরকার শিবির। চলবে ৩১ জানুয়ারি পর্যন্ত, ঘোষণা মুখ্যমন্ত্রী মমতা বন্দ্যোপাধ্যায়ের।",bn,0,Aaj Tak Bangla,https://bangla.aajtak.in/fact-check/story/india-today-fact-check-mamata-banerjee-announced-duare-sarkar-camps-will-start-dec-1st-and-continue-till-31st-jan-309299-2021-10-29,মমতা বন্দ্যোপাধ্যায়
সোশ্যাল মিডিয়াতে মমতার পায়ের চোটের যে ছবিগুলো ভাইরাল হয়েছে তা যথেষ্ট বিভ্রান্তিকর কারণ কোনটি ২০২০ সালের ছবি তো আবার কোনটা অপ্রাসঙ্গিক।,bn,2,Newschecker,https://newschecker.in/bn/fact-checks-bn/mamatas-old-image-viral-in-nandigram-incident,মমতা বন্দ্যোপাধ্যায়
এই ছবিতে আসন্ন ২০২১ সালের পশ্চিমবঙ্গ নির্বাচন নিয়ে চিন্তিত মমতা বন্দোপাধ্যায়কে দেখা যায়,bn,1,Dailyo,https://www.dailyo.in/bangla/fact-check/india-today-fact-check-mamata/story/1/34058.html,মমতা বন্দ্যোপাধ্যায়
ছবি দেখায় মমতা চোটের ভান করে হেঁটে যাচ্ছে,bn,1,ফ্যাক্ট চেক,https://bangla.boomlive.in/fact-check/west-bengal-assembly-election-2021-fake-image-fact-check-nandigram-incident-morphed-image-viral-as-mamata-banerjee-faking-injury-12362,মমতা বন্দ্যোপাধ্যায়
ভিডিওতে দেখা যাচ্ছে স্কুটি শেখার জন্য কীভাবে রাস্তা বন্ধ করিয়েছেন মুখ্যমন্ত্রী মমতা বন্দ্যোপাধ্যায়।,bn,1,Aaj Tak Bangla,https://bangla.aajtak.in/fact-check/story/india-today-fact-check-video-does-not-show-mamata-banerjee-learning-ride-scoter-blocking-roads-419446-2022-06-30,মমতা বন্দ্যোপাধ্যায়
দিল্লিতে আম্বেদকর মূর্তির পাদদেশে মমতা ব্যানার্জী ধর্নায়,bn,1,Newschecker,https://newschecker.in/bn/fact-checks/mamata-sit-on-dharna-in-delhi-false,মমতা বন্দ্যোপাধ্যায়
শুভেন্দুর টি-শার্টে লেখা 'ভোট টু মমতা' স্লোগান।,bn,0,Aaj Tak Bangla,https://bangla.aajtak.in/fact-check/story/india-today-fact-check-suvendu-adhikari-did-not-ware-the-vote-to-mamata-t-shirt-during-the-campaign-image-passed-off-with-misleading-claim-540768-2023-04-10,মমতা বন্দ্যোপাধ্যায়
"ঈদ উপলক্ষ্যে রাজ্য সরকার সংখ্যালঘু সম্প্রদায়ের সরকারি কর্মচারীদের ৪,৮০০ টাকা করে দেওয়ার সিদ্ধান্ত নিয়েছে। এটাই মমতা বন্দোপাধ্যায়ের তোষণের রাজনীতি।",bn,0,Aaj Tak Bangla,https://bangla.aajtak.in/fact-check/story/india-today-fact-check-festival-bonus-eid-finance-department-west-benga-government-372896-2022-05-11,মমতা বন্দ্যোপাধ্যায়
"টাইম ম্যাগাজিনে ১০০ জন প্রভাবশালী ব্যক্তির তালিকায় দ্বিতীয় মমতা, ১৪-তে মোদী",bn,0,Aaj Tak Bangla,https://bangla.aajtak.in/fact-check/story/india-today-fact-check-has-mamata-banerjee-ranked-second-narendra-modi-comes-14th-time-100-most-influential-people-list-306276-2021-10-18,মমতা বন্দ্যোপাধ্যায়
মুখ্যমন্ত্রী মমতা বন্দ্যোপাধ্যায় বলেছেন ২০২১ সালে যারা মাধ্যমিক উচ্চমাধ্যমিক পরীক্ষা দিতে চায় তাদের পরীক্ষা নেওয়া হবে না,bn,1,ফ্যাক্ট চেক,https://bangla.boomlive.in/fact-check/viral-video-fact-check-mamata-banerjee-bengal-boards-madhyamik-higher-secondary-final-exam-2021-11558,মমতা বন্দ্যোপাধ্যায়
ফেসবুকে ভাইরাল দাবি মমতার সরকার 'দুয়ারে শ্বশুর' পরিষেবা চালু করেছে লকডাউনের বাজারে জামাইদের জন্য,bn,1,Newschecker,https://newschecker.in/bn/fact-checks/bengal-festival-fake-post,মমতা বন্দ্যোপাধ্যায়
ছবিতে নরেন্দ্র মোদীকে মমতা বন্দোপাধ্যায়ের পায়ে হাত দিতে দেখা যায়,bn,1,ফ্যাক্ট চেক,https://bangla.boomlive.in/fact-check/fact-check-narendra-modi-touching-feet-mamata-banerjee-morphed-image-west-bengal-assembly-election-13008,মমতা বন্দ্যোপাধ্যায়
বাংলায় প্রসব সাথি চালু করল মমতা সরকার। এই প্রকল্পে এবার থেকে যে কোনও সরকারি স্বাস্থ্য কেন্দ্রে প্রসবের সময়ে প্রসবের সময়ে প্রসূতির সঙ্গে থাকতে পারবেন তাঁর মা কিংবা স্বামী। এতদিন শুধু বিদেশে এবং রাজ্যের কিছু বেসরকারি হাসপাতালে এই সুবিধা পাওয়া যেত।,bn,0,Aaj Tak Bangla,https://bangla.aajtak.in/fact-check/story/india-today-fact-check-west-bengal-maternity-companion-ministy-health-who-346621-2022-02-21,মমতা বন্দ্যোপাধ্যায়
বাংলার নির্বাচনের আগে বাংলার যুবকদের বাইক দেবে মমতা ব্যানার্জী,bn,1,Newschecker,https://newschecker.in/bn/fact-checks-bn/bengal-cm-mamata-banerjee-announced-to-give-loan-for-bike-for-bengal-youths,মমতা বন্দ্যোপাধ্যায়
"আনন্দবাজার পত্রিকার হেডলাইনের স্ক্রিনশটে লেখা রয়েছে, ""টাকা ছাপানোর অধিকার কেন শুধু কেন্দ্রের, রাজ্যের নেই কেন?"" দাবি, এমন প্রশ্ন তুলেছেন মমতা বন্দ্যোপাধ্যায়।",bn,1,Aaj Tak Bangla,https://bangla.aajtak.in/fact-check/story/india-today-fact-check-mamata-banerjee-rbi-currency-mint-economy-293061-2021-08-24,মমতা বন্দ্যোপাধ্যায়
বঙ্গের মুখ্যমন্ত্রী Mamata Banerjee ৪২টি আসনে জয়ী করতে পারলে তিনি হিন্দু কাঁদাতে হয় ভাইরাল,bn,1,Newschecker,https://newschecker.in/bn/fact-checks/mamata-banerjee-edited-statement-viral,মমতা বন্দ্যোপাধ্যায়
নন্দীগ্রামে চোট লাগার পর হাঁটছেন মমতা,bn,1,ফ্যাক্ট চেক,https://bangla.boomlive.in/fact-check/mamata-banerjee-west-bengal-old-image-soumitra-chatterjee-funeral-bandaged-foot-west-bengal-assembly-elections-2021-nandigram-12305,মমতা বন্দ্যোপাধ্যায়
কেন কেন্দ্রের হাতে থাকবে টাকা ছাপানোর অধিকার রাজ্যের কাছে নয়- মমতা,bn,1,Newschecker,https://newschecker.in/bn/fact-checks/politics-bn/mamata-currency-state-central-fake,মমতা বন্দ্যোপাধ্যায়
মমতা বন্দ্যোপাধ্যায়ের পুজো দেওয়ার দিন বিকেল থেকে রাত পর্যন্ত বন্ধ পুরীর মন্দির,bn,1,ফ্যাক্ট চেক,https://bangla.boomlive.in/fact-check/cm-mamata-banerjees-visit-puri-temple-remained-closed-ei-samay-uttarbanga-sambad-graphics-shared-with-false-claims-21426,মমতা বন্দ্যোপাধ্যায়
ব্রিটিশ সরকার বঙ্গ ভঙ্গ করেছিল আর এখন বিজেপি সরকার বাংলা ভাগ করতে চাইছে। এরকম সরকারের যারা চাটুকারিতা করে তারা শুধু বাংলার না গোটা দেশের কলঙ্ক।,bn,0,Aaj Tak Bangla,https://bangla.aajtak.in/fact-check/story/india-today-fact-check-bjp-division-bengal-north-bengal-jungle-mahal-283797-2021-06-23,BJP বাংলা
ভারত- চীন সীমান্তে উত্তেজনার মধ্যে সোশ্যাল মিডিয়াতে ছড়ালো পুরোনো ভিডিও,bn,1,Newschecker,https://newschecker.in/bn/fact-checks/old-video-of-india-pla-army-fight-circulating-now,ভারত চীন সীমান্ত
যুদ্ধে জড়ালে বাংলাদেশের সাহায্য পাবে না কোনো পক্ষই: কাদের,bn,1,Rumor Scanner,https://rumorscanner.com/fact-check/obaidul-quader-on-war/11553,রাশিয়া ইউক্রেন
ব্রাহ্মনবাড়িয়ায় চলমান ইউক্রেন-রাশিয়া যুদ্ধের পক্ষে বিপক্ষে তর্কে জড়িয়ে দুই যুদ্ধ বিশেষজ্ঞ দলের মারামারিতে ৫ জন আহত,bn,1,Rumor Scanner,https://rumorscanner.com/fact-check/bbaria-fight-ukraine-russia/11399,রাশিয়া ইউক্রেন
তেল আবিবে ইরানের মিসাইল হামলার ভিডিও,bn,0,ফ্যাক্ট চেক,https://factcheckbangla.afp.com/doc.afp.com.36MN9BR,রাশিয়া ইউক্রেন
"যুদ্ধ নয়,পৃথিবীর বুকে ভালোবাসা নেমে আসুক। ছবিটা রাশিয়া-ইউক্রেন বর্ডারে। ছেলেটির গায়ে ইউক্রেনের আর মেয়েটির গায়ে রাশিয়ার জাতীয় পতাকা",bn,1,Rumor Scanner,https://rumorscanner.com/fact-check/ukraine-russian-couple/11238,রাশিয়া ইউক্রেন
"যুদ্ধের কী পরিস্থিতি, দেখুন যুদ্ধক্ষেত্র থেকে সরাসরি",bn,2,Rumor Scanner,https://rumorscanner.com/fact-check/ukraine-russia-war-live/12649,রাশিয়া ইউক্রেন
ইউক্রেনের সেনাঘাটিতে রাশিয়ার ভয়ংকর বিমান হামলা!!উঠিয়ে নিয়ে যাচ্ছে শক্তিশালী যুদ্ধ ট্যাংকার গাড়ি,bn,1,Rumor Scanner,https://rumorscanner.com/fact-check/russian-air-strike-ukraine-base/11868,রাশিয়া ইউক্রেন
এটি রাশিয়ার ইউক্রেনে বিমান হামলার দৃশ্য।,bn,1,Aaj Tak Bangla,https://bangla.aajtak.in/fact-check/story/india-today-fact-check-viral-video-russia-ukraine-netherland-exercise-352040-2022-03-09,রাশিয়া ইউক্রেন
সমুদ্রের তলদেশ থেকে সাবমেরিন দিয়ে প্রথমবারের মত মিসাইল নিক্ষেপ করল ইরান।,bn,1,Rumor Scanner,https://rumorscanner.com/fact-check/false-claim-iran-israel-missile-video-russia-2022/154592,রাশিয়া ইউক্রেন
হে আল্লাহ ইউত্রেনের সকল মুসলমানদের রহ্মা করো,bn,1,Rumor Scanner,https://rumorscanner.com/fact-check/save-ukraine-muslim/11459,রাশিয়া ইউক্রেন
রাশিয়া-ইউক্রেনের যুদ্ধের আবহে ভাইরাল নোভোসিবিরস্কের গ্যাস স্টেশনে বিস্ফোরণের ভিডিও,bn,1,Newschecker,https://newschecker.in/bn/fact-checks/novosibirsk-gas-station-video-viral,রাশিয়া ইউক্রেন
রাশিয়া বানান ইউক্রেনের যুদ্ধ প্লিজ সবাই শেয়ার করেন,bn,1,Rumor Scanner,https://rumorscanner.com/fact-check/russia-vs-ukraine/12769,রাশিয়া ইউক্রেন
ভিডিও দেখায় রাশিয়া ইউক্রেনের যুদ্ধ,bn,1,ফ্যাক্ট চেক,https://bangla.boomlive.in/fact-check/ukraine-russia-arma-3-invasion-video-game-conflict-mathrubhumi-16924,রাশিয়া ইউক্রেন
রাশিয়া ও ইউক্রেনের যুদ্ধ নিয়ে এ কি বললেন মিজানুর রহমান আজহারী,bn,2,Rumor Scanner,https://rumorscanner.com/fact-check/azhari-on-ukraine-russia/11836,রাশিয়া ইউক্রেন
কিয়েভ শহরে নতুন কৌশলে আক্রমন শুরু করছে রুশ সেনারা,bn,1,Rumor Scanner,https://rumorscanner.com/fact-check/russian-attack-kyiv/12639,রাশিয়া ইউক্রেন
যুদ্ধ বোঝে না প্রেম! অথচ রাশিয়ার বিরুদ্ধে সেই ‘যুদ্ধে’ যাওয়ার আগে প্রেমিকাদের আলিঙ্গন ইউক্রেনের ফৌজিদের,bn,1,Rumor Scanner,https://rumorscanner.com/fact-check/ukrainian-couple/11299,রাশিয়া ইউক্রেন
সত্যিকারের নেতা কখনো জাতিকে যুদ্ধের ময়দানে ছেড়ে দিয়ে পালিয়ে যায়না। সবাই যখন নিরবে তখন নিজেই যুদ্ধের পথে। ইউক্রেনের প্রেসিডেন্ট জেলনস্কি নিজেই সামরিক পোশাক পড়ে রাশিয়ান সেনাদের প্রতিরোধে মাঠে নেমেছেন,bn,1,Rumor Scanner,https://rumorscanner.com/fact-check/ukraine-president-war-dress/11189,রাশিয়া ইউক্রেন
ছবিগুলো রাশিয়ার বিরুদ্ধে ইউক্রেনের প্রেসিডেন্ট জেলেনস্কির যুদ্ধে অংশগ্রহণের,bn,2,ফ্যাক্ট চেক,https://factcheckbangla.afp.com/doc.afp.com.324P636,রাশিয়া ইউক্রেন
রাশিয়া-ইউক্রেন যুদ্ধের আবহে যুদ্ধ পোশাকে ইউক্রেন রাষ্ট্রপতির পুরোনো ছবি ভাইরাল,bn,1,Newschecker,https://newschecker.in/bn/fact-checks/russia-ukraine-war-zelenskyy-old-image-viral,রাশিয়া ইউক্রেন
ছবিতে দেখা যায় রাশিয়া ও ইউক্রেনের মধ্যে চলা সাম্প্রতিক সংঘর্ষের দৃশ্য,bn,1,ফ্যাক্ট চেক,https://bangla.boomlive.in/fact-check/ukraine-crisis-2014-photo-of-anti-government-protest-in-keiv-ukraine-shared-falsely-as-russian-invasion-in-ukraine-17036,রাশিয়া ইউক্রেন
সোশ্যাল মিডিয়াতে রাশিয়া-ইউক্রেন যুদ্ধের আবহে ISKCON দ্বারা খাবার পরিবেশনের যে ছবিটি ভাইরাল হয়েছে তা ২০১৯ সাল থেকেই ইন্টারনেটে মজুত রয়েছে।,bn,1,Newschecker,https://newschecker.in/bn/fact-checks/iskcon-food-ukraine-old-ima,রাশিয়া ইউক্রেন
পুতিনের বিরুদ্ধে ইউক্রেনের রাস্তায় চললো অর্ধনগ্ন নারীদের প্রতিবাদ দাবিটি বিভ্রান্তিকর,bn,2,Newschecker,https://newschecker.in/bn/fact-checks/topless-women-protest-against-putin,রাশিয়া ইউক্রেন
ভিডিওতে দেখা যায় কিভাবে হামাস একটি ইসরায়েলি ট্যাংক ও সৈন্যদের ঘিরে ধরে এবং দখল করে।,bn,1,Aaj Tak Bangla,https://bangla.aajtak.in/fact-check/story/india-today-fact-check-old-video-from-russia-ukraine-war-falsely-shared-as-from-israel-hamas-war-727097-2023-12-15,রাশিয়া ইউক্রেন
ছবির দাবি রাশিয়া ইউক্রেন বর্ডারে ইউক্রেন আর রাশিয়ার পতাকা গায়ে জড়িয়ে ছেলে ও মেয়ে,bn,2,ফ্যাক্ট চেক,https://bangla.boomlive.in/fact-check/ukraine-crisis-2019-image-of-a-couple-hugged-draping-russia-ukraine-flag-shared-misleadingly-as-recent-17028,রাশিয়া ইউক্রেন
"ছবিতে দেখা যাচ্ছে রাশিয়ান সেনা কীভাবে ওয়্যাগনার গ্রুপের গাড়ি সন্দেহে একটি সাধারণ নাগরিকের গাড়িতে হামলা চালায়, যে ঘটনায় একজনের মৃত্যু হয় ও বাকিরা আহত।",bn,0,Aaj Tak Bangla,https://bangla.aajtak.in/fact-check/story/india-today-fact-check-old-photo-of-a-bullet-riddled-car-goes-viral-with-false-claims-amid-the-rise-of-wagner-forces-in-russia-604650-2023-06-26,রাশিয়া ইউক্রেন
ইউক্রেনে যুদ্ধ বিরতির ঘোষণা রাশিয়ার,bn,2,Rumor Scanner,https://rumorscanner.com/fact-check/russia-stoped-attack/11827,রাশিয়া ইউক্রেন
ছোট্ট মেয়ের সেনাকে দেখে প্রতিবাদ করার ভিডিওটি ২০১২ সালের প্যালেস্তাইনের,bn,1,Newschecker,https://newschecker.in/bn/fact-checks/girl-arguing-with-army-old-video,রাশিয়া ইউক্রেন
"75 ஆண்டுகளாக 'Ambedkar writings and speeches’ நூலை தமிழாக்கம் செய்யாத தமிழ்நாடு அரசு, விஜய் பேசிய பிறகுதான் தமிழாக்கம் செய்யத் தொடங்கியது - வழக்கறிஞர் சத்யகுமார், தவெக",ta,1,YouTurn,https://youturn.in/factcheck/tvk-sathyakumar-spins-the-narrative-vijay-introduced-ambedkar.html,தமிழ்நாடு அரசு
’கல்வி உரிமைச் சட்டத்தின் (RTE) கீழ் ஒன்றிய அரசு கொடுத்த நிதியை தமிழ்நாடு அரசு இன்னும் தனியார் பள்ளிகளுக்கு கொடுக்கவில்லை’ என்றும் ‘கடந்த நான்கரையாண்டு கால திமுக ஆட்சியில் பேருந்து கட்டணம் 4 மடங்கு உயர்ந்துவிட்டது’ என்றும் பாஜகவைச் சேர்ந்த விஜயலட்சுமி பரப்புகிறார்.,ta,1,YouTurn,https://youturn.in/factcheck/lies-spread-by-bjp-functionarie-vijayalakshmi-about-dmk-regime-.html,தமிழ்நாடு அரசு
போர் சூழலில் தவிக்கும் தமிழர்களை மீட்க துபாய் மற்றும் சவுதி அரேபியாவிற்கு தமிழக அரசு சார்பில் அனுப்பப்படும் சிறப்பு பேருந்து,ta,3,Newschecker,https://newschecker.in/ta/fact-check-ta/tn-bus-for-dubai-tamil-people-edited,தமிழ்நாடு அரசு
"கடந்த 5 ஆண்டுகளில் ஒரு யூனிட் மின்சாரத்தைக் கூடப் புதிதாக உற்பத்தி செய்ய இயலாத திமுக அரசு,

ஆளுநர் உரையைப் பயன்படுத்திப் பச்சைப்பொய்களைப் பரப்பி வருகிறது.",ta,1,YouTurn,https://youturn.in/factcheck/its-falsely-spread-that-dmk-gov-didnt-introduce-new-electricity-generation-plans-in-five-years.html,தமிழ்நாடு அரசு
"சாதித்து காட்டிய #நாம்தமிழர்கட்சி!

அரசு போக்குவரத்து கழகம் என்று இருந்ததை ‘தமிழ்நாடு அரசு போக்குவரத்து கழகம்’ என மாற்றம்.",ta,1,YouTurn,https://youturn.in/factcheck/its-falsely-claimed-that-because-of-ntk-protest-tamilnadu-has-been-written-again-in-tn-buses.html,தமிழ்நாடு அரசு
தமிழ்நாட்டில் உள்ள அரசுப் பள்ளியில் ஆசிரியைக்கு காலில் மசாஜ் செய்த மாணவிகள்,ta,1,Telugu Post,https://www.telugupost.com/Tamil-FactCheck/govt-school-girls-massage-to-teacher-legs-video-wrongly-viral-as-happening-in-tamil-nadu-1603336,தமிழ்நாடு அரசு
"‘ஒன்றிய அரசு பனையேறி தொழிலை அங்கீகரித்து அடையாள அட்டை வழங்கும் நிலையில், தமிழ்நாடு அரசு பனையேறி தொழிலை அங்கீகரிக்க மறுக்கிறது’ - ‘தமிழ் ஜனம்’ செய்தி.",ta,1,YouTurn,https://youturn.in/factcheck/tamil-janam-channel-falsely-reported-that-tngov-didnt-palm-tree-labours-.html,தமிழ்நாடு அரசு
"ஆக,. தமிழகத்தில் உள்ள அரசு பள்ளி கட்டிடங்கள் அனைத்தும் மத்திய அரசு நிதியில் தான் கட்டப்படுகிறதா?

அடப்பாவிங்களா,...

அப்போ மாநில அரசு கல்விக்காக செய்யும் செலவு என்ன?",ta,1,YouTurn,https://youturn.in/factcheck/aswathaman-spreads-lies-government-schools-built-with-union-government-funds.html,தமிழ்நாடு அரசு
மகளிர் உரிமைத் தொகை உள்ளிட்ட அரசு திட்டங்களுக்கு தேர்தல் முடியும் வரை தடை கோரி அதிமுக முன்னாள் அமைச்சர் சி.வி.சண்முகம் உயர்நீதிமன்றத்தில் மனு.,ta,3,Newschecker,https://newschecker.in/ta/fact-check-ta/cv-shanmugam-edited-news-card,தமிழ்நாடு அரசு
"தமிழ்நாட்டில் குண்டு வெடிப்பு பயங்கரவாத செயல்களை நடத்திட சதித்திட்டமா?

30 வருடம் தலைமறைவாக இருந்த பயங்கரவாதி அபுபக்கர் சித்திக் வீட்டிலிருந்து கைப்பற்றப்பட்ட வெடிகுண்டுகளை ஆந்திர போலீஸார் கைபற்றினர்.−செய்தி

தமிழ்நாடு போலீஸார் எங்க போனாங்க?

தேசிய புலனாய்வு அமைப்புக்கு NIA போலீசாருக்கு தமிழக அரசு ஒத்துழைப்பு கொடுக்காததால் ஆந்திராவிலிருந்து காவல்துறை வந்துள்ளது.

இதைப்பற்றி தமிழக ஊடகங்கள் விரிவான செய்திகளோ! விவாதங்களோ நடத்தவில்லை!",ta,2,YouTurn,https://www.youturn.in/factcheck/tnpolice-has-not-taken-any-action-to-arrest-terrorist-abubakar-siddique.html,தமிழ்நாடு அரசு
கன்னியாகுமரி கண்ணாடி பாலத்தில் நடக்க ஆளும் அரசு ரூ.300 வசூல் செய்கிறது.,ta,1,TeluguPost,https://www.telugupost.com/tamil-factcheck/are-any-fees-charged-to-walk-around-the-kanyakumari-glass-bridge-1581242,தமிழ்நாடு அரசு
என்னதான் செய்கிறீர்கள் அப்பாவும் மகனும் சேர்ந்து... இந்த அடிப்படை அறிவுகூட இல்லையாடா உங்களுக்கு…,ta,1,YouTurn,https://www.youturn.in/factcheck/tn-govt-has-not-provided-proper-maintenance-at-kalams-memorial.html,தமிழ்நாடு அரசு
"பெருமாள் கோவில் அறங்காவலராக இஸ்லாமியரை நியமித்த இந்து சமய அறநிலையத்துறை... இதுபோல் மசூதி பொறுப்புகளில் ஒரு இந்துவை தமிழக அரசு நியமிக்குமா? இது திட்டமிட்டு இந்து கோவில்களை அழிக்கும் முயற்சி..!! தஞ்சாவூர் மாவட்டம், பாபநாசம் தாலுகா நெடுந்தெரு கிராமத்தில் அமைந்துள்ள பழமை வாய்ந்த ராஜகோபால பெருமாள் கோவிலின் அறங்காவலராக நர்கீஸ் கான் என்கிற இஸ்லாமியரை இந்து சமய அறநிலையத்துறை அதிகாரிகள் நியமித்திருக்கிறார்கள்.",ta,1,YouTurn,https://www.youturn.in/factcheck/H-Raja-spread-a-rumor-that-a-Muslim-is-the-trustee-of-a-Perumal-temple.html,தமிழ்நாடு அரசு
"“கடந்தாண்டு மார்ச் 15ல் பிஎம்ஸ்ரீ பள்ளிகளை ஏற்றுக்கொள்வதாக தமிழக அரசு புரிந்துணர்வு ஒப்பந்தத்தில் கையெழுத்திட்டது"" - ஒன்றிய கல்வி அமைச்சர் தர்மேந்திர பிரதான்.

இதை செய்தி சரி பார்க்கும் “அறிஞர்கள் “ சரி பார்த்து உண்மையை விளக்குவார்களா.. ??",ta,1,YouTurn,https://www.youturn.in/factcheck/tn-accepted-to-sign-mou-of-pmshri-claimed-union-edu-minister-.html,தமிழ்நாடு அரசு
ஜெயலலிதா சொத்துக்களை தமிழ்நாடு அரசு மத்திய அரசிடம் ஒப்படைக்க வேண்டும் என பாஜக மாநிலத் தலைவர் அண்ணாமலை பேட்டி.,ta,1,Telugu Post,https://www.telugupost.com/tamil-factcheck/did-bjp-annamalai-say-that-jayalalithaas-properties-should-be-handed-over-to-the-union-government-1568405,தமிழ்நாடு அரசு
2025 ஜனவரி முதல் அனைத்து சனி ஞாயிறுகளிலும் அரசு விடுமுறை என்று தமிழக அரசு அறிவுப்பு @tenkasi_appatakkars #goverment #tamilnadu #news #shorts #memes #tenkasi #tenkasiappatakkars,ta,2,YouTurn,https://youturn.in/factcheck/all-saturday-sunday-holiday-in-2025.html,தமிழ்நாடு அரசு
"2025 ஜனவரி முதல் அனைத்து சனி, ஞாயிறுகளும் அரசு விடுமுறை என்று தமிழக அரசு அறிவிப்பு",ta,2,Newschecker,https://newschecker.in/ta/fact-check-ta/misleading-info-about-tn-go,தமிழ்நாடு அரசு
மேலவளவு கிராம பஞ்சாயத்து தலைவர் கொலை வழக்கில் சிறை சென்ற குற்றவாளிகள் 13 பேரை விடுதலை செய்த திமுக அரசு,ta,1,Newschecker,https://newschecker.in/ta/fact-check-ta/aiadmk-released-melavalavu-accuses,தமிழ்நாடு அரசு
தமிழக அரசு பள்ளியில் கிறிஸ்துவ போதனை,ta,2,Newschecker,https://newschecker.in/ta/fact-check-ta/old-video-viral-as-tn-school,தமிழ்நாடு அரசு
GST யினால் இலாபமா? இல்லை நஷ்டமா? நீங்களே யோசியுங்கள் தமிழ்நாட்டு மக்களே!!! எதையெல்லாம் தமிழ்நாடு அரசு எதிர்க்கிறதோ அதெல்லாம் மக்களுக்கு நல்ல திட்டங்களாக தான் இருக்கும்... VAT இங்கிற பெயரால் பல அடுக்குகளில் மக்களை குழம்ப வைத்து அதிக வரி வசூல் செய்தது யார் என்று தெரிந்து தெளியுங்கள்.,ta,2,YouTurn,https://youturn.in/factcheck/tax-comparison-between-NDA-and-upa-govt-is-misleading.html,தமிழ்நாடு அரசு
தமிழக அரசுக்கு 5 லட்சம் அபராதம் உச்சநீதிமன்றம் நெம்பர் ஒன் முதல்வருக்கு வந்த சோதனை.,ta,2,YouTurn,https://youturn.in/factcheck/supreme-court-fine-tamilnadu-government-old-news-recirculated.html,தமிழ்நாடு அரசு
மின்சார கட்டணத்தை உயர்த்தவிருக்கின்றது திமுக அரசு.,ta,1,Newschecker,https://newschecker.in/ta/fact-check-ta/electricity-bill-hike-misleading,தமிழ்நாடு அரசு
மதுரையில் AIIMS கட்ட தமிழ்நாடு அரசு ஜப்பான் JICA-விடம் கடன் வாங்க ஒப்பந்தம் செய்துள்ளது. அதனால்தான் மருத்துவமனை கட்ட தாமதமாகிறது. – நாராயணன் திருப்பதி (பாஜக),ta,1,YouTurn,https://youturn.in/factcheck/madurai-aiims-jica-loan-tn-govt-bjp.html,தமிழ்நாடு அரசு
"1977 ல் இருந்தே திராவிட அரசுகள் இதைத்தான் செய்கிறது, அதன் மூலம் இதுவரை 500 டன் தங்கம் உருக்கப்பட்டு வங்கியில் வைக்கப்பட்டு அதன் மூலம் அரசுக்கு 11 கோடிரூபாய் வட்டியாக வந்துள்ளது என்றும் தமிழகஅரசு நீதிமன்றத்தில் சொல்லியது. அதாவது ஒரு கிலோ தங்கத்தின் இன்றைய மதிப்பு ₹37,50,000 என்றால 500 டன் நகையின் மதிப்பு கிட்டத்தட்ட 2 லட்சம் கோடி. ஒரு ஆண்டுக்கு ₹7500 கோடி வட்டி வரும்போது 50 வருஷமாக ₹11 கோடி மட்டும் வட்டியாக வந்துள்ளது என்று அரசு பொய் சொல்கிறது.",ta,2,YouTurn,https://youturn.in/factcheck/tn-govt-melts-500-tonnes-of-gold-so-far-whatsapp-rumours.html,தமிழ்நாடு அரசு
"மத்திய அரசு வரி ரூ.16, தமிழக அரசு வரி ரூ.54; பெட்ரோல் பங்க்ல போர்டு வைக்க தமிழக அரசுக்கு தைரியம் இருக்கா? – பாஜக KP..ராமலிங்கம் கேள்வி",ta,1,YouTurn,https://youturn.in/factcheck/54-rupee-tax-on-petrol-in-tn.html,தமிழ்நாடு அரசு
1330 குறள்களையும் மனப்பாடமாக சொல்லும் மாணவர்களுக்கு ₹25000 பரிசாக அளிக்கின்றது தமிழக அரசு.,ta,1,Newschecker,https://newschecker.in/ta/fact-check-ta/1330-kural-%E2%82%B925000-partly-false,தமிழ்நாடு அரசு
2026ல் பாஜக ஆட்சி அமைந்தவுடன் வீட்டில் ஒருவருக்கு அரசு வேலை வழங்கப்படும் என்றார் அண்ணாமலை.,ta,1,Newschecker,https://newschecker.in/ta/fact-check-ta/annamalai-govt-job-partly-false,தமிழ்நாடு அரசு
இந்தக் கொடுமையைச் செய்றதுற்கு 20 கோடியை ஒதுக்கியிருக்கும் தமிழ்நாடு அரசை யாரும் கேள்வி கேட்பதில்லை!,ta,1,YouTurn,https://youturn.in/factcheck/stray-dog-tn-budget-20cr-video.html,தமிழ்நாடு அரசு
மத்திய அரசின் திட்டங்களுக்கு வேறொரு பெயரை வைத்து அறிவித்திருக்கிறார்கள்.,ta,1,YouTurn,https://youturn.in/factcheck/tn-budget-2024-copy-scheme-bjp.html,தமிழ்நாடு அரசு
"பள்ளிகளுக்கு 360 கோடி, திரைப்பட துறைக்கு 500 கோடி.",ta,2,YouTurn,https://youturn.in/factcheck/tn-budget-2023-school-cinema-fund.html,தமிழ்நாடு அரசு
தமிழ்நாடு அரசு கேட்கும் நிதியை தர முடியாது என்றார் பாஜக எம்எல்ஏ நயினார் நாகேந்திரன்,ta,1,Newschecker,https://newschecker.in/ta/fact-check-ta/relief-fund-nainar-nagendran-false,தமிழ்நாடு அரசு
தமிழ்நாடு அரசு வழங்கும் வெள்ள நிவாரணத் தொகையை பெறும் நாம் தமிழர் கட்சி உறுப்பினர்கள் எல்லோரும் அத்தொகையை நம் கட்சியின் திரள் நிதிக்கு அனுப்ப வேண்டும் என சீமான் வேண்டுகோள்,ta,1,Newschecker,https://newschecker.in/ta/fact-check-ta/fake-news-card-on-seeman-ntk,தமிழ்நாடு அரசு
"உங்கள் சொந்த கார்களை “வாடகை டாக்சி” ஆக்கலாம், தமிழக அரசு அனுமதி – மாலை மலர்",ta,2,YouTurn,https://youturn.in/factcheck/tn-govt-announces-passenger-vehicles-malaimalar.html,தமிழ்நாடு அரசு
தமிழ்நாடு அரசு அலுவலர் ஒன்றியத் தலைவர் சண்முகராஜன் . இவர் தான் கூட்டுறவு வருவாய் துறைக்கு வரவேண்டாம் என முதல்வரிடம் மனு அளித்தவர் . இது மக்களுக்கான திராவிட மாடல் அரசு,ta,1,YouTurn,https://youturn.in/factcheck/tamilnadu-govt-officer-attack-women.html,தமிழ்நாடு அரசு
M. No.393 இந்துமத சின்னம் மட்டுமே இதுவரை இருந்து வந்தது தமிழ்நாடு அரசு கெஜட்டில். இப்ப எப்படி பௌத்தமத சின்னம் வந்தது? ரொம்ப சிம்பிள்… இது சும்மா sample தான். இதற்கு அவ்வளவா எதிர்ப்பு இல்லைனா.. அடுத்து சிலுவையும் பிரையும் வைப்பானுங்க. அதன் முனடோட்டமே இந்த பௌத்த சின்னம்..,ta,1,YouTurn,https://youturn.in/factcheck/tn-hrce-department-logo-buddhist.html,தமிழ்நாடு அரசு
தோல்வியடைந்தது திமுகவின் உத்தரவு அனைத்து சாதியினரும் அர்ச்சகர் ஆகலாம் என்ற தமிழக அரசின் உத்தரவிற்கு இடைக்கால தடை விதித்தது சென்னை உயர்நீதிமன்றம். வழக்கு எண் ; WP 16287 /2021 & WMP 17241 / 2021…நீதிபதி அனிதா சுமந்த் அவர்கள் இடைக்கால தடை விதித்தார்.,ta,1,YouTurn,https://youturn.in/factcheck/archakar-posting-interim-injunction.html,தமிழ்நாடு அரசு
1970 இல் தமிழக அரசு மனோன்மணியம் சுந்தரனார் இயற்றிய பாடலின் இடையே உள்ள வரிகளை நீக்கி தமிழ்த்தாய் வாழ்த்தாக அறிவித்தது.,ta,0,YouTurn,https://youturn.in/factcheck/%E0%AE%A4%E0%AE%AE%E0%AE%BF%E0%AE%B4%E0%AF%8D%E0%AE%A4%E0%AF%8D%E0%AE%A4%E0%AE%BE%E0%AE%AF%E0%AF%8D-%E0%AE%B5%E0%AE%BE%E0%AE%B4%E0%AF%8D%E0%AE%A4%E0%AF%8D%E0%AE%A4%E0%AF%81-%E0%AE%A4%E0%AE%BF%E0%AE%B0.html,தமிழ்நாடு அரசு
அரசு நிர்ணயம் செய்த கல்வி கட்டணத்தை விட கூடுதல் கட்டணத்தை வசூல் செய்தால் மற்றும் வாங்கும் பணத்திற்கு முறையான பில் கொடுக்காத நிறுவனங்கள் மீது புகார் தெரிவிக்கலாம் தமிழக அரசு அறிவிப்பு! ஒவ்வொரு கல்வி நிறுவனங்களும் அரசு என்ன கட்டணம் நிர்ணயம் செய்ததை அரசு சார்பில் அறிவிப்பு பலகையில் ஒட்ட வேண்டும்.,ta,0,YouTurn,https://youturn.in/factcheck/institution-fees-complaint.html,தமிழ்நாடு அரசு
மத்திய அரசு 1 லிட்டர் பெட்ரோல் 59.94 ரூபாய்க்கு தமிழக அரசுக்கு கொடுக்கிறது திமுக தமிழக அரசு 100 ரூபாய்க்கு விற்பனை செய்கிறது,ta,1,YouTurn,https://youturn.in/factcheck/petrol-tax-tamilnadu-govt-vat.html,தமிழ்நாடு அரசு
புதிய இருசக்கர வாகனங்கள் விற்கும் போது 2 ஹெல்மெட்களை இலவசமாக வழங்க வேண்டும் என டீலர்களுக்கு தமிழக அரசு உத்தரவு.,ta,0,YouTurn,https://youturn.in/factcheck/tamilnadu-helmet-free.html,தமிழ்நாடு அரசு
பெட்ரோல் டீசல் மீதான வாட் வரியை உயர்த்தியது தமிழக அரசு !,ta,1,YouTurn,https://youturn.in/factcheck/petrol-tax-tamilnadu-govt-vat.html,தமிழ்நாடு அரசு
தமிழக அரசின் கோபுர சின்னம் மாற்றப்பட குழு அமைக்கப்படும் என்று உதயநிதி ஸ்டாலின் கூறியதாகப் பரவும் தகவல் குறித்த நியூஸ் கார்டு போலியானதாகும்.,ta,1,Newschecker,https://newschecker.in/ta/fact-check-ta/udayanidhi-stalin,தமிழ்நாடு அரசு
நீட் விவகாரத்தில் தமிழக அரசின் அவசர சட்டத்தை எதிர்த்து உச்ச நீதிமன்றத்தில் வழக்கு தொடர்வோம் – நளினி சிதம்பரம்,ta,1,YouTurn,https://youturn.in/factcheck/nalini-chidambaram-neet-dmk.html,தமிழ்நாடு அரசு
"வாகன ஓட்டுனர்களுக்கு, நிவாரண நிதியாக தமிழக அரசின் சார்பில் ரூ.1000 வழங்கப்பட இருப்பதாக தமிழக வாகன ஓட்டுனர்கள் மற்றும் தொழிலாளர்கள் நல சங்கத்தின் சார்பில் வெளியிடப்பட்ட அறிவிப்பு என்று பரவும் புகைப்படம் போலியானதாகும்.",ta,1,Newschecker,https://newschecker.in/ta/fact-check-ta/tndwwa,தமிழ்நாடு அரசு
மதுரையில் 100 கோடி மதிப்பில் தமிழன்னைக்கு சிலை அமைக்கும் திட்டம் தமிழக அரசால் கைவிடப்பட்டுள்ளது.,ta,0,YouTurn,https://youturn.in/factcheck/%E0%AE%A4%E0%AE%AE%E0%AE%BF%E0%AE%B4%E0%AE%A9%E0%AF%8D%E0%AE%A9%E0%AF%88%E0%AE%95%E0%AF%8D%E0%AE%95%E0%AF%81-%E0%AE%AA%E0%AE%BF%E0%AE%B0%E0%AE%AE%E0%AF%8D%E0%AE%AE%E0%AE%BE%E0%AE%A3%E0%AF%8D%E0%AE%9F.html,தமிழ்நாடு அரசு
"23.09.2014 தமிழக அரசு வெளியிட்ட அரசாணைப்படி சான்றிதழ்களின் நகல்களில் சான்றொப்பம்(attestation) அரசு அதிகாரிகளிடம் வாங்குவது மக்களுக்கும், அதிகாரிகளுக்கும் நேரம் விரயம் என்பதால் அரசு சார்ந்த வேலைகளுக்கு சுய சான்றொப்பம்(self-attestation) மட்டும் போதுமானது என அறிவித்துள்ளனர்.",ta,0,YouTurn,https://youturn.in/factcheck/self-attestation-interview-purpose.html,தமிழ்நாடு அரசு
திருட்டு திராவிட மாடல் அரசு உடனடியாக அகற்றப்பட வேண்டும்… இந்துக்கள் பெரும்பான்மையாக வாழும் தமிழகத்தில் அரசுப் பயணச்சீட்டு மூலம் கிருஸ்துவ மதமாற்றத்திற்கு தொடர்ந்து உதவி வருவது மிகவும் வேதனையான விஷயம்..!,ta,2,YouTurn,https://youturn.in/factcheck/tn-govt-bus-ticket-christian-campaign.html,தமிழ்நாடு அரசு
ஈழத் தமிழர்களுக்கு தரும் இலவசங்களை தமிழக அரசு நிறுத்த வேண்டும் என்றார் சீமான்,ta,1,Newschecker,https://newschecker.in/ta/news-ta/seeman-never-opposed-eelam-free-aid,தமிழ்நாடு அரசு
"திருமணத்திற்குத் தாலிக்கு தங்கம் இல்லை ! கோவில்களில் கல்யாணம் செய்ய அனுமதியும் ௫50,000 மும் வசுலிக்கும் இந்த விடியா அரசு, திருமணத்திற்கும் எதிரான அரசு !!",ta,1,YouTurn,https://youturn.in/factcheck/hindu-marriage-50000-scheme.html,தமிழ்நாடு அரசு
தமிழக அரசு ஊழியர்களின் ஓய்வு வயது 58 ஆக குறைப்பு என்பதாக தமிழ்நாடு அரசு அறிவிப்பு வெளியிட்டதாகப் பரவுகின்ற நியூஸ் கார்டு போலியானதாகும்.,ta,1,Newschecker,https://newschecker.in/ta/fact-check-ta/retirement-age,தமிழ்நாடு அரசு
தமிழக அரசின் கொரோனா உதவி தொகை பெற்ற மூதாட்டியை புகைப்படம் எடுத்து புகழ் பெற்ற கன்னியாகுமரியை சேர்ந்த புகைப்பட கலைஞர் ஸ்டாலின் ஜேக்கப் இன்று விபத்தில் காலமானார்.,ta,1,Youturn | fact check,https://youturn.in/factcheck/photographer-stalin-jacob-picture.html,தமிழ்நாடு அரசு
தமிழக அரசு சின்னத்தில் இருந்த ” வாய்மையே வெல்லும்” என்ற தமிழ் சொற்கள் நீக்கம்,ta,1,YouTurn,https://youturn.in/factcheck/tamilnadu-emblem-tamil-remove.html,தமிழ்நாடு அரசு
நீட் விவகாரத்தில் தமிழக அரசுக்கு எதிராக உச்ச நீதிமன்றத்தில் வழக்கு தொடர்வோம் என்று நளினி சிதம்பரம் கூறியதாகப் பரவும் செய்தி பழையதாகும்.,ta,2,Newschecker,https://newschecker.in/ta/fact-check-ta/neet-2,தமிழ்நாடு அரசு
திமுக ஆட்சியில் அரசு பேருந்து படிக்கட்டு உடைந்ததாக பரவும் படம்,ta,2,Newschecker,https://newschecker.in/ta/fact-check-ta/govt-bus-footboard-broken-old-photo,தமிழ்நாடு அரசு
இந்துக்கள் பெரும்பான்மையாக வாழும் தமிழகத்தில் அரசுப் பயணச்சீட்டு மூலம் கிருஸ்துவ மதமாற்றத்திற்கு தொடர்ந்து உதவி வருவது மிகவும் வேதனையான விஷயம்,ta,2,Newschecker,https://newschecker.in/ta/fact-check-ta/viral-private-ticket-image-spread-as-tamil-nadu-government-bus-ticket,தமிழ்நாடு அரசு
"கட்டணமில்லா பேருந்து ரத்து, அரசு பஸ் கட்டணம் உயர்வு. அடுத்தடுத்து ஷாக் கொடுக்கும் விடியல் அரசு.",ta,1,YouTurn,https://youturn.in/factcheck/women-free-bus-travel-bjp-admk.html,தமிழ்நாடு அரசு
"பெண்களுக்கு ஆபத்து நேரங்களில் உதவி செய்யவும், பாதுகாப்பு தரவும் தமிழக அரசு 181 ஹெல்ப்லைன் சேவையை தொடங்கியுள்ளது.",ta,0,YouTurn,https://youturn.in/factcheck/women-helpline-number.html,தமிழ்நாடு அரசு
குடும்ப அட்டைக்கு ரூ.1000 வழங்குவது சாத்தியமில்லை என தமிழக அரசு அறிவிப்பு !,ta,1,YouTurn,https://youturn.in/factcheck/ration-card-1000rs-tn-govt.html,தமிழ்நாடு அரசு
"அவசர தகவல் தயவுசெய்து கவனிக்கவும். உங்களுக்கு அழைப்பு வந்து, நீங்கள் கொரோனா தடுப்பூசி எடுத்துள்ளீர்களா என்று கேட்டால், 1ஐ அழுத்தவும். இல்லையென்றால், 2 ஐ அழுத்துவதற்கான விருப்பம் உங்களுக்கு வழங்கப்படும். ஆனால் நீங்கள் ஒன்று அல்லது இரண்டு எண்களை அழுத்தினால், உங்கள் மொபைல் செயலிழந்து, உங்கள் வங்கி கணக்கு விவரங்கள் முழுவதும் மறைந்துவிடும், எனவே உடனடியாக அழைப்பை துண்டிக்கவும். முடிந்தவரை இந்த செய்தியை எல்லா இடங்களுக்கும் அனுப்புங்கள். எல்லா மொபைல்களிலும் விரைவாகப் பரவ வேண்டும். சைபர் கிரைம் போலீஸ்-",ta,1,YouTurn,https://youturn.in/factcheck/corona-vaccine-feedback-call-rumour.html,கொரோனா தடுப்பூசி
"ஊசி செலுத்தப்பட்டோருக்கு கொடிய எய்ட்ஸ் நோயை உண்டாகும் ஹெச்.ஐ.வி வைரஸ் இருப்பதாக சோதனைகள் காண்பித்தன. யாருக்கெல்லாம் ஊசி போட்டாங்களோ கொரோனா வைரஸ் கிட்ட இருந்து காப்பதும் தடுப்பூசி என மருத்துவர்கள், விஞ்ஞானிகள் சந்தோசம் அடைஞ்சாங்க. இந்த மாறி ஊசிப் போட்டவர்களுக்கு என்னென்ன பிரச்சனை ஏற்படுது என ஆய்வு செய்து பார்ப்பார்கள். அப்படி விஞ்ஞானிகளுக்கு என்ன தெரிய வந்தது.",ta,1,YouTurn,https://youturn.in/factcheck/corona-vaccine-aids-thanthitv.html,கொரோனா தடுப்பூசி
கொரோனா தடுப்பூசி போட்டவர்கள் இரண்டு ஆண்டுக்குள் இறந்து விடுவார்கள் என்று பிரெஞ்சு வைராலஜிஸ்ட் லூக் மாண்டாக்னியர் கூறினார்.,ta,1,Newschecker,https://newschecker.in/ta/coronavirus-ta/vaccinated-will-not-die-in-2-years,கொரோனா தடுப்பூசி
"Current prices இன் படி, 2013-14 இல் தமிழ்நாட்டின் தனிநபர் NSDP ₹ 1,16,960 ஆகவும், 2022-23 இல் ₹ 2,75,583 ஆகவும் இருந்தது. அதன்படி 10 ஆண்டுகளுக்கு இதன் CAGR சதவீதம் 8.94% ஆக உள்ளது. இதே போன்று Current prices இன் படி, 2013-14 இல் தேசிய அளவில் தனிநபர் மொத்த உள்நாட்டு உற்பத்தி (GDP per Capita) ₹ 74,920 ஆகவும், 2022-23ல் ₹ 1,96,983 ஆகவும் உள்ளது. அதன்படி 10 ஆண்டுகளுக்கு இதன் CAGR சதவீதம் 10.15% ஆக உள்ளது. இதிலிருந்து, தேசிய அளவில் தனிநபர் CAGR TN ஐ விட 1.21% அதிகமாக உள்ளது. – தமிழ்நாடு பாஜக மாநிலத் தலைவர் அண்ணாமலை",ta,2,YouTurn,https://youturn.in/factcheck/cagr-per-capita-at-a-national-level-is-higher-than-tn-annamalai-lies.html,இந்தியா பொருளாதாரம்
உலகின் அனைத்து முக்கிய பொருளாதாரங்களையும் விட இந்தியா மிகச் சிறப்பாக உள்ளது,ta,0,vishvasnews.com,https://www.vishvasnews.com/tamil/politics/https-www-vishvasnews-com-tamil-politics-fact-check-post-claiming-india-gdp-rate-projections-comparing-other-countries-is-misleading/,இந்தியா பொருளாதாரம்
மோடி அரசுக்கு எதிராக டெல்லியில் நடக்கும் போராட்டத்தில் கலந்து கொள்வதற்காக தனது 4 கோடி ரூபாய் மதிப்புமிக்க ரேஞ்சி ரோவர் காரில் வந்து இறங்கிய எழை விவசாயி. விவசாய சட்டங்களை திரும்ப பெற வேண்டும் என்று அப்போது போராடினார்கள் கடைசியில் திரும்பவும் பெற்றார்கள்.. இப்போது அந்த விவசாய சட்டங்களில் சொல்லியிருந்த சில திட்டங்களை கொண்டு வாருங்கள் என்கிறார்கள் .,ta,1,YouTurn,https://youturn.in/factcheck/delhi-farmers-protest-range-rover-car.html,விவசாயி போராட்டம்
"விவசாயிகள் என்ற போர்வையில் உலா வரும் பிரோகர்கள் தங்கள் டிராக்டரின் கீழ் ஒரு போலீஸ் அதிகாரியை நசுக்கினர். அப்பாவை இழந்து, மகனை இழந்து, கணவனை இழந்த அந்த குடும்பம் எவ்வளவு கஷ்டபடும்.",ta,1,YouTurn,https://youturn.in/factcheck/delhi-farmers-protest-old-videos.html,விவசாயி போராட்டம்
"60% விவசாயிகள் மோடி அமைதியாக இருப்பதாலும், அவர்களை அவமரியாதை செய்வதாலும் அதிருப்தி அடைந்துள்ளனர். இந்தியாவின் முக்கிய பிரச்சனையை அவர் புறக்கணிக்கிறார். டெல்லி எல்லையில் மொபைல் டவர்கள் முடக்கப்பட்டுள்ளன.",ta,1,YouTurn,https://youturn.in/factcheck/delhi-farmers-protest-crowd-video.html,விவசாயி போராட்டம்
"டில்லி பார்டரில் தர்ணா செய்ய மாத சம்பளம். புரோக்கர்கள் 35000 பேச, விவசாயி 40,000 கேட்க, உனக்கு இங்கு சாப்பாடு, தண்ணி என வசதிகள் தருகிறோம். அங்கு உன் வயலில் ஆட்களும் வேலை செய்கிறார்கள். அப்போது எதற்கு ரூ 40,000 பேரம் பேசுகிறாய் என கூறி புரோக்கர் விவசாயி கழுத்தை பிடிக்கிறான். இவர்கள் திட்டமே மோடி எதிர்ப்பு மட்டுமே..",ta,1,YouTurn,https://youturn.in/factcheck/an-old-funny-video-of-a-tractor-deal-shared-as-farmers-protest.html,விவசாயி போராட்டம்
"முழுக்கமுழுக்க தேசபிரிவினைவாதிகள் சட்ட விரோத ஊடுருவல்காரர்கள் தீவிரவாதிகள் இவர்களை ஒருங்கிணைத்து தேசத்திற்கு எதிராக போராடும் கம்யூனிஸ்ட் கட்சிகளை தடை செய். பஞ்சாப் விவசாயி பாக்கிஸ்தான் கொடி, பாக்கிஸ்தான் ஜிந்தாபாத் டர்பன் கட்டினால் சீக்கியரா மண்டைய மறைச்சாலும் கொண்டைய மறைக்க மறந்துடுறீங்களே குல்லா பாய்ஸ்.",ta,1,YouTurn,https://youturn.in/factcheck/farmers-protest-pro-pakistan-flag.html,விவசாயி போராட்டம்
ஹரியானா எல்லையில் போராட்டத்தில் ஈடுபட்டிருக்கும் போலியான காலிஸ்தான் விவசாயிகள் மசூதியில் நவாஸ் ஓதுவதைக் காணுங்கள். இவர்கள் சீக்கிய வேஷம் போட்ட முஸ்லீம்களா அல்லது இவர்கள் இஸ்லாத்தை ஏற்றுக்கொண்ட சீக்கியர்களா? ஆச்சரியமாக இருக்கிறது..,ta,1,YouTurn,https://youturn.in/factcheck/nihang-sikhs-farmers-offering-namaz-fake-news.html,விவசாயி போராட்டம்
டேய் Mercedes G wagonஐ கொண்டாந்து நிறுத்தி கார்பரேட்டை எதிர்ப்பது எல்லாம் வேற லெவல்ல போறிங்க டா.. அந்த வண்டியின் தோராய விலை ₹2 கோடி.. வாங்கடா ஏழைகளா,ta,1,YouTurn,https://youturn.in/factcheck/farmers-protest-mercedes-benz-car.html,விவசாயி போராட்டம்
"ஜெய் இஸ்ரேல்

தீவிரவாதிகளுக்கு பாலாஷ்தீனம் அடைக்கலம் கொடுத்ததால் தான் இன்று இஸ்ரேல் வச்சு செய்றான்...

தமிழ்நாட்டில் தீவிரவாதிகளுக்கு நாம் இடம் கொடுத்தால் நாளைக்கு தமிழ்நாடு சுடுகாடு ஆகும்…",ta,1,YouTurn,https://youturn.in/factcheck/iran-video-goes-viral-claiming-israel-is-attacking-palestine.html,இஸ்ரேல் பாலஸ்தீனம்
"நீட் தேர்வு முடிவுகள் வெளியீடு : நீட் தேர்வில் தேர்ச்சி பெற்றவர்களில் பட்டியல் இனத்தவர்கள் 20,009 பேர், பிற்படுத்தப்பட்ட வகுப்பினர் 63,749 பேர், முன்னேறிய வகுப்புகளைச் சேர்ந்த 7,04,335 பேர் நீட் தேர்வில் தேர்ச்சி பெற்றுள்ளனர்.

3% உள்ள முன்னேறிய வகுப்பு பசங்களுக்கு 45% இடம், 60% உள்ள பிற்படுத்தப்பட்டோருக்கு 42% இடம், 37% உள்ள ஒடுக்கப்பட்டோருக்கு 13% இடம்.",ta,1,YouTurn,https://youturn.in/factcheck/neet-result-percentage.html,நீட் தேர்வு
நீட் தேர்வு கொண்டு வந்ததே நாங்கள்தான் - தமிழ்நாடு முதல்வர் மு.க.ஸ்டாலின்,ta,2,Newschecker,https://newschecker.in/ta/fact-check-ta/a-video-of-cm-mk-stalin-spread-with-cropped-footage-about-his-neet-speech,நீட் தேர்வு
நீட் வழக்கு. ஜார்கண்ட் டியோகர் காங்கிரஸ் அலுவலகத்தில் பதுங்கியிருந்த 6 பேரை சிபிஐ கைது செய்தது,ta,1,YouTurn,https://youturn.in/factcheck/neet-scam-accused-arrested-in-congress-office-fake-news.html,நீட் தேர்வு
"சித்தா, ஆயுர்வேத படிப்புகளுக்கு நீட் தேர்வு மதிப்பெண்கள் கட்டாயம் என தமிழக சுகாதாரத்துறை அமைச்சர் விஜயபாஸ்கர் தெரிவித்து உள்ளார். இந்த ஆண்டு முதலே சித்த மருத்துவ படிப்புக்கும் நீட் தேர்வு முறைப்படி மாணவர் சேர்க்கை.",ta,0,YouTurn,https://youturn.in/factcheck/neet-for-siddha.html,நீட் தேர்வு
நீட் விவகாரத்தில் திமுக பொய் வாக்குறுதிகளால் மாணவர்களை கொலை செய்துக் கொண்டிருக்கின்றது என்றார் செந்தில் வேல்,ta,1,Newschecker,https://newschecker.in/ta/fact-check-ta/neet-senthil-vel,நீட் தேர்வு
கையெழுத்திட மாட்டோம் – எடப்பாடி. நீட் தேர்வுக்கு எதிராக திமுக மற்றும் அமைச்சர் உதயநிதி சார்பில் நடத்தும் கையெழுத்து இயக்கத்தில் அதிமுக நிர்வாகிகள் யாரும் கையெழுத்திட மாட்டோம். எதிர்க்கட்சி தலைவர் எடப்பாடி பழனிசாமி பேட்டி,ta,1,YouTurn,https://youturn.in/factcheck/neet-udhayanidhi-admk-palanisamy.html,நீட் தேர்வு
"உத்தரப்பிரதேசத்தில் +2 தேர்வில் ஹிந்தியில் தேர்ச்சி பெறாதவர்கள் 12,40,000 . ஆனால், நீட் தேர்வில் முதலிடம்.",ta,2,YouTurn,https://youturn.in/factcheck/up-neet-hindi,நீட் தேர்வு
"மேலே உள்ள புகைப்படங்களில் இருப்பவர்கள் நீட் நுழைவுத்தேர்வு வினாத்தாள் கசிவோடு தொடர்புடைய பயனாளிகள், அவர்கள் யார் மற்றும் எந்த மதத்தைச் சார்ந்தவர்கள் என்பதை சற்று பார்த்து யூகிக்கவும்? அனைவரும் முஸ்லிம்கள் மட்டுமே.",ta,1,YouTurn,https://youturn.in/factcheck/photos-of-top-neet-scorers-from-an-institute-in-kottakkal-is-falsely-linked-to-paper-leak-adding-a-false-communal-angle.html,நீட் தேர்வு
நீட் தேர்வு வழக்கு – ரிட் மனு வாபஸ். நீட் தேர்வு சட்ட திருத்தத்துக்கு எதிரான ரிட் மனுவை திரும்ப பெற்றது தமிழக அரசு ரிட் மனுவை திரும்ப பெற உச்சநீதிமன்றம் அனுமதி.,ta,2,YouTurn,https://youturn.in/factcheck/neet-writ-petition-dmk-govt-truth.html,நீட் தேர்வு
"நீட் தேர்வை தடை செய்யற ரகசியம் எங்ககிட்ட தான் இருக்குனு சொல்லீட்டு , இப்ப என்னடானா எல்லாம் வழக்கையும் வாபஸ் வாங்கறான்.",ta,2,Newschecker,https://newschecker.in/ta/fact-check-ta/tn-govt-filed-original-suit-for-neet-ban-and-withdraw-writ-news-spreads-with-misleads,நீட் தேர்வு
நீட்டிற்கு எதிராக தெலுங்கானா புதிய சட்டம் : 100% MBBS சீட்டுகளும் தெலுங்கானாவிற்கே நிறைவேற்றம்,ta,2,YouTurn,https://youturn.in/factcheck/neet-seats-telangana-govt-new-act.html,நீட் தேர்வு
நீட் தேர்வு ரத்து செய்யப்படவில்லையெனில் முதல்வர் பதவியை ராஜினாமா செய்வேன் என்றார் மு.க.ஸ்டாலின்,ta,1,Newschecker,https://newschecker.in/ta/fact-check-ta/neet-issue-m-k-stalin,நீட் தேர்வு
தூக்கு மேடை எனக்கு பஞ்சு மெத்தை. நீட் தடை செய்யவில்லை என்றால் அனிதா போன்று தற்கொலை செய்யவும் நான் தயார் என் உயிர் போனால் தான் நீட் தடை என்றால் அதற்க்கும் தயார் – மாவீரன் வீரமணி,ta,1,YouTurn,https://youturn.in/factcheck/neet-ban-dk-veeramani-fake-news-card.html,நீட் தேர்வு
வரலாற்றில் என்றோ. நீட் ஆதரித்துப் புத்தகம் எழுதி வெளியிட்ட சூர்யாவின் அகரம் அறக்கட்டளை. (வீடியோ இணைப்பு மறுமொழியில்) #TNagainstNEET,ta,2,YouTurn,https://youturn.in/factcheck/actor-suriya-neet-book-launch.html,நீட் தேர்வு
ఆంధ్రప్రదేశ్ లో మద్యం ధరలు ఎక్కువైన కారణంగా తెలంగాణ నుండి అక్రమంగా మద్యం తరలిస్తున్న ఫోటో.,te,1,FACTLY,https://factly.in/unrelated-old-photo-shared-as-people-smuggling-liquor-from-ts-to-ap/,ఆంధ్రప్రదేశ్ తెలంగాణ
"పనితీరు సంతృప్తికరంగా లేని ఎంపీలు, ఎమ్మెల్యేలను రీకాల్ (పదవి నుంచి తొలగించే) చేసేలా ఒక బిల్లును మోదీ ప్రభుత్వం త్వరలో లోక్‌సభలో ప్రవేశపెట్టనుంది.",te,2,FACTLY,https://factly.in/telugu-there-are-no-credible-reports-that-the-modi-government-is-set-to-introduce-the-right-to-recall-bill/,మోదీ ప్రభుత్వం
స్వాతంత్రం వచ్చిన తరువాత మొదటిసారి ఉగాదిని జాతీయ సెలవుదినంగా మోదీ ప్రభుత్వం ప్రకటించింది,te,2,FACTLY,https://factly.in/telugu-modi-government-has-not-declared-ugadi-as-a-national-holiday-for-the-first-time-since-independence/,మోదీ ప్రభుత్వం
కశ్మీర్ అంశంలో చైనాను కూడా అంతర్భాగం చేయాలని ప్రతిపాదించిన UNMOGIP దౌత్యవేత్తల వీసాలు రద్దు చేసిన మోదీ ప్రభుత్వం,te,1,FACTLY,https://factly.in/telugu-no-truth-in-rumours-of-modi-cancelling-visas-of-unmogip-officials/,మోదీ ప్రభుత్వం
"మోదీ హాయాంలో ఎటువంటి ప్రభుత్వ రంగ సంస్థలు స్థాపించకపోగా, అత్యధికంగా ప్రభుత్వ రంగ సంస్థలు అమ్మేయడం జరిగింది",te,2,FACTLY,https://factly.in/telugu-modi-government-has-just-sold-stake-in-various-psus-not-sold-them-outright/,మోదీ ప్రభుత్వం
కాంగ్రెస్ ప్రభుత్వం పెట్రోల్ మీద చేసిన అప్పులకు సంబంధించి మోదీ ప్రభుత్వం ప్రతీ సంవత్సరం ఇరవై వేల కోట్లు చెల్లిస్తుంది,te,1,FACTLY,https://factly.in/telug-modi-government-has-spent-an-average-of-rs-10528-crore-per-year-towards-the-oil-bonds-issued-by-previous-governments/,మోదీ ప్రభుత్వం
1991లో అప్పటి భారత ప్రభుత్వం విదేశీ బ్యాంకుల్లో తాకట్టు పెట్టిన సుమారు లక్ష కేజీల బంగారాన్ని ఇటీవలే మోదీ నేతృత్వంలోని బీజేపీ ప్రభుత్వం మన దేశానికి తీసుకొచ్చింది.,te,2,FACTLY,https://factly.in/telugu-in-fy24-rbi-moved-100-mt-of-gold-stored-abroad-to-domestic-vaults-but-still-had-413-79-mt-of-gold-reserves-abroad/,మోదీ ప్రభుత్వం
కాంగ్రెస్ ప్రభుత్వం పెట్రోల్ పై చేసిన వివిధ అప్పులు మరియు చెల్లించాల్సిన బాకీలు మొత్తం చెల్లించింది మోదీ ప్రభుత్వమే,te,1,FACTLY,https://factly.in/telugu-modi-government-did-not-repay-about-rs-8-lakh-crore-debt-incurred-by-congress-government-on-petrol/,మోదీ ప్రభుత్వం
లడఖ్ రాజధాని లేహ్‌లోని కుశోక్ బకుల రింపోచీ విమానాశ్రయాన్ని నరేంద్ర మోదీ ప్రభుత్వం నిర్మించింది,te,1,FACTLY,https://factly.in/telugu-its-not-the-modi-government-that-built-the-kushok-bakula-rinpoche-airport-in-ladakh/,మోదీ ప్రభుత్వం
నరేంద్ర మోదీ ప్రభుత్వంలో అమ్మబడిన మరియు అమ్మబోతున్న ప్రభుత్వ రంగ సంస్థల జాబితా,te,2,FACTLY,https://factly.in/telugu-except-for-air-india-none-of-the-companies-have-been-fully-privatised-by-the-narendra-modi-government/,మోదీ ప్రభుత్వం
"గత ప్రభుత్వాలు పెట్రోల్ కి సంబంధించి ఇతర దేశాల నుండి తెచ్చిన రూ. 2.5 లక్షల కోట్ల అప్పుని మరియు ఈ అప్పుల పై సంవత్సరానికి రూ. 25,000 కోట్ల వడ్డీని నరేంద్ర మోదీ ప్రభుత్వం తీర్చింది",te,1,FACTLY,https://factly.in/telugu-modi-govt-has-so-far-paid-rs-73696-crore-only-not-2-5-lakh-crore-towards-previous-oil-debts/,మోదీ ప్రభుత్వం
"మోర్బీ వంతెన ఘటన భాదితులకు ప్రభుత్వం కేవలం సుమారు 5 కోట్ల రూపాయిలు పరిహారం ఇస్తే, ప్రధాని మోదీ మోర్బీ పర్యటనకు మాత్రం 30 కోట్ల రూపాయిలు ఖర్చు చేసినట్టు RTI సమాధానం ద్వారా తెలిసింది",te,1,FACTLY,https://factly.in/telugu-pib-clarified-that-no-rti-revealed-that-the-government-spent-rs-30-crore-on-pm-modis-morbi-visit/,మోదీ ప్రభుత్వం
మోదీ ప్రభుత్వం యొక్క పబ్లిసిటీ ఖర్చు 43 వేల కోట్లు,te,1,FACTLY,https://factly.in/telugu-modi-government-did-not-spend-rs-43000-crore-on-publicity/,మోదీ ప్రభుత్వం
కుటుంబ నియంత్రణ లేని వారికి రాయితీలు తీసేస్తూ రాజ్యాంగ సవరణ బిల్లు ప్రవేశపెట్టిన మోడీ ప్రభుత్వం.,te,1,FACTLY,https://factly.in/telugu-the-population-control-bill-was-not-introduced-by-bjp-in-the-parliament/,మోదీ ప్రభుత్వం
కరోనా వైరస్ సెకండ్ వేవ్ నేపథ్యంలో భారత ప్రధాని నరేంద్ర మోదీ ప్రభుత్వానికి మద్దతుగా కథనాలను ప్రచురించిన అంతర్జాతీయ మీడియా,te,2,FACTLY,https://factly.in/telugu-international-media-did-not-publish-these-articles-in-support-of-narendra-modi-government/,మోదీ ప్రభుత్వం
భారతదేశ ఆర్థిక వ్యవస్థ మరియు ప్రధాని మోదీ ని ప్రశంసిస్తు మోర్గాన్ స్టాన్లీ రీసెర్చ్ చేసిన వ్యాఖ్యలు,te,1,FACTLY,https://factly.in/telugu-except-for-one-none-of-these-statements-on-the-indian-economy-were-made-by-morgan-stanley/,భారత ఆర్థిక వ్యవస్థ
ఫిబ్రవరి 2024లో ఢిల్లీలో జరుగుతున్న రైతుల అందోళనలకు సంబంధించిన దృశ్యాలను చూపిస్తున్న వీడియోలు,te,1,FACTLY,https://factly.in/unrelated-videos-are-falsely-being-linked-to-the-ongoing-farmers-protests/,రైతు నిరసన
పంజాబ్‌లో కొనసాగుతున్న రైతు నిరసనల మధ్య రైతులు పోలీసులపైకి ట్రాక్టర్‌ను ఎక్కించారు,te,2,FACTLY,https://factly.in/telugu-an-old-unrelated-video-is-being-shared-as-it-took-place-amidst-the-ongoing-farmer-protests/,రైతు నిరసన
13 ఫిబ్రవరి 2024న ఢిల్లీలో తలపెట్టిన రైతుల నిరసన ర్యాలీ కోసం మార్పులు చేయబడిన ట్రాక్టర్లను చూపిస్తున్న ఫోటో,te,2,FACTLY,https://factly.in/telugu-this-viral-photo-showing-modified-tractors-for-the-delhi-chalo-farmers-protest-rally-is-created-by-ai/,రైతు నిరసన
ప్రస్తుతం ఢిల్లీలో జరుగుతున్న రైతు అందోళనలలో సిక్కు రైతులు హిందూ ఆలయంపై దాడి చేసారు,te,1,FACTLY,https://factly.in/a-video-of-an-attack-on-a-hindu-temple-in-the-past-is-being-shared-as-recent-attack-in-the-current-farmers-protests/,రైతు నిరసన
నిరసన చేస్తున్న రైతులు ఇప్పుడు రహదారి పై ఉన్న హిందీ బోర్డులకి నల్ల రంగు పుస్తున్న దృశ్యాలు,te,1,FACTLY,https://factly.in/telugu-2017-visuals-of-sikh-activists-defacing-hindi-signboards-falsely-linked-to-ongoing-farmers-protest/,రైతు నిరసన
1917లో బ్రిటిష్ ప్రభుత్వానికి వ్యతిరేకంగా చంపారన్ రైతులు నిరసన తెలుపుతున్న ఫోటో మరియు 2020లో నరేంద్ర మోదీ ప్రభుత్వానికి వ్యతిరేకంగా నిరసన తెలుపుతున్న రైతుల ఫోటో,te,1,FACTLY,https://factly.in/telugu-unrelated-pictures-are-compared-as-farmers-protest-against-british-vs-modi/,రైతు నిరసన
రైతు ఉద్యమకారుల ముసుగులో ఉన్న ఖలిస్తాన్ ఉగ్రవాదులను ఢిల్లీలో అరెస్ట్ చేసిన ఢిల్లీ స్పెషల్ క్రైమ్ సెల్,te,1,FACTLY,https://factly.in/telugu-old-photo-of-khalistan-supporters-arrest-is-falsely-linked-to-farmer-protests/,రైతు నిరసన
రైతుల ఆందోళనల్లో ఖలిస్తాన్ కి అనుకూలంగా మరియు భారత్ కు వ్యతిరేకంగా మాట్లాడుతున్న నిరసనలకారులు,te,1,FACTLY,https://factly.in/telugu-old-and-unrelated-videos-are-being-shared-as-related-to-the-ongoing-farmers-protest/,రైతు నిరసన
കേരള സർക്കാർ സ്കൂളുകളിൽ നിന്നും പ്രാർത്ഥന ഒഴിവാക്കുന്നു.,ml,1,India Today Malayalam,https://malayalam.indiatoday.in/fact-check/story/fact-check-has-kerala-government-decided-to-remove-prayers-from-schools-heres-the-truth-1240802-2025-07-07,കേരള സർക്കാർ
ഹജ്ജ് തീർത്ഥാടകർക്ക് കേരള സർക്കാരിന്റെ സമ്മാനങ്ങൾ അടങ്ങുന്ന ബാഗുകൾ.,ml,1,Newschecker,https://newschecker.in/ml/fact-check-ml/not-state-gov-gift,കേരള സർക്കാർ
ഹജ്ജിന് പോയവർക്ക് കേരള സർക്കാർ നൽകിയ ബാഗിന്റെ ദൃശ്യം.,ml,1,India Today Malayalam,https://malayalam.indiatoday.in/fact-check/story/fact-check-hajj-pilgrims-kit-bag-shown-in-video-not-provided-by-kerala-government-1225268-2025-06-06,കേരള സർക്കാർ
പിണറായി സർക്കാർ ആരംഭിച്ച സഞ്ചരിക്കുന്ന ബാറിന്റെ ദൃശ്യം.,ml,1,India Today Malayalam,https://malayalam.indiatoday.in/fact-check/story/fact-check-a-video-of-an-illegal-moving-bar-is-being-shared-as-a-new-project-by-the-kerala-government-1223679-2025-06-03,കേരള സർക്കാർ
മുസ്ലീം വിദ്യാര്‍ഥികള്‍ക്ക് മാത്രമായി കേരള സര്‍ക്കാര്‍ ബീഗം ഹസ്രത്ത് മഹല്‍ സ്‌കോളര്‍ഷിപ്പ് ഏര്‍പ്പെടുത്തി.,ml,0,India Today Malayalam,https://malayalam.indiatoday.in/fact-check/story/fact-check-the-bigam-hazrat-mahal-scholarship-was-instituted-by-the-central-government-not-the-kerala-gov-1117963-2024-11-09,കേരള സർക്കാർ
സാമ്പത്തിക പ്രതിസന്ധി മറികടക്കാൻ ₹ 10 ലക്ഷത്തിൻ മുകളിൽ നിർമ്മാണ ചിലവുള്ള വീടുകൾക്ക് സെസ്സ് ഏർപ്പെടുത്തി.,ml,1,Newschecker,https://newschecker.in/ml/fact-check-ml/house-cess-claim-false,കേരള സർക്കാർ
Fact Check: ഓട്ടോറിക്ഷയുടെ പെര്‍മിറ്റ് പുതുക്കാന്‍ കേരളസര്‍ക്കാര്‍ ഫീ വര്‍ധിപ്പിച്ചോ? വാസ്തവമറിയാം,ml,1,Samayam Malayalam,https://malayalam.samayam.com/latest-news/kerala-news/auto-rickshaws-permit-renewal-fee-hike-kerala-government-fact-check-2024/articleshow/109056145.cms,കേരള സർക്കാർ
കേരള സര്‍ക്കാര്‍ മുസ്‌ലിം അധ്യാപികമാര്‍ക്ക് മാത്രം 15000 രൂപ പ്രസവാനുകൂല്യം നൽകുന്നു,ml,1,Manorama Online,https://www.manoramaonline.com/fact-check/viral/2024/04/27/kerala-govt-giving-maternity-grant-to-muslim-teachers-is-fake-fact-check.html,കേരള സർക്കാർ
Fact Check: കേരള സര്‍ക്കാര്‍ മുസ്ലിം അധ്യാപികമാര്‍ക്ക് പ്രസവത്തിന് 15000 രൂപ സഹായം നല്‍കുന്നുണ്ടോ?വാസ്തവമറിയാം,ml,1,Samayam Malayalam,https://malayalam.samayam.com/latest-news/kerala-news/maternity-benefit-15000-rupees-kerala-government-provides-muslim-teachers-viral-post-fact-check/articleshow/109471067.cms,കേരള സർക്കാർ
കേരള സർക്കാർ സംഘടിപ്പിക്കുന്ന നവ കേരള സദസിൽ ഒഴിഞ്ഞ കസേരകൾ.,ml,1,Newschecker,https://newschecker.in/ml/fact-check-ml/news-ml/empty-chair-video-old,കേരള സർക്കാർ
വശങ്ങളില്‍ മാത്രം ടാര്‍ ചെയ്തുകൊണ്ട് കേരള സര്‍ക്കാര്‍ നിര്‍മിച്ച ക്യൂബന്‍ മോഡല്‍ റോഡ്.,ml,1,India Today Malayalam,https://malayalam.indiatoday.in/fact-check/story/fact-check-cuben-model-road-in-kerala-the-circulating-image-is-from-bulgaria-714119-2023-11-20,കേരള സർക്കാർ
"മുസ്ലിം സമുദായത്തിൽനിന്നുള്ള വനിതാ അധ്യാപകർക്ക് പ്രസവത്തിനായി കേരളസർക്കാർ 15, 000 രൂപ വീതം രണ്ടുതവണ ധനസഹായം നൽകുന്നു.",ml,1,India Today Malayalam,https://malayalam.indiatoday.in/fact-check/story/fact-check-government-paying-rs-15000-maternity-allowance-muslim-teachers-281419-2021-06-08,കേരള സർക്കാർ
കേരളസര്‍ക്കാര്‍ റോഡില്‍ വണ്ടി കഴുകാനുള്ള സൗകര്യവും വര്‍ക് ഷോപ്പ് കാര്‍ക്ക് വര്‍ക്ക് കിട്ടാനുള്ള സൗകര്യവും ഒന്നിച്ചു പരീക്ഷിക്കുന്നു.,ml,1,India Today Malayalam,https://malayalam.indiatoday.in/fact-check/story/fact-check-these-scenes-vehicles-falling-potholes-road-are-not-kerala-321090-2021-12-08,കേരള സർക്കാർ
കേരള സര്‍ക്കാറിനു കീഴിലുള്ള പൊന്നാനി ICSR ല്‍ സംവരണ തത്വങ്ങള്‍ പാലിക്കാതെ മുസ്ലീംങ്ങള്‍ക്ക് 50% സീറ്റ് സംവരണം. മറ്റി വിഭാഗങ്ങള്‍ക്ക് സംവരണമില്ല.,ml,0,India Today Malayalam,https://malayalam.indiatoday.in/fact-check/story/fact-check-there-50-reservation-muslims-civil-service-academy-366450-2022-04-21,കേരള സർക്കാർ
ഹിന്ദിയെയും സംസ്‌കൃതത്തെയും പരിഗണിക്കാതെ കേരള സർക്കാർ അറബി ഭാഷയെ പ്രോത്സാഹിപ്പിക്കുന്നു.,ml,1,Newschecker,https://newschecker.in/ml/fact-check-ml/kerala-notpromoting-arabic,കേരള സർക്കാർ
കേന്ദ്ര സർക്കാർ പദ്ധതിയുടെ പേരുമാറ്റി കേരളസർക്കാർ അവതരിപ്പിച്ച പ്രോജക്ട് ആണ് കെ-ഫോൺ,ml,1,India Today Malayalam,https://malayalam.indiatoday.in/fact-check/story/fact-check-post-claims-kerala-renamed-bharat-net-create-kfon-here-are-facts-339741-2022-02-02,കേരള സർക്കാർ
പെട്രോളിന്റെയും ഡീസലിന്റെയും അധിക നികുതി ഒഴിവാക്കി കേരളസർക്കാർ സംസ്ഥാനത്ത് ജനകീയ തീരുമാനം കൈകൊണ്ടു.,ml,1,India Today Malayalam,https://malayalam.indiatoday.in/fact-check/story/fact-check-claim-kerala-government-has-reduced-fuel-tax-wrong-280574-2021-06-02,കേരള സർക്കാർ
"1996ന് ശേഷം നിര്‍മിച്ച 1000 സ്‌ക്വയര്‍ മീറ്ററിന് മുകളില്‍ വിസ്തീര്‍ണ്ണമുള്ള വീട്ടുടമകള്‍ 15,000 രൂപയും പലിശയും അടയ്ക്കാന്‍ കേരള സര്‍ക്കാര്‍ ഉത്തരവ്.",ml,1,India Today Malayalam,https://malayalam.indiatoday.in/fact-check/story/fact-check-has-government-been-ordered-collect-taxes-and-interest-houses-built-after-1996-431607-2022-08-03,കേരള സർക്കാർ
അംഗന്‍വാടി കുട്ടികള്‍ക്ക് മുട്ടയും പാലും നല്‍കുന്നതിനായി കേരള സര്‍ക്കാര്‍ ആരംഭിച്ച പോഷകബാല്യം പദ്ധതി യഥാര്‍ഥത്തില്‍ കേന്ദ്രസര്‍ക്കാര്‍ പദ്ധതിയായ അക്ഷയപാത്രയാണ്.,ml,1,India Today Malayalam,https://malayalam.indiatoday.in/fact-check/story/fact-check-poshaka-balyalm-scheme-launched-cm-pinarayi-vijayan-central-scheme-432012-2022-08-04,കേരള സർക്കാർ
കേരള സര്‍ക്കാര്‍ നടപ്പാക്കുന്ന ഡെച്ച് മാതൃക റൂം ഫോര്‍ റിവര്‍ പദ്ധതിയില്‍ നിന്നുള്ള ദൃശ്യങ്ങള്‍.,ml,1,India Today Malayalam,https://malayalam.indiatoday.in/fact-check/story/fact-check-scene-those-swimming-rain-water-kerala-314875-2021-11-17,കേരള സർക്കാർ
"കേരള സര്‍ക്കാര്‍ പെട്രോളിന് 2.41, ഡീസലിന് 1.36 രൂപ എന്നിങ്ങനെ ഇന്ധനവിലയില്‍ ഇളവ് നടപ്പിലാക്കി",ml,2,Fact Crescendo Malayalam,https://malayalam.factcrescendo.com/fact-behind-petrol-price-deduction-kerala/,കേരള സർക്കാർ
എല്ലാ മാസവും വൈദ്യുതി നിരക്ക് വര്‍ധിപ്പിക്കാനുള്ള തീരുമാനവുമായി കേരള സര്‍ക്കാര്‍.,ml,1,India Today Malayalam,https://malayalam.indiatoday.in/fact-check/story/fact-check-does-kerala-government-decided-increase-electricity-tariffs-every-month-440127-2022-08-26,കേരള സർക്കാർ
അല്ലാഹുവാണ് മഴ തരുന്നത് എന്ന് കേരളാ സിലബസ് പുസ്തകം.,ml,1,Newschecker,https://newschecker.in/ml/fact-check-ml/not-from-state-syllabus,കേരള സർക്കാർ
"മുസ്ലീം വിദ്യാര്‍ഥികള്‍ക്ക് ഉയര്‍ന്ന ലംപ്‌സം ഗ്രാന്റും, മുസ്ലീം സ്‌കൂളുകള്‍ക്ക് പ്രത്യേക സാമ്പത്തിക സഹായവും നല്‍കി കേരള സര്‍ക്കാര്‍.",ml,1,India Today Malayalam,https://malayalam.indiatoday.in/fact-check/story/fact-check-no-muslim-students-do-not-receive-lump-sum-grant-382820-2022-06-11,കേരള സർക്കാർ
ಕರ್ನಾಟಕ ಸರ್ಕಾರದ ಸ್ವರಕ್ಷಣೆ ತರಬೇತಿ ಮುಸ್ಲಿಂ ಹುಡುಗಿಯರಿಗೆ ಮಾತ್ರ ಸೀಮಿತವೇ?,kn,1,Vijaya Karnataka,https://vijaykarnataka.com/news/karnataka/self-defence-training-of-government-of-karnataka-only-for-muslim-girls-false-as-per-fact-check/articleshow/119203029.cms,ಕರ್ನಾಟಕ ಸರ್ಕಾರ
ಹಿಂದೂ ದೇವಾಲಯದ ಹಣವನ್ನು ಅಲ್ಪಸಂಖ್ಯಾತರ ಕಲ್ಯಾಣಕ್ಕೆ ನಿಯೋಜಿಸಿದೆಯಾ?,kn,1,Vijaya Karnataka,https://vijaykarnataka.com/news/karnataka/did-karnataka-government-using-hindu-temple-funds-to-minority-development-false-as-per-fact-check/articleshow/118474139.cms,ಕರ್ನಾಟಕ ಸರ್ಕಾರ
ಕರ್ನಾಟಕ ಸರ್ಕಾರ ನ್ಯಾಯಬೆಲೆ ಅಂಗಡಿಯಲ್ಲಿ ಗ್ರಾಹಕರಿಗೆ ಪ್ಲಾಸ್ಟಿಕ್ ಅಕ್ಕಿ ನೀಡುತ್ತಿದೆ ಎಂಬ ಸುದ್ದಿಯಲ್ಲಿ ಯಾವುದೇ ಸತ್ಯಾಂಶವಿಲ್ಲ,kn,1,telugupost,https://www.telugupost.com/kannada-factcheck/news-that-karnataka-government-is-providing-plastic-rice-in-ration-is-false-1549681,ಕರ್ನಾಟಕ ಸರ್ಕಾರ
ಕರ್ನಾಟಕ ಸರ್ಕಾರ ರಾಜ್ಯದ ಎಲ್ಲ ಶಾಲೆಗಳಲ್ಲಿ ಕುರಾನ್‌ ಬೋಧನೆ ಕಡ್ಡಾಯಗೊಳಿಸಿದೆ,kn,1,Newschecker,https://newschecker.in/kn/fact-check-kn/has-the-karnataka-government-made-quran-teaching-compulsory-in-all-schools-in-the-state,ಕರ್ನಾಟಕ ಸರ್ಕಾರ
Congress-led Karnataka government has announced a subsidy scheme for the uplift of Muslims exclusively,kn,1,telugupost,https://www.telugupost.com/kannada-factcheck/karnataka-governments-swavalambi-sarathi-scheme-is-not-only-for-muslims-1494410,ಕರ್ನಾಟಕ ಸರ್ಕಾರ
ಕೋವಿಡ್ ಲಸಿಕೆ ಪಡೆದ ವ್ಯಕ್ತಿ ಮತ್ತು ಇತರರ ಶ್ವಾಸಕೋಶವನ್ನು ಪ್ರತಿನಿಧಿಸುವ ಸಿಟಿ ಸ್ಕ್ಯಾನ್ ವರದಿಗಳು.,kn,1,FACTLY,https://factly.in/kannada-this-ct-scan-report-does-not-represent-the-lungs-of-a-covid-19-vaccinated-person/,ಕೊರೊನಾ ಲಸಿಕೆ
ಮೋದಿ ಸರ್ಕಾರ ರಚನೆಯಾಗಿದ್ದಕ್ಕೆ ಜನರಿಗೆ ಬಿಜೆಪಿ ಉಚಿತ ರೀಚಾರ್ಜ್‌ ಆಫರ್‌ ಕೊಡ್ತಾ? ಇಲ್ಲಿದೆ ಸತ್ಯಾಂಶ,kn,1,Vijaya Karnataka,https://vijaykarnataka.com/news/india/fact-check-pm-modi-not-giving-free-recharge-to-mark-formation-of-bjp-govt/articleshow/110911550.cms,ಮೋದಿ ಸರ್ಕಾರ
ಕಾಶ್ಮೀರ ವಿಷಯದಲ್ಲಿ ಚೀನಾವನ್ನು ಸೇರಿಸಲು ಪ್ರಸ್ತಾಪಿಸಿದ UNMOGIP ರಾಜತಾಂತ್ರಿಕರ ವೀಸಾಗಳನ್ನು ಮೋದಿ ಸರ್ಕಾರ ರದ್ದುಗೊಳಿಸಿದೆ.,kn,1,FACTLY,https://factly.in/kannada-no-truth-in-rumours-of-modi-cancelling-visas-of-unmogip-officials/,ಮೋದಿ ಸರ್ಕಾರ
વૈષ્ણવદેવી સર્કલ..અમદાવાદ # વાહ ગુજરાત સરકાર વાહ,gu,1,Newschecker,https://newschecker.in/gu/fact-checks-gu/ukraine-bridge-images-viral-as-vaishno-devi-over-bridge,ગુજરાત સરકાર
अमिताभ बच्चन यांनी कोरोना लस टोचून घेतली.,mr,1,Newschecker,https://newschecker.in/mr/coronavirus-mr/the-photo-of-amitabh-bachchan-injecting-corona-vaccine-is-fake,कोरोना लस
ਕੇਬੀਸੀ ਵਿੱਚ ਪੰਜਾਬ ਸਰਕਾਰ ਦੇ ਕੰਮਾਂ ਦੀ ਚਰਚਾ ਹੋਈ ਹੈ।,pa,1,vishvasnews.com,https://www.vishvasnews.com/punjabi/ai-check/fact-check-video-claiming-to-discuss-cm-bhagwant-mann-government-on-kbc-is-a-deepfake/,ਪੰਜਾਬ ਸਰਕਾਰ
ਪੰਜਾਬ ਸਰਕਾਰ ਨੇ 1 ਜੂਨ ਤੋਂ ਔਰਤਾਂ ਦਾ ਬੱਸਾਂ ਦਾ ਮੁਫਤ ਸਫ਼ਰ ਬੰਦ ਕਰਨ ਦਾ ਐਲਾਨ ਕੀਤਾ ਹੈ।,pa,1,Newschecker,https://newschecker.in/pa/fact-check-pa/punjab-buses-discontinue,ਪੰਜਾਬ ਸਰਕਾਰ
ਭਗਵੰਤ ਮਾਨ ਵਲੋਂ 1 ਜੂਨ ਤੋਂ ਔਰਤਾਂ ਦਾ ਬੱਸਾਂ ਦਾ ਮੁਫ਼ਤ ਸਫ਼ਰ ਬੰਦ ਕਰਨ ਐਲਾਨ।,pa,1,vishvasnews.com,https://www.vishvasnews.com/punjabi/viral/fact-check-punjab-government-has-not-stopped-the-free-bus-service-for-women-the-viral-claim-is-fake/,ਪੰਜਾਬ ਸਰਕਾਰ
ਪੰਜਾਬ ਸਰਕਾਰ ਵਿੱਚ ਮੰਤ੍ਰੀ ਪਦ ਤੋਂ ਬਰਖ਼ਾਸਤ ਹੋਏ ਸਿੱਧੂ,pa,1,vishvasnews.com,https://www.vishvasnews.com/punjabi/viral/fact-check-navjot-singh-sidhu-has-not-been-sacked-from-punjab-goverment/,ਪੰਜਾਬ ਸਰਕਾਰ
"ਪੰਜਾਬ ਸਰਕਾਰ ਨੇ ਰਾਤ 12 ਵਜੇ ਤੋਂ ਪੈਟਰੋਲ 4 ਰੁਪਏ ਤੇ ਡੀਜ਼ਲ 5 ਰੁ. ਲੀਟਰ ਸਸਤਾ ਮਿਲੇਗਾ, ਸਰਕਾਰ ਨੇ ਵੈਟ ‘ਚ ਕੀਤੀ ਕਟੌਤੀ",pa,0,vishvasnews.com,https://www.vishvasnews.com/punjabi/viral/fact-check-viral-claim-about-reduction-in-fuel-prices-in-punjab-is-misleading/,ਪੰਜਾਬ ਸਰਕਾਰ
ਪੰਜਾਬ ਦੇ ਫਰੀਦਕੋਟ ਦੇ ਹਸਪਤਾਲ ਵਿੱਚ ਵੈਂਟੀਲੇਟਰਸ ਦਾ ਇਸਤੇਮਾਲ ਨਹੀਂ ਕਰ ਰਹੀ ਪੰਜਾਬ ਸਰਕਾਰ,pa,0,vishvasnews.com,https://www.vishvasnews.com/punjabi/society/fact-check-an-image-of-the-ventilators-at-guru-gobind-singh-medical-college-and-hospital-in-faridkot-is-being-shared-with-misleading-claim/,ਪੰਜਾਬ ਸਰਕਾਰ
ਸੋਸ਼ਲ ਮੀਡੀਆ 'ਤੇ ਇਕ ਪੋਸਟ ਵਾਇਰਲ ਹੋ ਰਹੀ ਹੈ ਜਿਸ ਮੁਤਾਬਕ ਪੰਜਾਬ ਸਰਕਾਰ ਨੇ ਫ਼ੈਸਲਾ ਲਿਆ ਹੈ ਕਿ ਕੋਰੋਨਾ ਦੇ ਵੱਧ ਰਹੇ ਕੇਸਾਂ ਕਾਰਨ ਸਕੂਲਾਂ ਨੂੰ ਮੁੜ ਤੋਂ ਬੰਦ ਕਰਨ ਦਾ ਫ਼ੈਸਲਾ ਲਿਆ ਗਿਆ ਹੈ।,pa,2,Newschecker,https://newschecker.in/pa/coronavirus-pa/punjab-schools-closed-corona,ਪੰਜਾਬ ਸਰਕਾਰ
ਪੰਜਾਬ ਸਰਕਾਰ ਨੇ 1 ਜੂਨ ਤੋਂ ਔਰਤਾਂ ਦਾ ਬੱਸਾਂ ਦਾ ਮੁਫਤ ਸਫ਼ਰ ਬੰਦ ਕਰਨ ਦਾ ਕੀਤਾ ਐਲਾਨ,pa,1,Newschecker,https://newschecker.in/pa/fact-check-pa/punjab-1-june-women-bus-travel,ਪੰਜਾਬ ਸਰਕਾਰ
ਪੰਜਾਬ ਸਰਕਾਰ ਨੇ 1 ਮਾਰਚ ਤੋਂ ਸਕੂਲ ਬੰਦ ਕਰਨ ਦਾ ਫ਼ੈਸਲਾ ਲਿਆ ਹੈ।,pa,1,Newschecker,https://newschecker.in/pa/fact-check-pa/punjab-school-closed-1-march-punjab,ਪੰਜਾਬ ਸਰਕਾਰ
ਆਮ ਆਦਮੀ ਪਾਰਟੀ ਦੀ ਸਰਕਾਰ ਦੁਆਰਾ ਸਿਹਤ ਅਧਿਕਾਰੀਆਂ ਨੂੰ ਦਿੱਤੀਆਂ ਜਾਣ ਵਾਲੀਆਂ 96 ਲਗਜ਼ਰੀ ਗੱਡੀਆਂ,pa,1,Newschecker,https://newschecker.in/pa/politics-pa/aap-luxury-cars-cambodia-video,ਪੰਜਾਬ ਸਰਕਾਰ
ਸੋਸ਼ਲ ਮੀਡੀਆ ਤੇ ਇਕ ਪੋਸਟ ਵਾਇਰਲ ਹੋ ਰਹੀ ਹੈ ਜਿਸ ਮੁਤਾਬਕ ਕੋਰੋਨਾ ਵਾਇਰਸ ਦੇ ਚਲਦਿਆਂ ਪੰਜਾਬ ਸਰਕਾਰ ਦੁਆਰਾ ਨਵੇਂ ਦਿਸ਼ਾ ਨਿਰਦੇਸ਼ ਜਾਰੀ ਕੀਤੇ ਗਏ ਹਨ। ਵਾਇਰਲ ਹੋ ਰਹੀ ਪੋਸਟ ਵਿੱਚ ਮੀਡੀਆ ਏਜੰਸੀ ਜਗ ਬਾਣੀ ਦਾ ਲੋਗੋ ਲੱਗਿਆ ਹੋਇਆ ਹੈ।,pa,2,Newschecker,https://newschecker.in/pa/coronavirus-pa/corona-virus-punjab-guidelines,ਪੰਜਾਬ ਸਰਕਾਰ
ਕੋਰੋਨਾ ਦਾ ਟੀਕਾ ਲਗਵਾਉਣ ਦਾ ਦਿਖਾਵਾ ਕਰ ਰਹੇ ਹਨ ਬੀਜੇਪੀ ਦੇ ਨੇਤਾ,pa,2,Newschecker,https://newschecker.in/pa/fact-check-pa/fact-check-pa/people-pretending-covid-vaccination-are-not-bjp-leaders-misleading-video-viral,ਕੋਰੋਨਾ ਟੀਕਾ
ਕਿਸਾਨ ਅੰਦੋਲਨ ਵਿੱਚ ਦਾਨ ਦੇ ਹਿੱਸੇ ਨੂੰ ਲੈ ਕੇ ਦੋ ਨੇਤਾ ਮੀਟਿੰਗ ਦੌਰਾਨ ਸਿੰਘੁ ਬਾਰਡਰ ਤੇ ਭਿੜ ਗਏ।,pa,1,Newschecker,https://newschecker.in/pa/fact-check-pa/farmers-fight-money-singhu,ਕਿਸਾਨ ਅੰਦੋਲਨ
"ਇਹ ਕਿਸਾਨ ਅੰਦੋਲਨ ਦੌਰਾਨ ਦੀ ਤਸਵੀਰ ਹੈ, ਜਿੱਥੇ ਕਿਸਾਨਾਂ ਦੇ ਬਰਤਨ ਵਿੱਚ ਪੁਲਿਸ ਦੀ ਗੋਲੀ ਲੱਗ ਗਈ ਹੈ।",pa,0,vishvasnews.com,https://www.vishvasnews.com/punjabi/viral/fact-check-the-picture-of-the-bullet-stuck-in-the-pot-is-going-viral-with-a-misleading-claim-by-linking-it-to-the-farmers-movement/,ਕਿਸਾਨ ਅੰਦੋਲਨ
ਕਿਸਾਨ ਅੰਦੋਲਨ ਦਰਮਿਆਨ ਮਹਿੰਦਰ ਸਿੰਘ ਧੋਨੀ ਗੁਰਦੁਆਰਾ ਸਾਹਿਬ ਪਹੁੰਚੇ,pa,1,Newschecker,https://newschecker.in/pa/fact-check-pa/dhoni-gurudwara-farmer-protest,ਕਿਸਾਨ ਅੰਦੋਲਨ
ਕਿਸਾਨ ਅੰਦੋਲਨ ਵਿੱਚ ਤਲਵਾਰ ਲੈ ਕੇ ਖੜ੍ਹੇ ਵਿਅਕਤੀ ਦੀ ਤਸਵੀਰ।,pa,0,vishvasnews.com,https://www.vishvasnews.com/punjabi/viral/fact-check-the-picture-of-a-man-standing-on-police-barricades-with-a-sword-is-not-of-the-recent-farmers-movement-the-viral-claim-is-misleading/,ਕਿਸਾਨ ਅੰਦੋਲਨ
ਕਿਸਾਨ ਅੰਦੋਲਨ ਲਈ ਲਿਆਂਦੇ ਗਏ ਮੋਡੀਫਾਈਡ ਟਰੈਕਟਰ ਦੀ ਤਸਵੀਰ।,pa,0,vishvasnews.com,https://www.vishvasnews.com/punjabi/viral/fact-check-this-image-of-a-viral-modified-tractor-in-the-name-of-kisan-andolan-is-not-real-it-is-ai-created/,ਕਿਸਾਨ ਅੰਦੋਲਨ
ਬੈਰੀਕੇਡ ਪਟਦੇ ਕਿਸਾਨਾਂ ਦੀ ਵੀਡੀਓ,pa,2,Newschecker,https://newschecker.in/pa/fact-check-pa/barricades-farmer-protest-video,ਕਿਸਾਨ ਅੰਦੋਲਨ
ਸੁਖਬੀਰ ਸਿੰਘ ਬਾਦਲ ਨੇ ਬਿਆਨ ਦਿੰਦਿਆਂ ਕਿਹਾ ਹੈ ਕਿ ਇਹ ਅੰਦੋਲਨ ਅਕਾਲੀ ਦਲ ਦੀ ਪੰਜਾਬ ਬਚਾਓ ਯਾਤਰਾ ਨੂੰ ਨਾਕਾਮ ਕਰਨ ਲਈ ਖੜਾ ਕੀਤਾ ਗਿਆ ਹੈ।,pa,1,Newschecker,https://newschecker.in/pa/fact-check-pa/sukhbir-badal-farmer-protest,ਕਿਸਾਨ ਅੰਦੋਲਨ
ਕਿਸਾਨ ਵਿਰੋਧ ਦੀ ਅਸਲ ਤਸਵੀਰ,pa,1,vishvasnews.com,https://www.vishvasnews.com/punjabi/viral/fact-check-the-picture-being-circulated-in-connection-with-kisan-andolan-is-ai-created/,ਕਿਸਾਨ ਅੰਦੋਲਨ
WWE ਦੇ ਪਹਿਲਵਾਨ ਖਲੀ ਨੇ ਵੀ ਖੁੱਲ੍ਹ ਕੇ ਕਿਸਾਨਾਂ ਦਾ ਸਮਰਥਨ ਕੀਤਾ ਅਤੇ ਕਿਹਾ ਕਿ ਮੋਦੀ ਜੀ ਦਾ ਪਾਲਾ ਪੰਜਾਬੀਆਂ ਅਤੇ ਜਾਟਾਂ ਨਾਲ ਪਿਆ ਹੈ ਅਤੇ ਇਹ ਡਰ ਕੇ ਭੱਜਣ ਵਾਲੇ ਨਹੀਂ ਹੈ।,pa,0,vishvasnews.com,https://www.vishvasnews.com/punjabi/viral/fact-check-this-video-of-wrestler-khali-speaking-about-kisan-andolan-is-from-2021-not-recent/,ਕਿਸਾਨ ਅੰਦੋਲਨ
'ਪੰਜਾਬ ਬਚਾਓ ਯਾਤਰਾ' ਨੂੰ ਫੇਲ੍ਹ ਕਰਨ ਲਈ ਕਿਸਾਨ ਧਰਨਾ ਲਗਾ ਰਹੇ ਹਨ: ਸੁਖਬੀਰ ਬਾਦਲ।,pa,1,vishvasnews.com,https://www.vishvasnews.com/punjabi/viral/fact-check-fake-statement-in-the-name-of-sukhbir-singh-badal-regarding-kisan-andolan-viral/,ਕਿਸਾਨ ਅੰਦੋਲਨ
"ਇੱਕ ਸਿੱਖ ਕਿਸਾਨ ਨੇ ਚੇਤਾਵਨੀ ਦਿੱਤੀ, “ਜੇ ਭਾਰਤੀ ਫੌਜ ਵਿੱਚ ਸਾਡੇ ਸਿੱਖ ਲੜਕੇ ਵਿਦ੍ਰੋਹ ਕਰਦੇ ਹਨ ਅਤੇ ਕਿਸਾਨਾਂ ਵਿੱਚ ਸ਼ਾਮਲ ਹੋ ਜਾਂਦੇ ਹਨ। ਤਾਂ ਪਾਕਿਸਤਾਨ ਨੂੰ ਦਿੱਲੀ ਪਹੁੰਚਣ 'ਚ 10 ਮਿੰਟ ਵੀ ਨਹੀਂ ਲੱਗਣਗੇ!",pa,0,vishvasnews.com,https://www.vishvasnews.com/punjabi/viral/fact-check-this-video-of-the-person-making-the-provocative-statement-is-old-being-shared-in-connection-with-the-recent-kisan-movement/,ਕਿਸਾਨ ਅੰਦੋਲਨ
ਕਿਸਾਨ ਵਿਰੋਧ ਪ੍ਰਦਰਸ਼ਨ ਦੌਰਾਨ ਟਰੈਕਟਰ ਟਰਾਲੀ ਵਿੱਚ AC,pa,0,vishvasnews.com,https://www.vishvasnews.com/punjabi/viral/fact-check-the-picture-of-2021-is-being-circulated-in-the-name-of-ac-in-kisan-andolan/,ਕਿਸਾਨ ਅੰਦੋਲਨ
ਕਿਸਾਨਾਂ 'ਤੇ ਪੁਲਿਸ ਵਲੋਂ ਕੀਤੇ ਹਮਲਿਆਂ 'ਤੇ BJP ਲੀਡਰ ਤੇ ਸਾਬਕਾ CM ਕੈਪਟਨ ਅਮਰਿੰਦਰ ਨੇ ਤੋੜੀ ਚੁੱਪੀ।,pa,0,vishvasnews.com,https://www.vishvasnews.com/punjabi/viral/fact-check-this-viral-video-of-captain-amarinder-singh-speaking-about-the-kisan-andolan-is-almost-three-years-old/,ਕਿਸਾਨ ਅੰਦੋਲਨ
ਕਿਸਾਨ ਅੰਦੋਲਨ ਨੂੰ ਲੈ ਕੇ BJP ਲੀਡਰ ਤੇ ਸਾਬਕਾ CM ਕੈਪਟਨ ਅਮਰਿੰਦਰ ਸਿੰਘ ਨੇ ਤੋੜੀ ਚੁੱਪੀ,pa,2,Newschecker,https://newschecker.in/pa/fact-check-pa/captain-amarinder-farmer-protest,ਕਿਸਾਨ ਅੰਦੋਲਨ
ਬੱਬੂ ਮਾਨ ਨੇ 13 ਫ਼ਰਵਰੀ ਨੂੰ ਦਿੱਲੀ ਜਾਣ ਲਈ ਕੀਤੀ ਅਪੀਲ,pa,0,vishvasnews.com,https://www.vishvasnews.com/punjabi/viral/fact-check-punjabi-singer-babbu-maans-old-video-sharing-the-recent-kisan-andolan/,ਕਿਸਾਨ ਅੰਦੋਲਨ
ਦਿੱਲੀ ਪੁਲੀਸ ਦੇ 200 ਪੁਲਿਸਕਰਮੀਆਂ ਨੇ ਕਿਸਾਨ ਅੰਦੋਲਨ ਦੇ ਹੱਕ ਵਿਚ ਦਿੱਤਾ ਇਸਤੀਫ਼ਾ,pa,2,Newschecker,https://newschecker.in/pa/fact-check-pa/no-200-delhi-police-personnel-did-not-resigned-from-job-to-support-farmer-protests,ਕਿਸਾਨ ਅੰਦੋਲਨ
"भाजपा के अपने कार्यकर्ताओं को लिखे गए इस पत्र को गौर से पढिये.. किसी भी हद तक जाने के लिए अपने कार्यकर्ताओं को उकसाया जा रहा है , यही नहीं हिंसा तक करवाई जा सकती है किसान आंदोलन को बदनाम करने के लिए.. इस पत्र को इतना फैला दो कि भाजपा को पता चल जाये कि उसकी साज़िश का पूरी जनता को पता चल गया है और कुछ भी हुआ तो भाजपा बदनाम हो जाएगी..",pa,1,vishvasnews.com,https://www.vishvasnews.com/punjabi/politics/fact-check-a-fake-letter-being-shared-by-users-on-social-media-claiming-delhi-bjp-is-asking-party-workers-to-be-ready-for-any-possible-clash/,ਕਿਸਾਨ ਅੰਦੋਲਨ
ਰੋਂਦੇ ਹੋਏ ਪੁਲਿਸ ਕਰਮੀ ਦਾ ਵੀਡੀਓ ਮੌਜੂਦਾ ਕਿਸਾਨ ਅੰਦੋਲਨ ਦਾ ਹੈ,pa,2,Newschecker,https://newschecker.in/pa/fact-check-pa/video-of-ranchi-police-shared-in-context-to-police-crying-over-beating-farmers,ਕਿਸਾਨ ਅੰਦੋਲਨ
ਭਾਜਪਾ ਅਤੇ ਆਰਐਸਐਸ ਦੇ ਵਰਕਰਾਂ ਵੱਲੋਂ ਕਿਸਾਨ ਅੰਦੋਲਨ ਦੀ ਹਮਾਇਤ ਕਰਨ ਵਾਲੇ ਲੋਕਾਂ 'ਤੇ ਪੱਥਰਬਾਜ਼ੀ ਕੀਤੀ ਗਈ,pa,2,Newschecker,https://newschecker.in/pa/fact-check-pa/no-bjp-workers-did-not-pelted-stones-at-farmers-bengal-picture-viral,ਕਿਸਾਨ ਅੰਦੋਲਨ
ਰਿਤਿਕ ਰੌਸ਼ਨ ਨੇ ਦਿੱਲੀ ਵਿਚ ਚੱਲ ਰਹੇ ਕਿਸਾਨ ਅੰਦੋਲਨ ਦੀ ਉੱਥੇ ਪਹੁੰਚ ਕੇ ਹਮਾਇਤ ਕੀਤੀ ਹੈ।,pa,2,Newschecker,https://newschecker.in/pa/fact-check-pa/2018-pictures-of-hrithik-roshan-viral-as-roshan-supported-farmer-protests,ਕਿਸਾਨ ਅੰਦੋਲਨ
"ਪੋਸਟ ਨੂੰ ਸ਼ੇਅਰ ਕਰਕੇ ਦਾਅਵਾ ਕੀਤਾ ਜਾ ਰਿਹਾ ਹੈ ਕਿ ਦੋਵੇਂ ਤਸਵੀਰ ਵਿਚ ਦਿੱਸ ਰਹੇ ਵਿਅਕਤੀ ਕੈਪਟਨ PPS ਢਿੱਲੋਂ ਹਨ, ਜਿਹੜੇ ਕਿਸਾਨ ਅੰਦੋਲਨ ਅੰਦਰ ਜਖਮੀ ਹੋ ਗਏ ਹਨ।",pa,1,vishvasnews.com,https://www.vishvasnews.com/punjabi/politics/fact-check-no-this-injured-old-man-is-not-retired-captain-prithpal-singh-viral-post-is-fake/,ਕਿਸਾਨ ਅੰਦੋਲਨ
ਕਿਸਾਨ ਅੰਦੋਲਨ ਵਿੱਚ ਜਿੱਤ ਤੋਂ ਬਾਅਦ ਉੱਤਰ ਪ੍ਰਦੇਸ਼ ਵਿਖੇ ਬੀਜੇਪੀ ਲੀਡਰਾਂ ਦਾ ਇਸ ਤਰ੍ਹਾਂ ਸਵਾਗਤ ਕੀਤਾ ਗਿਆ।,pa,2,Newschecker,https://newschecker.in/pa/fact-check-pa/uttar-pradesh-bjp-leader-fight,ਕਿਸਾਨ ਅੰਦੋਲਨ
ਕਿਸਾਨ ਅੰਦੋਲਨ ਅਤੇ ਖਾਲਿਸਤਾਨ ਮੂਵਮੈਂਟ ਵਿੱਚ ਕੀ ਕੁਨੈਕਸ਼ਨ ਹੈ ਤੇ ਇਹ ਅੰਦੋਲਨ ਕਿੱਥੋਂ ਚੱਲ ਰਿਹਾ ਹੈ,pa,2,Newschecker,https://newschecker.in/pa/fact-check-pa/fact-check-pa/4-years-old-video-of-people-chanting-khalistan-and-anti-hindu-slogans-passed-off-in-context-to-farmer-protests,ਕਿਸਾਨ ਅੰਦੋਲਨ
ਸਟੀਲ ਦੇ ਟਾਇਰਾਂ ਵਾਲੇ ਟਰੈਕਟਰ ਦੀਆਂ ਇਹ ਤਸਵੀਰਾਂ ਮੌਜੂਦਾ ਕਿਸਾਨ ਅੰਦੋਲਨ ਦੀਆਂ ਹਨ,pa,2,Newschecker,https://newschecker.in/pa/fact-check-pa/pictures-of-steel-tyre-tractor,ਕਿਸਾਨ ਅੰਦੋਲਨ
ਦਾਅਵਾ ਕੀਤਾ ਜਾ ਰਿਹਾ ਹੈ ਕਿ ਇਹ ਤਸਵੀਰ ਹਰਿਆਣਾ ਦੇ ਜੀਂਦ ਦੀ ਹੈ ਜਿੱਥੇ ਵੱਡੀ ਗਿਣਤੀ 'ਚ ਕਿਸਾਨ ਅਤੇ ਨੌਜਵਾਨ ਕਿਸਾਨ ਆਰਡੀਨੈਂਸ ਬਿੱਲ ਦੇ ਖਿਲਾਫ ਪ੍ਰਦਰਸ਼ਨ ਕਰ ਰਹੇ ਹਨ,pa,2,Newschecker,https://newschecker.in/pa/fact-check-pa/photograph-of-rajasthan-sikar-farmers-rally-passed-as-from-haryana-jind-farmer-protest,ਕਿਸਾਨ ਅੰਦੋਲਨ
ਕਿਸਾਨ ਅੰਦੋਲਨ ਦੌਰਾਨ ਭਾਰਤ ਦੇ ਵਿਰੁੱਧ ਅਤੇ ਖਾਲਿਸਤਾਨ ਦੇ ਹੱਕ ਵਿੱਚ ਨਾਅਰੇ ਲੱਗ ਰਹੇ ਹਨ,pa,1,Newschecker,https://newschecker.in/pa/fact-check-pa/old-video-of-people-raising-anti-india-slogans-goes-viral-in-context-to-farmer-protests,ਕਿਸਾਨ ਅੰਦੋਲਨ
ਤਸਵੀਰ ਹਰਿਆਣਾ ਦੇ ਜੀਂਦ ਦੀ ਹੈ ਜਿੱਥੇ ਹਾਲ ਹੀ ਦੇ ਵਿੱਚ ਵੱਡੀ ਗਿਣਤੀ 'ਚ ਕਿਸਾਨਾਂ ਨੇ ਕਿਸਾਨ ਆਰਡੀਨੈਂਸ ਬਿੱਲ ਦੇ ਖਿਲਾਫ ਪ੍ਰਦਰਸ਼ਨ ਕੀਤਾ,pa,2,Newschecker,https://newschecker.in/pa/fact-check-pa/photograph-of-rajasthan-sikar-farmers-rally-passes-as-from-haryana-jind-farmer-protests,ਕਿਸਾਨ ਅੰਦੋਲਨ
ਕਿਸਾਨ ਅੰਦੋਲਨ ਵਿੱਚ ਕਿਸਾਨਾਂ ਦਾ ਸਾਥ ਨਾ ਦੇਣ ਕਰਕੇ ਅਜੇ ਦੇਵਗਨ ਦੇ ਨਾਲ ਦਿੱਲੀ ਵਿਖੇ ਕੁੱਟਮਾਰ ਕੀਤੀ ਗਈ।,pa,2,Newschecker,https://newschecker.in/pa/fact-check-pa/ajay-devgan-fight-beaten,ਕਿਸਾਨ ਅੰਦੋਲਨ
ਤਸਵੀਰ ਕਿਸਾਨ ਅੰਦੋਲਨ ਦੀ ਹੈ ਜਿੱਥੇ ਇਹ ਬੱਚੀ ਸੇਵਾ ਕਰ ਰਹੀ ਹੈ,pa,2,Newschecker,https://newschecker.in/pa/fact-check-pa/fact-check-photo-of-small-girl-is-not-from-farmer-protest,ਕਿਸਾਨ ਅੰਦੋਲਨ
ਕਿਸਾਨ ਅੰਦੋਲਨ ਦੇ ਦੌਰਾਨ ਵੰਡੀ ਗਈ ਸ਼ਰਾਬ,pa,1,Newschecker,https://newschecker.in/pa/fact-check-pa/no-liquor-was-not-distributed-in-farmer-protests-fake-claim-viral,ਕਿਸਾਨ ਅੰਦੋਲਨ
"ਸੋਸ਼ਲ ਮੀਡੀਆ ਤੇ ਇਕ ਬੈਨਰ ਦੀ ਤਸਵੀਰ ਵਾਇਰਲ ਹੋ ਰਹੀ ਹੈ ਜਿਸ ਉੱਤੇ ਲਿਖਿਆ ਹੈ,"" ਨਾ ਮੋਦੀ , ਨਾ ਯੋਗੀ , ਨਾ ਜੈ ਸ੍ਰੀਰਾਮ। ਦੇਸ਼ ਨੂੰ ਚਲਾਏਗਾ ਮਜ਼ਦੂਰ ਅਤੇ ਕਿਸਾਨ""। ਤਸਵੀਰ ਨੂੰ ਕਿਸਾਨ ਅੰਦੋਲਨ ਨਾਲ ਜੋੜਕੇ ਸ਼ੇਅਰ ਕੀਤਾ ਜਾ ਰਿਹਾ ਹੈ",pa,1,Newschecker,https://newschecker.in/pa/fact-check-pa/banner-of-year-2018-shared-in-context-of-farmer-protests,ਕਿਸਾਨ ਅੰਦੋਲਨ
ਦਾਅਵਾ ਕੀਤਾ ਜਾ ਰਿਹਾ ਹੈ ਕਿ ਹਰਿਆਣਾ ਪੁਲੀਸ ਨੇ ਕਿਸਾਨਾਂ ਤੇ ਅੱਤਿਆਚਾਰ ਕੀਤਾ,pa,2,Newschecker,https://newschecker.in/pa/fact-check-pa/2018-pictures-of-farmer-protest-gone-viral-in-context-of-on-going-farmer-protests-in-haryana,ਕਿਸਾਨ ਅੰਦੋਲਨ
ਕਿਸਾਨ ਅੰਦੋਲਨ ਵਿਚ ਪ੍ਰਦਰਸ਼ਨਕਾਰੀਆਂ ਨੇ ਭਾਰਤੀ ਤਿਰੰਗੇ ਦਾ ਕੀਤਾ ਅਪਮਾਨ,pa,1,Newschecker,https://newschecker.in/pa/fact-check-pa/old-images-of-disrespecting-indian-flag-viral-in-context-to-farm-bill-protests,ਕਿਸਾਨ ਅੰਦੋਲਨ
ਕਿਸਾਨ ਅੰਦੋਲਨ ਵਿੱਚ ਇੱਕ ਹੋਰ ਕਿਸਾਨ ਨੇ ਗਵਾਈ ਜਾਨ,pa,1,Newschecker,https://newschecker.in/pa/fact-check-pa/farmer-died-in-bathinda-thermal-plant-shared-in-context-to-farmer-protest,ਕਿਸਾਨ ਅੰਦੋਲਨ
"ਕ੍ਰਿਕੇਟਰ ਕਪਿਲ ਦੇਵ ਨੇ ਨਹੀਂ ਕੀਤਾ ਕਿਸਾਨ ਅੰਦੋਲਨ ਦਾ ਸਮਰਥਨ, ਵਾਇਰਲ ਦਾਅਵਾ ਫਰਜ਼ੀ",pa,1,Newschecker,https://newschecker.in/pa/fact-check-pa/kapil-dev-did-not-made-statement,ਕਿਸਾਨ ਅੰਦੋਲਨ
ਪੰਜਾਬ ਤੋਂ 2 ਹਜ਼ਾਰ ਘੋੜੀ ਦੇ ਨਾਲ 20 ਹਜਾਰ ਨਿਹੰਗ ਸਿੰਘ ਕਿਸਾਨਾਂ ਦੇ ਸਮਰਥਨ ਵਿੱਚ ਦਿੱਲੀ ਰਵਾਨਾ,pa,1,Newschecker,https://newschecker.in/pa/fact-check-pa/old-video-of-nihang-sikhs-in-delhi-fateh-diwas-viral-in-context-to-farmer-protests,ਕਿਸਾਨ ਅੰਦੋਲਨ
ਕਿਸਾਨ ਅੰਦੋਲਨ ਦੇ ਵਿਚ ਫੜੇ ਗਏ ਵਿਅਕਤੀ ਨੇ ਵੰਡੇ ਖਾਲਿਸਤਾਨ ਦੇ ਪਰਚੇ,pa,2,Newschecker,https://newschecker.in/pa/fact-check-pa/person-arrested-at-singhu-border-distributed-khalistan-pamphlets-fact-check,ਕਿਸਾਨ ਅੰਦੋਲਨ
ਤਸਵੀਰ ਦੁਨੀਆ ਦੇ ਸਭ ਤੋਂ ਵੱਡੇ ਅੰਦੋਲਨ ਦੀ ਹੈ ਜੋ ਦਿੱਲੀ ਬਾਰਡਰ ਉੱਤੇ ਚੱਲ ਰਿਹਾ ਹੈ,pa,1,Newschecker,https://newschecker.in/pa/uncategorized-pa/kumbh-mela-picture-passed-off-on-social-media-in-context-with-ongoing-farmer-protest,ਕਿਸਾਨ ਅੰਦੋਲਨ
ਵੀਡੀਓ ਸਿੰਘ ਬਾਰਡਰ ਦੀ ਹੈ ਜਿਥੇ ਕਿਸਾਨ ਆਰਡੀਨੈਂਸ ਬਿੱਲ ਦੇ ਖ਼ਿਲਾਫ਼ ਚੱਲ ਰਹੇ ਅੰਦੋਲਨ ਦੇ ਵਿਚ ਸ਼ਾਮਿਲ ਇਕ ਕਿਸਾਨ ਦੀ ਇਸ ਤਰ੍ਹਾਂ ਮੌਤ ਹੋ ਗਈ,pa,1,Newschecker,https://newschecker.in/pa/fact-check-pa/fact-check-video-of-protester-fainted-at-singhu-border-shared-with-misleading-claim,ਕਿਸਾਨ ਅੰਦੋਲਨ
ਦਿੱਲੀ ਦੇ ਵਿੱਚ ਚੱਲ ਰਹੇ ਕਿਸਾਨ ਅੰਦੋਲਨ ਵਿੱਚ ਕੁਝ ਵਿਅਕਤੀਆਂ ਦੇ ਹੱਥ ਵਿਚ ਪੋਸਟਰ ਫੜਿਆ ਹੈ ਜਿਸ ਉੱਤੇ ਲਿਖਿਆ ਹੋਇਆ ਹੈ ਆਰਟੀਕਲ 370 ਅਤੇ ਆਰਟੀਕਲ 35 A ਨੂੰ ਬਹਾਲ ਕਰੋ।,pa,1,Newschecker,https://newschecker.in/pa/fact-check-pa/2019-picture-of-protest-against-article-370-passed-off-in-context-with-farmer-protest,ਕਿਸਾਨ ਅੰਦੋਲਨ
ਸੋਸ਼ਲ ਮੀਡੀਆ ਤੇ ਇਕ ਬਜ਼ੁਰਗ ਔਰਤ ਦੀ ਤਸਵੀਰ ਵਾਇਰਲ ਹੋ ਰਹੀ ਹੈ ਜਿਸ ਨਾਲ ਦਾਅਵਾ ਕੀਤਾ ਜਾ ਰਿਹਾ ਹੈ ਕਿ ਇਹ ਬਜ਼ੁਰਗ ਔਰਤ 'ਬਿਲਕਿਸ ਬਾਨੋ' ਹਨ ਜੋ ਕਿ ਸਾਲ 2019 ਵਿੱਚ ਨਾਗਰਿਕਤਾ ਸੰਸ਼ੋਧਨ ਕਾਨੂੰਨ ਦੇ ਖ਼ਿਲਾਫ਼ ਲਗਾਏ ਗਏ ਸ਼ਾਹੀਨ ਬਾਗ ਧਰਨੇ ਦਾ ਮੁੱਖ ਕੇਂਦਰ ਰਹੇ ਹਨ,pa,1,Newschecker,https://newschecker.in/pa/fact-check-pa/no-she-is-not-bilkis-bano-dadi-in-farmers-protest-kangana-ranaut-spread-fake-news,ਕਿਸਾਨ ਅੰਦੋਲਨ
ਛੱਤੀਸਗੜ੍ਹ ਵਿੱਚ ਕਿਸਾਨਾਂ ਨੇ ਕੀਤਾ ਭਾਰਤੀ ਝੰਡੇ ਦਾ ਅਪਮਾਨ,pa,0,vishvasnews.com,https://www.vishvasnews.com/punjabi/society/fact-check-video-of-khalistan-supporters-disrespecting-indian-flag-is-from-the-un-not-from-india/,ਕਿਸਾਨ ਅੰਦੋਲਨ
ਸ਼ਾਹੀਨ ਬਾਗ ਵਿੱਚ ਪ੍ਰਦਰਸ਼ਨ ਕਰਨ ਵਾਲੀਆਂ ਮੁਸਲਿਮ ਔਰਤਾਂ ਕਿਸਾਨ ਅੰਦੋਲਨ ਵਿੱਚ ਪਹੁੰਚੀਆਂ,pa,1,Newschecker,https://newschecker.in/pa/fact-check-pa/viral-picture-of-muslim-women-protesters-viral-in-context-shaheen-bagh,ਕਿਸਾਨ ਅੰਦੋਲਨ
ਪ੍ਰਦਰਸ਼ਨਕਾਰੀ ਕਿਸਾਨ ਅੰਦੋਲਨ ਵਿੱਚ ਖ਼ਾਲਿਸਤਾਨ ਦੇ ਨਾਅਰੇ ਲਗਾ ਰਹੇ ਹਨ,pa,2,Newschecker,https://newschecker.in/pa/fact-check-pa/four-year-old-video-of-pro-khalistan-beas-rally-viral-in-context-to-farmer-protests,ਕਿਸਾਨ ਅੰਦੋਲਨ
"ਮੋਦੀ ਸਰਕਾਰ ਨੇ ਕੀਤਾ ਸੋਨੂੰ ਸੂਦ ਤੇ ਮੁਕੱਦਮਾ ,ਕਿਹਾ ਤੁਹਾਡੇ ਕੋਲ ਇੰਨੇ ਵੈਕਸੀਨ ਕਿੱਥੋਂ ਆਏ।",pa,0,vishvasnews.com,https://www.vishvasnews.com/punjabi/society/fact-check-modi-government-has-not-filed-any-case-against-sonu-sood/,ਮੋਦੀ ਸਰਕਾਰ
